NRO_RADICADO,NUMERO_EXPEDIENTE,FECHA_ACCIDENTE,ID_ZONA,GRAVEDAD,DESC_CLASE_ACCIDENTE,HORA_ACCIDENTE,AREA,SECTOR,ZONA,DISENO,ESTADO_TIEMPO,VIA_ACCID,POSIBLE_CAUSA
12483,A000000771,nov/04/2020 09:30 a. m.,14,d,Choque,nov/04/2020 09:30 a. m.,1,2,1,1,1,Calle 98 X Carrera 48,143
12484,A000000772,nov/04/2020 07:05 a. m.,18,h,Choque,nov/04/2020 07:05 a. m.,1,2,1,8,1,Calle 77 Sur X Carrera 49,157
12496,A000000761,oct/30/2020 02:30 p. m.,7,h,Caida Ocupante,oct/30/2020 02:30 p. m.,1,1,1,1,1,Calle 82 Sur X Carrera 55,157
12497,A000000569,sept/04/2020 10:10 a. m.,4,d,Choque,sept/04/2020 10:10 a. m.,1,2,1,1,1,Carrera 48 X Calle 100 Sur,121
12498,A000000598,sept/13/2020 07:00 p. m.,4,d,Choque,sept/13/2020 07:00 p. m.,1,2,1,1,1,Carrera 48 X Calle 100 Sur,121
12499,A000000769,nov/02/2020 02:30 p. m.,19,h,Caida Ocupante,nov/02/2020 02:30 p. m.,1,1,1,1,1,Calle 74 Sur X Carrera 62A,157
12500,A000000768,nov/01/2020 08:10 p. m.,10,d,Choque,nov/01/2020 08:10 p. m.,1,1,1,1,1,Calle 80 Sur X Carrera 58,114
12501,A000000767,nov/01/2020 10:00 p. m.,19,h,Atropello,nov/01/2020 10:00 p. m.,1,1,1,1,1,Calle 76 Sur X Carrera 60,118
12502,A000000766,oct/31/2020 10:40 a. m.,16,h,Caida Ocupante,oct/31/2020 10:40 a. m.,1,1,1,1,1,Calle 83D Sur X Carrera 56CC,157
12503,A000000765,oct/31/2020 03:20 p. m.,3,h,Caida Ocupante,oct/31/2020 03:20 p. m.,1,2,1,1,1,Carrera 50 X Calle 100 Sur,157
12524,A000000802,nov/16/2020 05:00 p. m.,3,h,Caida Ocupante,nov/16/2020 05:00 p. m.,1,2,1,1,1,Carrera 50 X Calle 79C,304
12559,A000000046,ene/23/2021 05:30 p. m.,18,h,Choque,ene/23/2021 05:30 p. m.,1,1,1,8,1,Calle 77 Sur X Carrera 49,139
12560,A000000047,ene/23/2021 09:40 a. m.,20,h,Choque,ene/23/2021 09:40 a. m.,1,1,1,2,1,Carrera 63 X Calle 80 Sur,112
12561,A000000049,ene/24/2021 04:00 p. m.,14,d,Choque,ene/24/2021 04:00 p. m.,1,1,1,1,1,Carrera 50 X Calle 88A Sur,121
12604,A000000050,ene/24/2021 06:00 a. m.,10,d,Choque,ene/24/2021 06:00 a. m.,1,1,1,1,2,Calle 80 Sur X Carrera 55,304
12606,A000000051,ene/24/2021 10:10 a. m.,3,d,Choque,ene/24/2021 10:10 a. m.,1,2,1,1,1,Carrera 50 X Calle 79 Sur,112
12630,A000000055,ene/16/2021 06:40 p. m.,3,d,Choque,ene/16/2021 06:40 p. m.,1,3,1,1,1,Carrera 50 X Calle 88A Sur,157
12631,A000000056,ene/27/2021 02:25 p. m.,14,h,Choque,ene/27/2021 02:25 p. m.,1,1,1,1,1,Carrera 56C X Calle 83DD Sur,139
12633,A000000057,ene/27/2021 01:50 a. m.,24,d,Choque,ene/27/2021 01:50 a. m.,1,1,1,2,1,Calle 87 Sur X Carrera 65B,139
12634,A000000058,ene/23/2021 12:20 a. m.,4,d,Choque,ene/23/2021 12:20 a. m.,1,1,1,1,2,Calle 100 X Carrera 96,138
12650,A000000690,oct/18/2020 04:30 a. m.,5,h,Atropello,oct/18/2020 04:30 a. m.,1,1,1,1,1,Calle 91 Sur X Carrera 55,121
12651,A000000691,oct/10/2020 03:40 p. m.,14,d,Choque,oct/10/2020 03:40 p. m.,1,3,1,1,1,Carrera 50 X Calle 88A Sur,121
12652,A000000692,oct/17/2020 07:00 a. m.,2,h,Caida Ocupante,oct/17/2020 07:00 a. m.,1,1,1,1,1,Calle 100 Sur X Carrera 48,303
12653,A000000693,oct/17/2020 03:45 p. m.,20,d,Choque,oct/17/2020 03:45 p. m.,1,1,1,1,1,Calle 80 Sur X Carrera 52,121
12654,A000000694,oct/17/2020 06:55 p. m.,26,h,Caida Ocupante,oct/17/2020 06:55 p. m.,1,1,1,1,1,Calle 77 Sur X Carrera 50,157
12655,A000000695,oct/18/2020 01:30 p. m.,4,d,Choque,oct/18/2020 01:30 p. m.,1,2,1,1,1,Carrera 48 X Calle 100 Sur,121
12656,A000000696,oct/09/2020 05:40 p. m.,3,h,Caida Ocupante,oct/09/2020 05:40 p. m.,1,1,1,1,1,Carrera 50 X Calle 91 Sur,157
12657,A000000697,oct/11/2020 05:50 a. m.,3,h,Caida Ocupante,oct/11/2020 05:50 a. m.,1,1,1,1,1,Carrera 50 X Calle 96A Sur,157
12658,A000000698,oct/18/2020 02:00 p. m.,3,h,Caida Ocupante,oct/18/2020 02:00 p. m.,1,2,1,1,1,Carrera 50 X Calle 97 Sur,157
12659,A000000699,oct/18/2020 04:00 p. m.,3,h,Choque,oct/18/2020 04:00 p. m.,1,2,1,1,1,Carrera 50 X Calle 97B Sur,121
12660,A000000700,oct/18/2020 09:13 p. m.,7,h,Caida Ocupante,oct/18/2020 09:13 p. m.,1,1,1,1,1,Calle 82A Sur X Carrera 56,304
12661,A000000798,nov/14/2020 02:57 a. m.,4,d,Choque,nov/14/2020 02:57 a. m.,1,2,1,1,1,Carrera 48 X Calle 98A Sur,157
12662,A000000701,oct/18/2020 08:20 a. m.,4,h,Atropello,oct/18/2020 08:20 a. m.,1,3,1,10,1,Carrera 48 X Calle 100B Sur,139
12664,A000000702,oct/17/2020 12:50 p. m.,3,h,Caida Ocupante,oct/17/2020 12:50 p. m.,1,2,1,1,1,Carrera 50 X Calle 80 Sur,157
12665,A000000703,oct/19/2020 05:20 p. m.,3,h,Otro,oct/19/2020 05:20 p. m.,1,2,1,1,1,Carrera 50 X Calle 80 Sur,157
12667,A000000704,oct/19/2020 06:00 p. m.,3,d,Choque,oct/19/2020 06:00 p. m.,1,3,1,1,1,Carrera 50 X Calle 79 Sur,121
12668,A000000705,oct/19/2020 09:40 a. m.,19,h,Caida Ocupante,oct/19/2020 09:40 a. m.,1,1,1,1,1,Calle 75A Sur X Carrera 56,157
12669,A000000706,oct/20/2020 04:50 p. m.,24,d,Choque,oct/20/2020 04:50 p. m.,1,1,1,1,1,Calle 87 Sur X Carrera 62,157
12671,A000000707,oct/20/2020 08:40 a. m.,19,d,Choque,oct/20/2020 08:40 a. m.,1,1,1,1,1,Carrera 55 X Calle 79B Sur,121
12672,A000000708,oct/21/2020 11:40 a. m.,4,d,Choque,oct/21/2020 11:40 a. m.,1,2,1,1,1,Carrera 48 X Calle 100B Sur,121
12673,A000000709,oct/21/2020 05:40 a. m.,3,h,Choque,oct/21/2020 05:40 a. m.,1,2,1,1,1,Carrera 50 X Calle 83 Sur,112
12674,A000000710,oct/21/2020 01:45 p. m.,3,d,Choque,oct/21/2020 01:45 p. m.,1,2,1,1,1,Carrera 50 X Calle 79 Sur,157
12675,A000000711,oct/21/2020 10:20 p. m.,15,h,Choque,oct/21/2020 10:20 p. m.,1,1,1,1,1,Calle 75 Sur X Carrera 62A,121
12676,A000000713,oct/22/2020 07:45 p. m.,3,d,Choque,oct/22/2020 07:45 p. m.,1,1,1,1,1,Carrera 50 X Calle 91 Sur,121
12677,A000000714,oct/22/2020 10:30 p. m.,19,d,Choque,oct/22/2020 10:30 p. m.,1,1,1,7,1,Calle 77 Sur X Carrera 50A,121
12678,A000000716,oct/22/2020 03:10 p. m.,2,d,Choque,oct/22/2020 03:10 p. m.,1,1,1,1,1,Calle 100 Sur X Carrera 50,145
12733,A000000094,feb/09/2021 06:40 a. m.,4,d,Choque,feb/09/2021 06:40 a. m.,1,2,1,1,1,Carrera 48 X Calle 100 Sur,131
12735,A000000095,feb/09/2021 09:00 a. m.,15,d,Choque,feb/09/2021 09:00 a. m.,1,1,1,2,1,Calle 77 Sur X Carrera 60,112
12736,A000000096,feb/09/2021 08:00 a. m.,14,h,Choque,feb/09/2021 08:00 a. m.,1,1,1,2,1,Carrera 50 X Calle 88 Sur,112
12737,A000000098,feb/09/2021 06:15 a. m.,3,h,Choque,feb/09/2021 06:15 a. m.,1,2,1,1,1,Carrera 50 X Calle 79 Sur,112
12754,A000000100,feb/10/2021 10:00 a. m.,24,h,Caida Ocupante,feb/10/2021 10:00 a. m.,1,1,1,1,1,Calle 81 Sur X Carrera 67,157
12755,A000000088,feb/06/2021 07:30 a. m.,5,h,Volcamiento,feb/06/2021 07:30 a. m.,1,1,1,1,1,Calle 95 Sur X Carrera 58,139
10727,A00000822,oct/09/2018 06:30 p. m.,2,d,Choque,oct/09/2018 06:30 p. m.,1,1,1,1,1,Calle 100 Sur X Carrera 49D,143
10728,A00000243,mar/23/2019 05:20 p. m.,3,h,Caida Ocupante,mar/23/2019 05:20 p. m.,1,1,1,1,1,Carrera 50 X Calle 96 Sur,143
10871,A00000308,abr/14/2019 05:30 a. m.,2,h,Caida Ocupante,abr/14/2019 05:30 a. m.,1,1,1,1,1,Carrera 50 X Calle 97 Sur,143
10872,A00000309,abr/14/2019 06:30 p. m.,19,d,Choque,abr/14/2019 06:30 p. m.,1,1,1,1,1,Calle 77A Sur X Carrera 56D,143
10873,A00000310,abr/15/2019 08:00 p. m.,17,h,Choque,abr/15/2019 08:00 p. m.,1,1,1,1,1,Carrera 55 X Calle 80 Sur,143
10878,A00000316,abr/16/2019 09:05 p. m.,26,h,Choque,abr/16/2019 09:05 p. m.,1,1,1,1,1,Calle 87 Sur X Carrera 55 Sur,143
10879,A00000317,abr/16/2019 06:00 p. m.,26,h,Caida Ocupante,abr/16/2019 06:00 p. m.,1,1,1,1,1,Calle 83A Sur X Carrera 59,143
10880,A00000318,abr/16/2019 04:40 p. m.,26,d,Choque,abr/16/2019 04:40 p. m.,1,1,1,1,1,Calle 79 Sur X Carrera 55,143
10881,A00000319,abr/16/2019 04:35 p. m.,3,d,Choque,abr/16/2019 04:35 p. m.,1,1,1,1,1,Carrera 50 X Calle 99 Sur,143
10882,A00000320,abr/17/2019 02:30 p. m.,2,h,Choque,abr/17/2019 02:30 p. m.,1,1,1,1,1,Carrera 48C X Calle 100 Sur,143
10883,A00000321,abr/17/2019 07:50 p. m.,26,h,Choque,abr/17/2019 07:50 p. m.,1,1,1,1,1,Carrera 50 X Calle 75AA Sur,143
10884,A00000949,nov/25/2018 09:50 p. m.,3,h,Choque,nov/25/2018 09:50 p. m.,1,1,1,1,1,Carrera 50 X Calle 98 Sur,143
10885,A00000154,feb/20/2019 09:30 a. m.,4,d,Choque,feb/20/2019 09:30 a. m.,1,1,1,1,1,Carrera 48 X Calle 98 Sur,143
10886,A00000963,nov/28/2018 08:50 p. m.,19,d,Choque,nov/28/2018 08:50 p. m.,1,1,1,1,1,Calle 77 Sur X Carrera 54,143
10889,A00000144,feb/16/2019 10:15 a. m.,10,d,Choque,feb/16/2019 10:15 a. m.,1,1,1,1,1,Carrera 59 X Calle 79 Sur,143
10890,A00000147,feb/20/2019 12:50 p. m.,3,d,Choque,feb/20/2019 12:50 p. m.,1,1,1,1,1,Carrera 50 X Calle 79B Sur,143
10891,A00000322,abr/17/2019 05:00 p. m.,2,d,Choque,abr/17/2019 05:00 p. m.,1,1,1,1,1,Carrera 48 X Calle 79D Sur,143
10961,A00000388,may/08/2019 06:50 a. m.,3,h,Caida Ocupante,may/08/2019 06:50 a. m.,1,1,1,1,1,Carrera 50 X Calle 89 Sur,140
10963,A00000172,feb/25/2019 04:10 p. m.,1,d,Choque,feb/25/2019 04:10 p. m.,1,1,1,1,1,Calle 81 Sur X Carrera 58,143
10973,A00000389,may/08/2019 07:30 a. m.,23,h,Caida Ocupante,may/08/2019 07:30 a. m.,1,1,1,1,1,Carrera 54 X Calle 80 Sur,140
10974,A00000391,may/10/2019 07:30 a. m.,17,h,Choque,may/10/2019 07:30 a. m.,1,1,1,1,1,Carrera 55 X Calle 79B Sur,143
10975,A00000395,may/13/2019 08:00 a. m.,2,h,Atropello,may/13/2019 08:00 a. m.,1,1,1,1,1,Carrera 50 X Calle 100 Sur,409
10976,A00000394,may/11/2019 04:50 a. m.,4,h,Choque,may/11/2019 04:50 a. m.,1,1,1,1,1,Carrera 48 X Calle 95 Sur,143
10977,A00000362,abr/30/2019 06:45 p. m.,15,h,Choque,abr/30/2019 06:45 p. m.,1,1,1,1,1,Calle 73 Sur X Carrera 63A,143
10978,A00000396,may/14/2019 10:30 a. m.,2,d,Volcamiento,may/14/2019 10:30 a. m.,1,1,1,2,1,Carrera 50 X Calle 100 Sur,140
10979,A00000397,may/14/2019 03:05 p. m.,2,h,Choque,may/14/2019 03:05 p. m.,1,1,1,2,1,Carrera 50 X Calle 100 Sur,143
10993,A00000375,may/04/2019 01:00 p. m.,3,h,Atropello,may/04/2019 01:00 p. m.,1,1,1,1,1,Carrera 50 X Calle 91 Sur,409
10994,A00000374,may/04/2019 01:40 p. m.,2,d,Choque,may/04/2019 01:40 p. m.,1,1,1,1,1,Carrera 49 X Calle 100 Sur,143
10998,A00000978,dic/05/2018 07:25 a. m.,17,h,Caida Ocupante,dic/05/2018 07:25 a. m.,1,1,1,1,1,Calle 80 Sur X Carrera 55,143
11029,A00000160,feb/22/2019 02:30 p. m.,3,h,Choque,feb/22/2019 02:30 p. m.,1,1,1,1,1,Carrera 50 X Calle 79 Sur,143
11034,A00000897,nov/02/2018 06:00 p. m.,23,d,Choque,nov/02/2018 06:00 p. m.,1,1,1,1,1,Calle 80 Sur X Carrera 50,143
11038,A00000443,may/29/2019 09:00 a. m.,16,d,Choque,may/29/2019 09:00 a. m.,1,1,1,1,1,Carrera 56C X Calle 83DD Sur,143
11039,A00000442,may/30/2019 07:10 a. m.,26,d,Choque,may/30/2019 07:10 a. m.,1,1,1,1,1,Calle 80 Sur X Carrera 58,143
11040,A00000444,may/31/2019 10:00 a. m.,2,h,Caida Ocupante,may/31/2019 10:00 a. m.,1,1,1,1,1,Calle 100B Sur X Carrera 48,143
11041,A00000445,may/31/2019 05:10 p. m.,18,d,Choque,may/31/2019 05:10 p. m.,1,1,1,1,1,Calle 77 Sur X Carrera 52,143
11042,A00000446,may/31/2019 08:40 a. m.,19,h,Choque,may/31/2019 08:40 a. m.,1,1,1,1,1,Calle 77 Sur X Carrera 57,143
11043,A00000401,may/14/2019 05:30 p. m.,3,h,Choque,may/14/2019 05:30 p. m.,1,1,1,1,1,Carrera 50 X Calle 79 Sur,143
11044,A00000402,may/15/2019 07:00 p. m.,3,h,Caida Ocupante,may/15/2019 07:00 p. m.,1,1,1,1,1,Carrera 50 X Calle 80 Sur,143
11045,A00000405,may/16/2019 02:45 p. m.,3,d,Choque,may/16/2019 02:45 p. m.,1,1,1,1,1,Carrera 50 X Calle 88 Sur,143
11048,A00000408,may/18/2019 11:40 p. m.,3,h,Caida Ocupante,may/18/2019 11:40 p. m.,1,1,1,1,1,Carrera 50 X Calle 94 Sur,143
11049,A00000409,may/19/2019 09:20 a. m.,3,h,Choque,may/19/2019 09:20 a. m.,1,1,1,1,1,Carrera 50 X Calle 79 Sur,143
11050,A00000410,may/20/2019 02:00 a. m.,2,d,Volcamiento,may/20/2019 02:00 a. m.,1,1,1,1,1,Calle 100 Sur X Carrera 52,143
11051,A00000411,may/19/2019 05:10 p. m.,2,d,Choque,may/19/2019 05:10 p. m.,1,1,1,1,1,Calle 101 Sur X Carrera 45,143
11052,A00000412,may/20/2019 12:00 p. m.,3,h,Atropello,may/20/2019 12:00 p. m.,1,1,1,1,1,Carrera 50 X Calle 79 Sur,143
11053,A00000413,may/19/2019 02:20 p. m.,4,d,Choque,may/19/2019 02:20 p. m.,1,1,1,1,1,Carrera 48 X Calle 98 Sur,143
11054,A00000414,may/20/2019 12:00 p. m.,3,h,Caida Ocupante,may/20/2019 12:00 p. m.,1,1,1,1,1,Carrera 50 X Calle 79 Sur,143
11055,A00000912,nov/08/2018 10:10 a. m.,3,h,Choque,nov/08/2018 10:10 a. m.,1,1,1,1,1,Carrera 50 X Calle 96 Sur,143
11056,A00000416,may/21/2019 12:00 p. m.,1,d,Choque,may/21/2019 12:00 p. m.,1,1,1,1,1,Calle 80 Sur X Carrera 58,143
11057,A00000923,nov/16/2018 06:30 a. m.,15,d,Choque,nov/16/2018 06:30 a. m.,1,1,1,1,1,Calle 73 Sur X Carrera 63AA,143
11061,A00000419,may/22/2019 05:30 p. m.,14,d,Choque,may/22/2019 05:30 p. m.,1,1,1,1,1,Carrera 55 X Calle 87 Sur,143
11062,A00000420,may/23/2019 07:50 a. m.,2,d,Choque,may/23/2019 07:50 a. m.,1,1,1,1,1,Carrera 48C X Calle 100 Sur,143
11063,A00000421,may/22/2019 03:00 p. m.,5,d,Choque,may/22/2019 03:00 p. m.,1,1,1,1,1,Calle 91 Sur X Carrera 55,143
12187,A001187628,jun/24/2020 12:30 p. m.,2,d,Choque,jun/24/2020 12:30 p. m.,1,1,1,1,1,Carrera 50 X Calle 100C Sur,139
12188,A001187629,jun/24/2020 03:00 p. m.,2,d,Choque,jun/24/2020 03:00 p. m.,1,1,1,1,1,Carrera 50 X Calle 98A,103
12189,A001187631,jun/27/2020 05:00 p. m.,14,h,Caida Ocupante,jun/27/2020 05:00 p. m.,1,1,1,1,1,Carrera 50 X Calle 80 Sur,157
12190,A001187632,jun/27/2020 11:30 a. m.,14,d,Choque,jun/27/2020 11:30 a. m.,1,1,1,1,1,Carrera 50 X Calle 88 Sur,121
12194,A001187636,jun/25/2020 03:50 p. m.,3,d,Otro,jun/25/2020 03:50 p. m.,1,1,1,1,1,Carrera 50 X Calle 98,157
12195,A001187648,jul/04/2020 10:50 a. m.,19,d,Choque,jul/04/2020 10:50 a. m.,1,1,1,7,1,Calle 77 Sur X Carrera 50A,147
12196,A001187650,jul/06/2020 02:40 p. m.,15,h,Atropello,jul/06/2020 02:40 p. m.,1,1,1,1,1,Carrera 62A X Calle 74 Sur,157
12197,A001187651,jul/06/2020 07:10 p. m.,27,h,Caida Ocupante,jul/06/2020 07:10 p. m.,1,1,1,1,1,Carrera 50 X Calle 79C Sur,304
12198,A001187649,jul/06/2020 01:40 p. m.,25,h,Caida Ocupante,jul/06/2020 01:40 p. m.,1,2,1,1,2,Carrera 54 X Calle 79C Sur,304
12199,A001187659,jul/09/2020 08:00 p. m.,23,d,Choque,jul/09/2020 08:00 p. m.,1,2,1,1,1,Calle 77 Sur X Carrera 53,157
12200,A001187660,jul/09/2020 10:30 a. m.,14,h,Choque,jul/09/2020 10:30 a. m.,1,1,1,1,1,Carrera 55 X Calle 87 Sur,112
12201,A001187658,jul/09/2020 02:00 p. m.,2,d,Choque,jul/09/2020 02:00 p. m.,1,1,1,1,1,Calle 100 Sur X Carrera 48,157
12202,A001187661,sept/07/2020 11:50 a. m.,5,d,Choque,sept/07/2020 11:50 a. m.,1,1,1,1,1,Calle 88AA Sur X Carrera 50,157
12203,A001187662,jul/10/2020 01:00 p. m.,2,d,Choque,jul/10/2020 01:00 p. m.,1,1,1,1,1,Calle 100 Sur X Carrera 49,157
12204,A001187663,jul/09/2020 07:10 a. m.,14,h,Choque,jul/09/2020 07:10 a. m.,1,1,1,1,1,Carrera 50 X Calle 83C Sur,112
12205,A001187664,jul/11/2020 09:10 p. m.,23,h,Caida Ocupante,jul/11/2020 09:10 p. m.,1,1,1,1,1,Calle 79C Sur X Carrera 52,157
12206,A001187665,jul/11/2020 05:00 p. m.,15,d,Choque,jul/11/2020 05:00 p. m.,1,1,1,1,1,Calle 76 Sur X Carrera 57,157
12208,A001187666,jul/12/2020 12:20 p. m.,2,h,Atropello,jul/12/2020 12:20 p. m.,1,2,1,1,1,Carrera 48D X Calle 100 Sur,112
12207,A001187667,jul/11/2020 09:40 a. m.,3,d,Choque,jul/11/2020 09:40 a. m.,1,1,1,1,1,Carrera 50 X Calle 100,106
12209,A001187668,jul/13/2020 06:50 p. m.,23,h,Caida Ocupante,jul/13/2020 06:50 p. m.,1,1,1,1,1,Calle 79 Sur X Carrera 50,306
12210,A001187669,jul/12/2020 06:00 p. m.,24,h,Volcamiento,jul/12/2020 06:00 p. m.,1,1,1,1,1,Calle 87 Sur X Carrera 62,139
12244,A001187701,jul/26/2020 09:10 p. m.,23,h,Caida Ocupante,jul/26/2020 09:10 p. m.,1,1,1,1,1,Calle 77 Sur X Carrera 55,157
12264,A0000000271,abr/29/2020 02:00 p. m.,19,h,Choque,abr/29/2020 02:00 p. m.,1,2,1,2,1,Carrera 54 X Calle 77 Sur,112
12265,A0000000273,abr/30/2020 02:30 p. m.,3,h,Caida Ocupante,abr/30/2020 02:30 p. m.,1,1,1,1,1,Carrera 50 X Calle 88A Sur,121
12266,A0000000274,abr/30/2020 10:43 a. m.,14,d,Choque,abr/30/2020 10:43 a. m.,1,3,1,1,1,Carrera 55 X Calle 83B Sur,112
12267,A000000507,ago/13/2020 07:00 p. m.,12,h,Otro,ago/13/2020 07:00 p. m.,1,1,1,1,1,Calle 95 Sur X Carrera 51,157
12268,A000000508,ago/14/2020 05:45 a. m.,3,d,Choque,ago/14/2020 05:45 a. m.,1,1,1,1,1,Carrera 50 X Calle 79C Sur,112
12269,A000000509,ago/14/2020 08:30 a. m.,3,d,Choque,ago/14/2020 08:30 a. m.,1,1,1,1,1,Carrera 50 X Calle 79B Sur,103
12270,A00000969,nov/22/2019 09:30 p. m.,4,d,Choque,nov/22/2019 09:30 p. m.,1,1,1,1,1,Carrera 48 X Calle 98 Sur,145
12271,A000001075,dic/28/2019 09:00 a. m.,19,d,Choque,dic/28/2019 09:00 a. m.,1,1,1,1,1,Carrera 54 X Calle 75AB,141
12272,A0000000275,abr/30/2020 05:00 p. m.,23,d,Choque,abr/30/2020 05:00 p. m.,1,2,1,2,1,Calle 79 Sur X Carrera 52A,145
12273,A0000000276,may/01/2020 08:30 p. m.,1,d,Choque,may/01/2020 08:30 p. m.,1,1,1,1,1,Calle 82 Sur X Carrera 61,116
12274,A0000000278,may/01/2020 09:30 p. m.,26,d,Choque,may/01/2020 09:30 p. m.,1,1,1,1,1,Carrera 56 X Calle 83DD Sur,112
12275,A0000000279,may/02/2020 01:40 p. m.,26,h,Choque,may/02/2020 01:40 p. m.,1,1,1,1,1,Calle 80 Sur X Carrera 55,145
12276,A0000000290,abr/07/2020 10:20 a. m.,3,h,Caida Ocupante,abr/07/2020 10:20 a. m.,1,2,1,1,1,Carrera 50 X Calle 79C Sur,112
12277,A0000000291,may/08/2020 09:30 p. m.,21,d,Choque,may/08/2020 09:30 p. m.,1,1,1,1,1,Calle 86 Sur X Carrera 62,157
12278,A0000000292,may/08/2020 07:00 p. m.,26,d,Choque,may/08/2020 07:00 p. m.,1,1,1,1,1,Carrera 53 X Calle 75 Sur,112
12279,A0000000293,may/08/2020 10:30 a. m.,14,d,Choque,may/08/2020 10:30 a. m.,1,1,1,1,1,Carrera 52 X Calle 88A Sur,202
12280,A0000000294,may/08/2020 07:20 p. m.,24,h,Caida Ocupante,may/08/2020 07:20 p. m.,1,1,1,1,1,Calle 97 X Carrera 63,112
12295,A000000320,may/19/2020 07:30 p. m.,14,h,Caida Ocupante,may/19/2020 07:30 p. m.,1,1,1,1,1,Calle 87 Sur X Carrera 55,157
12296,A000000323,may/20/2020 07:00 p. m.,1,h,Otro,may/20/2020 07:00 p. m.,1,1,1,1,1,Calle 81 Sur X Carrera 62,143
12297,A000000324,may/20/2020 10:00 a. m.,23,h,Caida Ocupante,may/20/2020 10:00 a. m.,1,2,1,1,1,Calle 77 Sur X Carrera 52,303
12298,A000000325,may/21/2020 11:50 a. m.,1,h,Caida Ocupante,may/21/2020 11:50 a. m.,1,1,1,1,1,Calle 83 Sur X Carrera 60,112
12299,A000000326,may/21/2020 09:10 a. m.,18,h,Choque,may/21/2020 09:10 a. m.,1,1,1,1,1,Calle 77 Sur X Carrera 50,112
12300,A000000327,may/21/2020 04:00 p. m.,3,h,Choque,may/21/2020 04:00 p. m.,1,2,1,2,1,Carrera 50 X Calle 79 Sur,102
12301,A000000328,may/22/2020 01:30 p. m.,23,d,Choque,may/22/2020 01:30 p. m.,1,1,1,1,1,Calle 79C Sur X Carrera 53,157
12302,A000000329,may/23/2020 09:20 a. m.,3,h,Caida Ocupante,may/23/2020 09:20 a. m.,1,2,1,1,1,Carrera 50 X Calle 96A Sur,112
12314,A0000000079,ene/30/2020 10:30 p. m.,26,d,Choque,ene/30/2020 10:30 p. m.,1,3,1,1,1,Carrera 54 X Calle 75AA Sur,157
12342,A000000530,ago/22/2020 09:00 a. m.,19,h,Caida Ocupante,ago/22/2020 09:00 a. m.,1,2,1,1,1,Calle 77 Sur X Carrera 54,157
12343,A000000531,ago/23/2020 01:00 a. m.,25,d,Choque,ago/23/2020 01:00 a. m.,1,1,1,2,1,Calle 81 Sur X Carrera 58,112
12344,A000000534,ago/23/2020 07:40 p. m.,2,h,Caida Ocupante,ago/23/2020 07:40 p. m.,1,1,1,1,1,Calle 100 Sur X Carrera 52,119
12346,A000000535,ago/24/2020 11:40 a. m.,21,h,Volcamiento,ago/24/2020 11:40 a. m.,1,1,1,2,1,Carrera 56 X Calle 83DD Sur,99
11295,A00000605,jul/26/2019 10:30 a. m.,22,h,Caida Ocupante,jul/26/2019 10:30 a. m.,1,1,1,1,1,Carrera 57 X Calle 82 Sur,140
11296,A00000606,jul/27/2019 03:00 p. m.,19,d,Choque,jul/27/2019 03:00 p. m.,1,1,1,10,1,Carrera 57B X Calle 77 Sur,143
11297,A00000607,jul/27/2019 03:20 p. m.,2,d,Choque,jul/27/2019 03:20 p. m.,1,1,1,1,1,Calle 100B Sur X Carrera 50,143
11298,A00000608,jul/28/2019 12:00 p. m.,3,h,Choque,jul/28/2019 12:00 p. m.,1,1,1,1,1,Carrera 50 X Calle 96 Sur,143
11316,A00000053,ene/23/2019 07:10 p. m.,3,d,Choque,ene/23/2019 07:10 p. m.,1,1,1,1,1,Carrera 50 X Calle 79C Sur,143
11331,A00000658,ago/13/2019 02:40 p. m.,18,d,Choque,ago/13/2019 02:40 p. m.,1,1,1,1,1,Carrera 53 X Calle 77 Sur,143
11332,A00000646,ago/05/2019 07:00 p. m.,2,h,Choque,ago/05/2019 07:00 p. m.,1,1,1,1,1,Carrera 50 X Calle 100B Sur,143
11333,A00000647,ago/06/2019 05:50 p. m.,18,h,Caida Ocupante,ago/06/2019 05:50 p. m.,1,1,1,1,1,Calle 75AB Sur X Carrera 52,140
11334,A00000659,ago/14/2019 07:10 a. m.,23,d,Choque,ago/14/2019 07:10 a. m.,1,1,1,2,1,Calle 79 Sur X Carrera 52,143
11335,A00000656,ago/13/2019 05:30 a. m.,23,h,Choque,ago/13/2019 05:30 a. m.,1,1,1,1,1,Carrera 55 X Calle 79 Sur,143
11336,A00000660,ago/14/2019 08:30 a. m.,23,d,Choque,ago/14/2019 08:30 a. m.,1,1,1,1,1,Carrera 55 X Calle 80 Sur,143
11337,A00000657,ago/13/2019 08:20 a. m.,2,d,Choque,ago/13/2019 08:20 a. m.,1,1,1,1,1,Carrera 50 X Calle 100 Sur,143
11338,A00000655,ago/13/2019 07:15 a. m.,14,h,Choque,ago/13/2019 07:15 a. m.,1,1,1,1,1,Carrera 55 X Calle 83C Sur,143