NRO_RADICADO,NUMERO_EXPEDIENTE,FECHA_ACCIDENTE,ID_ZONA,GRAVEDAD,DESC_CLASE_ACCIDENTE,HORA_ACCIDENTE,AREA,SECTOR,ZONA,DISENO,ESTADO_TIEMPO,VIA_ACCID,POSIBLE_CAUSA
11339,A00000645,ago/06/2019 03:40 p. m.,11,h,Atropello,ago/06/2019 03:40 p. m.,1,1,1,1,1,Calle 81 Sur X Carrera 67,409
11342,A00000123,feb/09/2019 08:20 a. m.,3,h,Choque,feb/09/2019 08:20 a. m.,1,1,1,1,1,Carrera 50 X Calle 80 Sur,143
11344,A00000633,ago/05/2019 06:20 a. m.,19,h,Choque,ago/05/2019 06:20 a. m.,1,1,1,1,1,Carrera 54 X Calle 77 Sur,143
11345,A00000068,ene/25/2019 05:25 p. m.,3,h,Choque,ene/25/2019 05:25 p. m.,1,1,1,1,1,Carrera 50 X Calle 91 Sur,143
11355,A00000662,ago/13/2019 07:00 p. m.,8,h,Choque,ago/13/2019 07:00 p. m.,1,1,1,1,1,Calle 77 Sur X Carrera 58,143
11356,A00000663,ago/14/2019 12:00 p. m.,2,h,Atropello,ago/14/2019 12:00 p. m.,1,1,1,1,1,Calle 100 Sur X Carrera 49D,143
11357,A00000664,ago/14/2019 09:30 p. m.,3,d,Choque,ago/14/2019 09:30 p. m.,1,1,1,1,1,Calle 80 Sur X Carrera 57A,143
11407,A00000944,nov/24/2018 04:20 p. m.,1,h,Atropello,nov/24/2018 04:20 p. m.,1,1,1,1,1,Calle 77A Sur X Carrera 62,143
11422,A00000694,ago/25/2019 07:45 p. m.,21,h,Choque,ago/25/2019 07:45 p. m.,1,1,1,1,1,Carrera 62 X Calle 83 Sur,143
11423,A00000699,ago/24/2019 04:35 p. m.,3,d,Choque,ago/24/2019 04:35 p. m.,1,1,1,1,1,Carrera 50 X Calle 79C Sur,143
11430,A00000706,ago/28/2019 06:30 p. m.,3,h,Choque,ago/28/2019 06:30 p. m.,1,1,1,1,1,Carrera 50 X Calle 79 Sur,143
11431,A00000707,ago/27/2019 09:15 p. m.,19,h,Caida Ocupante,ago/27/2019 09:15 p. m.,1,1,1,1,1,Calle 77 Sur X Carrera 59,140
11432,A00000755,sept/13/2019 02:20 p. m.,15,h,Choque,sept/13/2019 02:20 p. m.,1,1,1,1,1,Carrera 62A X Calle 74 Sur,143
11433,A00000708,ago/29/2019 01:00 p. m.,4,h,Choque,ago/29/2019 01:00 p. m.,1,1,1,1,1,Carrera 50 X Calle 48,143
11435,A00000709,ago/29/2019 01:35 p. m.,3,d,Choque,ago/29/2019 01:35 p. m.,1,1,1,1,1,Carrera 50 X Calle 79 Sur,143
11436,A00000710,ago/30/2019 05:00 p. m.,19,h,Choque,ago/30/2019 05:00 p. m.,1,1,1,2,1,Carrera 59 X Calle 77 Sur,143
11508,A000001167,dic/23/2017 11:00 a. m.,1,d,Choque,dic/23/2017 11:00 a. m.,1,1,1,1,1,Calle 77 Sur X Carrera 54,143
11509,A000001153,dic/20/2017 01:10 a. m.,1,d,Choque,dic/20/2017 01:10 a. m.,1,1,1,1,1,Carrera 48B X Calle 99 Sur,143
11510,A000001159,dic/20/2017 09:40 p. m.,1,d,Choque,dic/20/2017 09:40 p. m.,1,1,1,1,1,Carrera 55 X Calle 79 Sur,143
11511,A00000847,oct/11/2019 08:00 a. m.,23,d,Choque,oct/11/2019 08:00 a. m.,1,1,1,1,1,Calle 79C Sur X Carrera 54,143
11513,A00000800,sept/26/2019 05:50 p. m.,12,h,Atropello,sept/26/2019 05:50 p. m.,1,1,1,1,1,Calle 95 Sur X Carrera 51,409
11514,A00000801,sept/27/2019 09:00 a. m.,3,h,Choque,sept/27/2019 09:00 a. m.,1,1,1,1,1,Carrera 50 X Calle 79C Sur,143
11515,A00000803,sept/27/2019 09:00 a. m.,3,d,Choque,sept/27/2019 09:00 a. m.,1,1,1,1,1,Carrera 50 X Calle 79 Sur,143
11516,A00000804,sept/28/2019 07:10 p. m.,26,d,Choque,sept/28/2019 07:10 p. m.,1,1,1,1,1,Carrera 50 X Calle 83C Sur,143
11517,A00000805,sept/28/2019 01:00 p. m.,14,d,Choque,sept/28/2019 01:00 p. m.,1,1,1,1,1,Carrera 55 X Calle 80 Sur,143
11518,A00000806,sept/28/2019 07:00 a. m.,3,d,Choque,sept/28/2019 07:00 a. m.,1,1,1,1,1,Carrera 50 X Calle 98 Sur,143
11519,A00000807,sept/29/2019 05:40 a. m.,3,h,Atropello,sept/29/2019 05:40 a. m.,1,1,1,1,1,Carrera 50 X Calle 79 Sur,409
11520,A00000808,sept/30/2019 12:20 p. m.,15,d,Choque,sept/30/2019 12:20 p. m.,1,1,1,1,1,Calle 76 Sur X Carrera 60,143
11521,A00000809,sept/30/2019 12:05 p. m.,24,h,Caida Ocupante,sept/30/2019 12:05 p. m.,1,1,1,1,1,Calle 83 X Carrera 62,140
11522,A00000810,sept/30/2019 03:10 p. m.,2,h,Caida Ocupante,sept/30/2019 03:10 p. m.,1,1,1,1,1,Carrera 50 X Calle 89,140
11523,A00000811,oct/01/2019 05:30 a. m.,2,h,Choque,oct/01/2019 05:30 a. m.,1,1,1,1,1,Carrera 50 X Calle 100 Sur,143
11524,A00000812,sept/27/2019 08:15 a. m.,4,h,Choque,sept/27/2019 08:15 a. m.,1,1,1,1,1,Carrera 50 X Calle 48,143
11526,A00000813,oct/02/2019 02:10 p. m.,1,h,Caida Ocupante,oct/02/2019 02:10 p. m.,1,1,1,1,1,Calle 79 Sur X Carrera 58,140
11527,A00000802,sept/27/2019 11:00 a. m.,2,d,Otro,sept/27/2019 11:00 a. m.,1,1,1,1,1,Calle 100 Sur X Carrera 48,308
11528,A00000814,oct/02/2019 07:20 a. m.,22,h,Choque,oct/02/2019 07:20 a. m.,1,1,1,2,1,Calle 82 X Carrera 56D,143
11529,A00000815,oct/03/2019 12:30 p. m.,19,d,Choque,oct/03/2019 12:30 p. m.,1,1,1,1,1,Calle 77 Sur X Carrera 59,143
11530,A00000816,oct/03/2019 12:10 p. m.,4,h,Caida Ocupante,oct/03/2019 12:10 p. m.,1,1,1,1,1,Carrera 48 X Calle 79 Sur,140
11531,A00000817,oct/03/2019 10:00 p. m.,17,h,Choque,oct/03/2019 10:00 p. m.,1,1,1,2,1,Calle 80 Sur X Carrera 55,143
11532,A00000818,oct/03/2019 03:40 p. m.,8,d,Choque,oct/03/2019 03:40 p. m.,1,1,1,1,1,Carrera 55 X Calle 77 Sur,143
10364,A0000076,ene/29/2018 02:00 p. m.,1,h,Choque,ene/29/2018 02:00 p. m.,1,1,1,1,1,Carrera 60 X Calle 82B Sur,143
10365,A0000078,ene/30/2018 09:40 p. m.,23,h,Choque,ene/30/2018 09:40 p. m.,1,1,1,1,1,Carrera 55 X Calle 79 Sur,143
12756,A000000102,feb/12/2021 02:15 p. m.,18,h,Atropello,feb/12/2021 02:15 p. m.,1,1,1,1,1,Carrera 52D X Calle 75AB,409
12757,A000000103,feb/12/2021 11:30 a. m.,1,h,Caida Ocupante,feb/12/2021 11:30 a. m.,1,1,1,1,2,Calle 81 Sur X Carrera 62,304
12758,A000000104,feb/12/2021 03:45 p. m.,18,h,Atropello,feb/12/2021 03:45 p. m.,1,2,1,1,1,Calle 77 Sur X Carrera 52D,409
12759,A000000105,feb/13/2021 06:50 p. m.,18,h,Choque,feb/13/2021 06:50 p. m.,1,2,1,7,1,Carrera 52D X Calle 77 Sur,157
12760,A000000106,feb/14/2021 11:20 a. m.,2,d,Choque,feb/14/2021 11:20 a. m.,1,1,1,1,1,Calle 106 Sur X Carrera 50,202
12774,A000000111,feb/15/2021 06:56 a. m.,2,h,Caida Ocupante,feb/15/2021 06:56 a. m.,1,2,1,1,1,Calle 100 Sur X Carrera 47,119
12779,A000000118,feb/17/2021 08:40 p. m.,15,d,Choque,feb/17/2021 08:40 p. m.,1,1,1,1,2,Carrera 62A X Calle 74 Sur,157
12780,A000000119,feb/17/2021 11:50 a. m.,15,d,Choque,feb/17/2021 11:50 a. m.,1,1,1,1,1,Calle 76 X Carrera 62A,139
12791,A000000122,feb/17/2021 09:00 p. m.,23,h,Caida Ocupante,feb/17/2021 09:00 p. m.,1,1,1,1,2,Calle 77 X Carrera 56,303
12793,A000000125,feb/18/2021 07:40 a. m.,3,h,Choque,feb/18/2021 07:40 a. m.,1,1,1,1,1,Carrera 50 X Calle 98DD,157
12795,A000000126,feb/20/2021 08:10 a. m.,4,d,Choque,feb/20/2021 08:10 a. m.,1,1,1,1,1,Carrera 50 X Calle 79C Sur,112
12797,A000000127,feb/21/2021 01:20 p. m.,3,h,Choque,feb/21/2021 01:20 p. m.,1,2,1,1,1,Carrera 50 X Calle 79 Sur,139
12798,A000000128,feb/21/2021 10:40 a. m.,3,d,Choque,feb/21/2021 10:40 a. m.,1,1,1,1,1,Carrera 50 X Calle 79C Sur,112
12801,A000000129,feb/22/2021 01:00 p. m.,3,h,Choque,feb/22/2021 01:00 p. m.,1,1,1,1,1,Carrera 50 X Calle 78,121
12803,A000000130,feb/22/2021 12:00 p. m.,12,d,Choque,feb/22/2021 12:00 p. m.,1,1,1,2,1,Calle 94B Sur X Carrera 50,112
12820,A000000131,feb/22/2021 07:20 a. m.,27,h,Choque,feb/22/2021 07:20 a. m.,1,3,1,2,1,Carrera 54 X Calle 75AA,157
12823,A000000132,feb/19/2021 02:20 a. m.,2,d,Choque,feb/19/2021 02:20 a. m.,1,2,1,1,2,Carrera 48 X Calle 99 Sur,121
12830,A000000133,feb/19/2021 08:00 p. m.,4,d,Volcamiento,feb/19/2021 08:00 p. m.,1,2,1,1,1,Carrera 48 X Calle 98 Sur,157
12876,A000000086,feb/05/2021 09:00 p. m.,14,m,Choque,feb/05/2021 09:00 p. m.,1,2,1,1,1,Carrera 50 X Calle 97A Sur,104
12877,A000000150,mar/01/2021 08:20 a. m.,21,h,Volcamiento,mar/01/2021 08:20 a. m.,1,1,1,1,1,Calle 87 X Carrera 60,157
12880,A000000151,mar/01/2021 01:54 p. m.,5,d,Choque,mar/01/2021 01:54 p. m.,1,3,1,1,1,Calle 95 X Carrera 56,157
12881,A000000152,mar/02/2021 05:00 p. m.,2,d,Choque,mar/02/2021 05:00 p. m.,1,1,1,1,2,Carrera 50 X Calle 99 Sur,157
12883,A000000881,dic/10/2020 06:45 p. m.,2,h,Choque,dic/10/2020 06:45 p. m.,1,1,1,1,1,Carrera 50 X Calle 100B Sur,121
12884,A000000882,dic/11/2020 10:15 a. m.,3,h,Choque,dic/11/2020 10:15 a. m.,1,1,1,1,1,Carrera 50 X Calle 79C Sur,157
12885,A000000883,dic/11/2020 05:50 a. m.,7,h,Caida Ocupante,dic/11/2020 05:50 a. m.,1,1,1,1,1,Carrera 55 X Calle 82 Sur,157
12886,A000000884,dic/11/2020 05:00 p. m.,1,d,Choque,dic/11/2020 05:00 p. m.,1,3,1,1,1,Calle 77 Sur X Carrera 61,143
12887,A000000885,dic/12/2020 08:30 a. m.,3,h,Choque,dic/12/2020 08:30 a. m.,1,1,1,1,1,Carrera 50 X Calle 98A Sur,101
12888,A000000886,dic/12/2020 10:50 a. m.,23,h,Caida Ocupante,dic/12/2020 10:50 a. m.,1,2,1,1,1,Calle 77 Sur X Carrera 53,304
12889,A000000887,dic/12/2020 10:10 p. m.,2,d,Choque,dic/12/2020 10:10 p. m.,1,2,1,13,1,Calle 98 Sur X Carrera 48,157
12894,A000000888,dic/12/2020 02:30 p. m.,2,h,Caida Ocupante,dic/12/2020 02:30 p. m.,1,1,1,1,1,Calle 100B Sur X Carrera 53,157
12895,A000000889,dic/13/2020 11:25 a. m.,3,d,Choque,dic/13/2020 11:25 a. m.,1,2,1,1,1,Carrera 50 X Calle 79 Sur,157
12896,A000000890,dic/13/2020 10:40 a. m.,12,h,Volcamiento,dic/13/2020 10:40 a. m.,1,1,1,1,1,Calle 96B Sur X Carrera 55,157
12897,A000000891,dic/13/2020 04:30 p. m.,15,h,Atropello,dic/13/2020 04:30 p. m.,1,1,1,1,1,Carrera 62A X Calle 74 Sur,157
12898,A000000892,dic/14/2020 06:30 p. m.,2,d,Choque,dic/14/2020 06:30 p. m.,1,1,1,1,1,Calle 100 Sur X Carrera 53,157
12899,A000000893,dic/14/2020 01:00 p. m.,17,h,Caida Ocupante,dic/14/2020 01:00 p. m.,1,1,1,1,1,Carrera 56B X Calle 80 Sur,303
12900,A000000894,dic/10/2020 07:10 a. m.,4,d,Volcamiento,dic/10/2020 07:10 a. m.,1,2,1,1,1,Calle 100 Sur X Carrera 48,217
12901,A000000895,dic/14/2020 11:11 a. m.,1,h,Caida Ocupante,dic/14/2020 11:11 a. m.,1,3,1,1,1,Calle 83A Sur X Carrera 60,131
12902,A000000896,dic/14/2020 11:50 p. m.,15,d,Choque,dic/14/2020 11:50 p. m.,1,1,1,1,1,Calle 74 Sur X Carrera 60,115
12903,A000000897,dic/15/2020 06:40 a. m.,27,h,Volcamiento,dic/15/2020 06:40 a. m.,1,1,1,1,1,Calle 76 Sur X Carrera 54,157
12904,A000000898,dic/15/2020 09:00 a. m.,2,d,Choque,dic/15/2020 09:00 a. m.,1,2,1,1,1,Carrera 48 X Calle 99 Sur,157
12905,A000000899,dic/15/2020 05:40 a. m.,3,h,Choque,dic/15/2020 05:40 a. m.,1,2,1,1,1,Calle 79 Sur X Carrera 50,157
12906,A000000157,mar/07/2021 02:20 a. m.,25,h,Choque,mar/07/2021 02:20 a. m.,1,1,1,1,2,Calle 80 Sur X Carrera 59,157
12907,A000000158,mar/04/2021 12:30 p. m.,14,h,Choque,mar/04/2021 12:30 p. m.,1,1,1,1,1,Carrera 55 X Calle 87 Sur,157
12908,A000000900,dic/16/2020 07:30 a. m.,4,d,Choque,dic/16/2020 07:30 a. m.,1,1,1,1,1,Carrera 50 X Calle 79C Sur,106
12909,A000000901,dic/16/2020 06:00 a. m.,2,h,Choque,dic/16/2020 06:00 a. m.,1,2,1,1,1,Calle 100 Sur X Carrera 48,112
12910,A000000902,dic/15/2020 04:45 p. m.,2,d,Choque,dic/15/2020 04:45 p. m.,1,2,1,1,1,Carrera 48 X Calle 100 Sur,119
12911,A000000903,dic/16/2020 06:25 p. m.,2,d,Choque,dic/16/2020 06:25 p. m.,1,3,1,1,1,Carrera 50 X Calle 100 Sur,143
12912,A000000904,dic/16/2020 02:50 p. m.,23,h,Caida Ocupante,dic/16/2020 02:50 p. m.,1,2,1,1,1,Carrera 53 X Calle 77 Sur,119
12913,A000000905,dic/16/2020 08:20 a. m.,7,d,Choque,dic/16/2020 08:20 a. m.,1,1,1,1,1,Calle 82 Sur X Carrera 56B,157
12914,A000000906,dic/17/2020 02:00 p. m.,4,d,Choque,dic/17/2020 02:00 p. m.,1,2,1,1,1,Carrera 50 X Calle 79C Sur,103
11064,A00000422,may/23/2019 04:40 p. m.,14,d,Choque,may/23/2019 04:40 p. m.,1,1,1,1,1,Carrera 55 X Calle 83B Sur,143
11148,A00000127,feb/10/2019 03:30 p. m.,5,d,Choque,feb/10/2019 03:30 p. m.,1,1,1,1,1,Calle 96B Sur X Carrera 55,143
11161,A00000487,jun/16/2019 02:45 a. m.,21,d,Choque,jun/16/2019 02:45 a. m.,1,1,1,1,1,Carrera 62 X Calle 83 Sur,143
11162,A00000485,jun/14/2019 07:50 a. m.,9,h,Caida Ocupante,jun/14/2019 07:50 a. m.,1,1,1,1,1,Calle 77 Sur X Carrera 55,140
11163,A00000488,jun/15/2019 04:00 p. m.,18,h,Atropello,jun/15/2019 04:00 p. m.,1,1,1,1,1,Calle 77 Sur X Carrera 50A,409
11167,A00000452,jun/02/2019 10:20 p. m.,3,h,Choque,jun/02/2019 10:20 p. m.,1,1,1,1,1,Carrera 50 X Calle 98 Sur,143
11168,A00000500,jun/20/2019 03:50 p. m.,13,h,Choque,jun/20/2019 03:50 p. m.,1,1,1,1,1,Carrera 50 X Calle 97 Sur,143
11169,A00000501,jun/21/2019 10:00 a. m.,2,h,Caida Ocupante,jun/21/2019 10:00 a. m.,1,1,1,1,1,Carrera 50 X Calle 98 Sur,140
11194,A00000514,jun/26/2019 07:30 p. m.,19,d,Choque,jun/26/2019 07:30 p. m.,1,1,1,2,1,Calle 77 Sur X Carrera 54,143
11195,A00000539,jul/04/2019 08:00 p. m.,5,h,Caida Ocupante,jul/04/2019 08:00 p. m.,1,1,1,1,1,Calle 100 Sur X Carrera 54,140
11196,A00000522,jun/29/2019 04:10 p. m.,18,d,Choque,jun/29/2019 04:10 p. m.,1,1,1,7,1,Carrera 52 X Calle 77 Sur,143
11197,A00000525,jun/30/2019 07:50 p. m.,3,h,Atropello,jun/30/2019 07:50 p. m.,1,1,1,1,1,Calle 95 X Carrera 49D,409
11198,A00000527,jun/29/2019 10:40 a. m.,19,d,Choque,jun/29/2019 10:40 a. m.,1,1,1,1,1,Calle 80 Sur X Carrera 57B,140
11246,A00000091,feb/02/2019 03:10 p. m.,8,h,Choque,feb/02/2019 03:10 p. m.,1,1,1,1,1,Carrera 55 X Calle 79 Sur,143
11251,A00000943,nov/23/2018 06:00 a. m.,16,d,Choque,nov/23/2018 06:00 a. m.,1,1,1,1,1,Carrera 55 X Calle 83B Sur,143
11252,A00000942,nov/23/2018 04:30 p. m.,19,d,Choque,nov/23/2018 04:30 p. m.,1,1,1,1,1,Calle 74 Sur X Carrera 54,143
11258,A00000775,sept/23/2018 05:35 p. m.,4,d,Choque,sept/23/2018 05:35 p. m.,1,1,1,1,1,Carrera 48 X Calle 98,143
11266,A00000073,ene/27/2019 12:45 p. m.,24,d,Choque,ene/27/2019 12:45 p. m.,1,1,1,1,1,Carrera 63 X Calle 87 Sur,143
11269,A00000096,feb/03/2019 08:20 a. m.,23,h,Choque,feb/03/2019 08:20 a. m.,1,1,1,1,1,Carrera 50 X Calle 79 Sur,143
11276,A00000581,jul/20/2019 06:00 p. m.,2,d,Choque,jul/20/2019 06:00 p. m.,1,1,1,1,1,Carrera 51 X Calle 97 Sur,143
11277,A00000582,jul/20/2019 09:40 a. m.,15,h,Choque,jul/20/2019 09:40 a. m.,1,1,1,2,1,Carrera 62A X Calle 21A Sur,143
11278,A00000584,jul/21/2019 09:00 a. m.,3,d,Choque,jul/21/2019 09:00 a. m.,1,1,1,1,1,Carrera 50 X Calle 79 Sur,143
11279,A00000585,jul/22/2019 10:00 a. m.,8,h,Caida Ocupante,jul/22/2019 10:00 a. m.,1,1,1,1,1,Calle 77 Sur X Carrera 55,140
11280,A00000589,jul/22/2019 05:00 p. m.,23,h,Caida Ocupante,jul/22/2019 05:00 p. m.,1,1,1,1,1,Calle 78 Sur X Carrera 52A,143
11329,A00000066,ene/25/2019 05:10 p. m.,23,d,Choque,ene/25/2019 05:10 p. m.,1,1,1,1,1,Calle 79 X Carrera 54,143
11330,A00000081,ene/29/2019 07:50 p. m.,23,d,Choque,ene/29/2019 07:50 p. m.,1,1,1,1,1,Carrera 50 X Calle 79 Sur,143
11340,A00000118,feb/07/2019 05:20 p. m.,12,h,Atropello,feb/07/2019 05:20 p. m.,1,1,1,1,1,Carrera 50 X Calle 95A Sur,143
11341,A00000083,feb/01/2019 12:50 p. m.,27,d,Choque,feb/01/2019 12:50 p. m.,1,1,1,1,1,Carrera 54 X Calle 74AA Sur,143
11343,A00000082,feb/01/2019 10:00 a. m.,23,h,Choque,feb/01/2019 10:00 a. m.,1,1,1,1,1,Calle 80 X Carrera 55 Sur,143
11350,A00000635,ago/06/2019 09:30 p. m.,17,h,Caida Ocupante,ago/06/2019 09:30 p. m.,1,1,1,1,1,Calle 80 X Carrera 56,140
11352,A00000634,ago/05/2019 08:15 p. m.,8,d,Choque,ago/05/2019 08:15 p. m.,1,1,1,10,1,Carrera 54 X Calle 75AB Sur,143
11353,A00000636,ago/06/2019 12:30 p. m.,3,d,Choque,ago/06/2019 12:30 p. m.,1,1,1,1,1,Calle 98 Sur X Carrera 48,143
11380,A00000117,feb/06/2019 02:00 p. m.,8,h,Atropello,feb/06/2019 02:00 p. m.,1,1,1,1,1,Calle 77 Sur X Carrera 56G,143
11411,A00000499,jun/20/2019 07:40 a. m.,3,d,Choque,jun/20/2019 07:40 a. m.,1,1,1,1,1,Carrera 48 X Calle 79C Sur,143
11417,A00000698,ago/26/2019 05:20 a. m.,3,h,Choque,ago/26/2019 05:20 a. m.,1,1,1,1,1,Carrera 50 X Calle 80 Sur,143
11418,A00000692,ago/24/2019 06:00 p. m.,12,h,Caida Ocupante,ago/24/2019 06:00 p. m.,1,1,1,1,1,Calle 97 Sur X Carrera 52,140
11419,A00000696,ago/25/2019 12:20 p. m.,1,d,Choque,ago/25/2019 12:20 p. m.,1,1,1,10,1,Calle 79 Sur X Carrera 61,143
11420,A00000693,ago/22/2019 09:00 a. m.,4,d,Choque,ago/22/2019 09:00 a. m.,1,1,1,1,1,Carrera 50 X Calle 48,143
11421,A00000695,ago/25/2019 12:30 p. m.,2,h,Otro,ago/25/2019 12:30 p. m.,1,1,1,1,1,Carrera 50 X Calle 100B Sur,143
11434,A00000139,feb/14/2019 05:50 p. m.,3,d,Choque,feb/14/2019 05:50 p. m.,1,1,1,1,1,Carrera 50 X Calle 79 Sur,143
11438,A00000711,ago/31/2019 06:36 a. m.,4,h,Choque,ago/31/2019 06:36 a. m.,1,1,1,2,1,Carrera 50 X Calle 79C Sur,143
11439,A00000712,ago/30/2019 07:50 a. m.,14,d,Choque,ago/30/2019 07:50 a. m.,1,1,1,1,1,Calle 87 Sur X Carrera 55,143
11440,A00000713,ago/30/2019 01:50 p. m.,19,d,Choque,ago/30/2019 01:50 p. m.,1,1,1,2,1,Carrera 54 X Calle 75AB Sur,143
11441,A00000714,ago/30/2019 04:40 p. m.,3,h,Choque,ago/30/2019 04:40 p. m.,1,1,1,1,1,Carrera 50 X Calle 98A Sur,143
11442,A00000715,ago/31/2019 02:20 p. m.,2,h,Caida Ocupante,ago/31/2019 02:20 p. m.,1,1,1,1,1,Carrera 50 X Calle 100B Sur,143
11443,A00000716,ago/30/2019 09:30 a. m.,2,h,Choque,ago/30/2019 09:30 a. m.,1,1,1,1,1,Carrera 50 X Calle 96 Sur,143
11444,A00000717,ago/31/2019 09:40 p. m.,15,d,Choque,ago/31/2019 09:40 p. m.,1,1,1,1,1,Calle 73 Sur X Carrera 63AA,143
11445,A00000718,ago/31/2019 04:40 p. m.,4,h,Choque,ago/31/2019 04:40 p. m.,1,1,1,1,1,Carrera 48 X Calle 98A Sur,143
11446,A00000719,sept/03/2019 09:20 a. m.,22,d,Choque,sept/03/2019 09:20 a. m.,1,1,1,1,1,Carrera 57 X Calle 82 Sur,143
11447,A00000720,sept/03/2019 11:00 a. m.,24,d,Choque,sept/03/2019 11:00 a. m.,1,1,1,1,1,Carrera 62 X Calle 87 Sur,143
11448,A00000721,sept/03/2019 11:00 a. m.,24,d,Choque,sept/03/2019 11:00 a. m.,1,1,1,1,1,Calle 87 Sur X Carrera 65A,143
11449,A00000141,feb/17/2019 09:00 a. m.,14,h,Choque,feb/17/2019 09:00 a. m.,1,1,1,1,1,Carrera 50 X Calle 80 Sur,143
9634,A000829126,jun/17/2018 08:30 p. m.,2,h,Otro,jun/17/2018 08:30 p. m.,1,1,1,1,1,Carrera 50 X Calle 100 Sur,145
9635,A000829127,jun/17/2018 07:20 p. m.,19,h,Choque,jun/17/2018 07:20 p. m.,1,1,1,2,1,Calle 74 Sur X Carrera 54,143
9636,A000829128,jun/17/2018 12:00 p. m.,11,d,Otro,jun/17/2018 12:00 p. m.,1,1,1,1,1,Carrera 63 X Calle 81 Sur,217
9639,A000829129,jun/17/2018 07:30 p. m.,2,h,Atropello,jun/17/2018 07:30 p. m.,1,1,1,1,1,Carrera 48C X Calle 100C Sur,409
9640,A000829130,jun/18/2018 01:00 p. m.,4,d,Choque,jun/18/2018 01:00 p. m.,1,1,1,1,1,Carrera 50 X Calle 79C Sur,143
9642,A000829132,jun/18/2018 12:00 p. m.,3,h,Caida Ocupante,jun/18/2018 12:00 p. m.,1,1,1,1,1,Carrera 50 X Calle 79 Sur,140
9643,A000829133,jun/19/2018 05:30 a. m.,20,h,Caida Ocupante,jun/19/2018 05:30 a. m.,1,1,1,1,1,Carrera 62 X Calle 83 Sur,140
9644,A000829131,jun/18/2018 09:20 a. m.,24,d,Choque,jun/18/2018 09:20 a. m.,1,1,1,1,1,Calle 87 Sur X Carrera 65A,143
9645,A000829135,jun/19/2018 10:20 p. m.,2,h,Caida Ocupante,jun/19/2018 10:20 p. m.,1,1,1,1,1,Carrera 49D X Calle 100 Sur,140
9646,A000829137,jun/19/2018 03:25 p. m.,2,h,Caida Ocupante,jun/19/2018 03:25 p. m.,1,1,1,1,1,Carrera 50 X Calle 99 Sur,140
9647,A000829138,jun/18/2018 04:40 p. m.,3,d,Choque,jun/18/2018 04:40 p. m.,1,1,1,1,1,Carrera 50 X Calle 79C Sur,143
9648,A000829139,jun/18/2018 02:30 p. m.,18,h,Choque,jun/18/2018 02:30 p. m.,1,1,1,1,1,Calle 77 Sur X Carrera 50A,143
9649,A000829140,jun/18/2018 06:20 p. m.,14,d,Volcamiento,jun/18/2018 06:20 p. m.,1,1,1,1,1,Carrera 55 X Calle 87 Sur,203
9650,A000829141,jun/21/2018 02:25 p. m.,23,d,Choque,jun/21/2018 02:25 p. m.,1,1,1,1,1,Carrera 48 X Calle 79C Sur,143
9651,A000829142,jun/21/2018 12:20 p. m.,11,h,Choque,jun/21/2018 12:20 p. m.,1,1,1,1,1,Calle 81 Sur X Carrera 62,143
9654,A000829136,jun/20/2018 04:00 p. m.,18,h,Caida Ocupante,jun/20/2018 04:00 p. m.,1,1,1,1,1,Calle 77 Sur X Carrera 50A,140
9660,A000829145,jun/21/2018 05:40 p. m.,13,h,Choque,jun/21/2018 05:40 p. m.,1,1,1,1,1,Carrera 50 X Calle 97B Sur,143
9722,A000829179,jul/08/2018 02:20 p. m.,3,h,Choque,jul/08/2018 02:20 p. m.,1,1,1,1,1,Carrera 50 X Calle 77 Sur,143
9723,A000829180,jul/09/2018 06:10 p. m.,14,h,Caida Ocupante,jul/09/2018 06:10 p. m.,1,1,1,1,1,Carrera 50 X Calle 80 Sur,140
9725,A000829181,jul/09/2018 02:45 p. m.,15,h,Otro,jul/09/2018 02:45 p. m.,1,1,1,1,1,Carrera 62 X Calle 75 Sur,143
10005,A00000674,ago/21/2018 11:40 a. m.,2,d,Choque,ago/21/2018 11:40 a. m.,1,3,1,1,1,Carrera 50 X Calle 100 Sur,121
10006,A00000696,ago/29/2018 01:45 p. m.,15,h,Caida Ocupante,ago/29/2018 01:45 p. m.,1,1,1,1,1,Calle 73 Sur X Carrera 62,140
11640,A00000856,oct/14/2019 11:45 a. m.,3,d,Choque,oct/14/2019 11:45 a. m.,1,1,1,1,1,Carrera 50 X Calle 98AA Sur,143
11663,A00000966,nov/22/2019 10:45 a. m.,4,d,Choque,nov/22/2019 10:45 a. m.,1,1,1,1,1,Carrera 100 X Calle 48,143
11664,A00000925,nov/05/2019 02:30 p. m.,9,h,Atropello,nov/05/2019 02:30 p. m.,1,1,1,1,1,Calle 74 X Carrera 62A,409
11665,A00000977,nov/24/2019 09:30 a. m.,23,d,Choque,nov/24/2019 09:30 a. m.,1,1,1,2,1,Carrera 55 X Calle 79C Sur,143
11666,A00000978,nov/26/2019 07:55 p. m.,16,h,Atropello,nov/26/2019 07:55 p. m.,1,1,1,1,1,Carrera 56DD X Calle 83 Sur,409