NRO_RADICADO,NUMERO_EXPEDIENTE,FECHA_ACCIDENTE,ID_ZONA,GRAVEDAD,DESC_CLASE_ACCIDENTE,HORA_ACCIDENTE,AREA,SECTOR,ZONA,DISENO,ESTADO_TIEMPO,VIA_ACCID,POSIBLE_CAUSA
11667,A00000979,nov/25/2019 05:00 p. m.,3,h,Choque,nov/25/2019 05:00 p. m.,1,1,1,1,1,Carrera 50 X Calle 97B Sur,143
11668,A00000980,nov/25/2019 01:40 p. m.,1,d,Choque,nov/25/2019 01:40 p. m.,1,1,1,1,1,Calle 81 Sur X Carrera 61,143
11669,A00000981,nov/27/2019 10:00 a. m.,1,d,Choque,nov/27/2019 10:00 a. m.,1,1,1,1,1,Carrera 57B X Calle 80 Sur,143
11670,A00000982,nov/26/2019 12:40 p. m.,23,d,Choque,nov/26/2019 12:40 p. m.,1,1,1,1,1,Carrera 54 X Calle 79AA Sur,143
11671,A00000983,nov/27/2019 06:00 a. m.,3,h,Caida Ocupante,nov/27/2019 06:00 a. m.,1,1,1,1,1,Carrera 50 X Calle 92 Sur,140
11672,A00000984,nov/26/2019 10:30 p. m.,12,d,Choque,nov/26/2019 10:30 p. m.,1,1,1,1,1,Carrera 51 X Calle 95A,143
11673,A00000985,nov/27/2019 11:30 a. m.,1,d,Choque,nov/27/2019 11:30 a. m.,1,1,1,1,1,Calle 83A X Carrera 61,143
11674,A00000987,nov/27/2019 05:20 a. m.,23,h,Caida Ocupante,nov/27/2019 05:20 a. m.,1,1,1,1,1,Carrera 53 X Calle 79 Sur,140
11675,A00000988,nov/28/2019 11:15 a. m.,1,h,Atropello,nov/28/2019 11:15 a. m.,1,1,1,1,1,Calle 81 Sur X Carrera 59,409
11676,A00000986,nov/27/2019 12:00 p. m.,24,d,Choque,nov/27/2019 12:00 p. m.,1,1,1,1,1,Calle 87 Sur X Carrera 55,143
11677,A00000989,nov/28/2019 07:00 a. m.,9,h,Caida Ocupante,nov/28/2019 07:00 a. m.,1,1,1,1,1,Calle 74 Sur X Carrera 56,140
11678,A00000990,nov/30/2019 07:30 a. m.,15,h,Choque,nov/30/2019 07:30 a. m.,1,1,1,1,1,Carrera 62 X Calle 75 Sur,143
11679,A00000947,nov/15/2019 08:35 p. m.,3,d,Choque,nov/15/2019 08:35 p. m.,1,1,1,1,1,Carrera 50 X Calle 91 Sur,143
11681,A00000994,dic/08/2018 04:30 p. m.,26,d,Choque,dic/08/2018 04:30 p. m.,1,1,1,1,1,Calle 77 Sur X Carrera 50A,143
11682,A00000955,nov/17/2019 08:55 a. m.,1,d,Choque,nov/17/2019 08:55 a. m.,1,1,1,1,1,Calle 81 Sur X Carrera 60,143
11700,A0000000010,ene/06/2020 05:50 p. m.,4,h,Atropello,ene/06/2020 05:50 p. m.,1,2,5,1,1,Carrera 48 X Calle 100 Sur,409
11744,A00000738,sept/10/2019 03:20 p. m.,2,d,Choque,sept/10/2019 03:20 p. m.,1,1,1,1,1,Calle 100 Sur X Carrera 50,143
11750,A0000000020,ene/14/2020 12:10 a. m.,18,h,Volcamiento,ene/14/2020 12:10 a. m.,1,1,1,1,1,Carrera 50 X Calle 77 Sur,143
11751,A0000000021,ene/12/2020 04:20 p. m.,24,h,Choque,ene/12/2020 04:20 p. m.,1,1,1,1,1,Carrera 62 X Calle 83A,143
11773,A000001039,dic/16/2019 09:00 a. m.,19,h,Caida Ocupante,dic/16/2019 09:00 a. m.,1,1,1,1,1,Calle 77 Sur X Carrera 55,143
11774,A000001041,dic/16/2019 03:30 p. m.,8,h,Caida Ocupante,dic/16/2019 03:30 p. m.,1,1,1,1,1,Calle 77 Sur X Carrera 55,143
11775,A00000862,oct/16/2019 09:00 a. m.,14,h,Choque,oct/16/2019 09:00 a. m.,1,1,1,1,1,Calle 83C Sur X Carrera 55,143
11784,A000001070,dic/26/2019 07:55 a. m.,2,h,Caida Ocupante,dic/26/2019 07:55 a. m.,1,1,1,1,1,Calle 100B Sur X Carrera 48,143
11792,A0000000028,ene/15/2020 06:00 a. m.,3,d,Choque,ene/15/2020 06:00 a. m.,1,1,1,1,1,Carrera 51 X Calle 98 Sur,143
11793,A0000000110,feb/06/2020 09:40 a. m.,19,d,Choque,feb/06/2020 09:40 a. m.,1,1,1,1,1,Carrera 57 X Calle 76 Sur,139
11539,A00000783,sept/21/2019 05:30 a. m.,14,h,Choque,sept/21/2019 05:30 a. m.,1,1,1,1,1,Carrera 50 X Calle 88 Sur,143
11540,A00000786,sept/22/2019 07:30 p. m.,8,h,Choque,sept/22/2019 07:30 p. m.,1,1,1,2,1,Carrera 54 X Calle 75AA Sur,143
11541,A00000788,sept/23/2019 04:20 p. m.,21,h,Atropello,sept/23/2019 04:20 p. m.,1,1,1,1,1,Calle 87 Sur X Carrera 60,409
11542,A00000789,sept/23/2019 06:00 p. m.,14,d,Choque,sept/23/2019 06:00 p. m.,1,1,1,2,1,Carrera 55 X Calle 83C Sur,143
11543,A00000790,sept/23/2019 08:10 p. m.,2,h,Caida Ocupante,sept/23/2019 08:10 p. m.,1,1,1,1,1,Carrera 50 X Calle 98 Sur,140
11544,A00000791,sept/24/2019 04:50 a. m.,14,h,Choque,sept/24/2019 04:50 a. m.,1,1,1,1,1,Carrera 50 X Calle 83C Sur,143
11545,A00000792,sept/24/2019 09:00 p. m.,14,h,Caida Ocupante,sept/24/2019 09:00 p. m.,1,1,1,1,1,Carrera 55DD X Calle 84 Sur,140
11546,A00000793,sept/25/2019 08:05 p. m.,19,h,Choque,sept/25/2019 08:05 p. m.,1,1,1,1,1,Carrera 59 X Calle 77 Sur,143
11547,A00000795,sept/26/2019 05:10 a. m.,19,h,Atropello,sept/26/2019 05:10 a. m.,1,1,1,1,1,Calle 77 Sur X Carrera 59,409
11548,A00000797,sept/25/2019 03:50 p. m.,4,d,Choque,sept/25/2019 03:50 p. m.,1,1,1,1,1,Carrera 50 X Calle 48,143
11549,A00000799,sept/26/2019 07:50 p. m.,3,h,Caida Ocupante,sept/26/2019 07:50 p. m.,1,1,1,1,1,Carrera 50 X Calle 97 Sur,140
11568,A00000835,oct/09/2019 07:20 a. m.,22,d,Choque,oct/09/2019 07:20 a. m.,1,1,1,1,1,Carrera 59 X Calle 82 Sur,143
11569,A00000837,oct/09/2019 05:50 a. m.,3,h,Volcamiento,oct/09/2019 05:50 a. m.,1,1,1,1,1,Carrera 50 X Calle 97 Sur,140
11570,A00000838,oct/10/2019 07:00 p. m.,3,h,Otro,oct/10/2019 07:00 p. m.,1,1,1,1,1,Calle 50 X Carrera 91,140
11571,A00000832,oct/08/2019 07:30 a. m.,2,d,Choque,oct/08/2019 07:30 a. m.,1,1,1,1,1,Carrera 50 X Calle 100 Sur,143
11572,A00000840,oct/10/2019 05:45 a. m.,3,h,Choque,oct/10/2019 05:45 a. m.,1,1,1,1,1,Carrera 50 X Calle 89 Sur,143
11575,A00000844,oct/11/2019 12:00 p. m.,2,h,Caida Ocupante,oct/11/2019 12:00 p. m.,1,1,1,2,1,Calle 100 Sur X Carrera 50,140
11576,A00000845,oct/11/2019 10:00 a. m.,3,h,Choque,oct/11/2019 10:00 a. m.,1,1,1,1,1,Carrera 50 X Calle 91 Sur,143
11577,A00000846,oct/11/2019 05:00 p. m.,3,h,Otro,oct/11/2019 05:00 p. m.,1,1,1,1,1,Carrera 50 X Calle 79 Sur,140
11578,A00000849,oct/12/2019 08:30 a. m.,17,h,Caida Ocupante,oct/12/2019 08:30 a. m.,1,1,1,1,1,Calle 80 X Carrera 56B,140
11579,A00000850,oct/13/2019 12:30 p. m.,19,d,Choque,oct/13/2019 12:30 p. m.,1,1,1,1,1,Calle 77 Sur X Carrera 52D,143
11580,A00000851,oct/13/2019 08:30 p. m.,14,d,Choque,oct/13/2019 08:30 p. m.,1,1,1,2,1,Carrera 50 X Calle 83C Sur,143
11581,A00000853,oct/13/2019 03:45 a. m.,15,h,Volcamiento,oct/13/2019 03:45 a. m.,1,1,1,1,1,Carrera 62A X Calle 75AA Sur,140
11582,A00000854,oct/13/2019 07:30 a. m.,19,h,Volcamiento,oct/13/2019 07:30 a. m.,1,1,1,1,1,Calle 77 Sur X Carrera 50D,140
11583,A00000855,oct/14/2019 05:50 a. m.,4,h,Choque,oct/14/2019 05:50 a. m.,1,1,1,2,1,Carrera 50 X Calle 48,143
11602,A00000102,ene/29/2019 01:30 a. m.,1,d,Choque,ene/29/2019 01:30 a. m.,1,1,1,1,1,Carrera 48 X Calle 100 Sur,143
11603,A00000852,oct/13/2019 08:30 p. m.,4,d,Otro,oct/13/2019 08:30 p. m.,1,1,1,1,1,Carrera 50 X Calle 79C Sur,140
11605,A00000787,sept/23/2019 05:00 p. m.,23,h,Choque,sept/23/2019 05:00 p. m.,1,1,1,1,1,Carrera 50 X Calle 79 Sur,143
11606,A00000900,oct/30/2019 04:20 p. m.,15,h,Choque,oct/30/2019 04:20 p. m.,1,1,1,2,1,Carrera 62 X Calle 74 Sur,143
11607,A00000901,oct/30/2019 09:00 p. m.,23,h,Choque,oct/30/2019 09:00 p. m.,1,1,1,1,1,Carrera 50 X Calle 79 Sur,143
11608,A00000902,oct/30/2019 09:30 p. m.,23,d,Choque,oct/30/2019 09:30 p. m.,1,1,1,1,1,Carrera 50 X Calle 79C Sur,143
11609,A00000903,oct/31/2019 12:20 p. m.,6,h,Caida Ocupante,oct/31/2019 12:20 p. m.,1,1,1,7,1,Carrera 55 X Calle 82A Sur,140
11610,A00000904,oct/30/2019 10:20 p. m.,23,d,Choque,oct/30/2019 10:20 p. m.,1,1,1,2,1,Carrera 50 X Calle 79C Sur,143
11611,A00000905,oct/31/2019 10:00 p. m.,2,h,Otro,oct/31/2019 10:00 p. m.,1,1,1,1,1,Carrera 50 X Calle 98D Sur,140
11612,A00000907,nov/01/2019 04:30 p. m.,18,h,Volcamiento,nov/01/2019 04:30 p. m.,1,1,1,7,1,Calle 77 Sur X Carrera 52,143
11613,A00000908,nov/01/2019 08:10 a. m.,12,h,Choque,nov/01/2019 08:10 a. m.,1,1,1,1,1,Carrera 50 X Calle 91 Sur,143
11614,A00000906,oct/31/2019 08:40 p. m.,18,d,Choque,oct/31/2019 08:40 p. m.,1,1,1,7,1,Calle 77 Sur X Carrera 52,143
11615,A00000872,oct/22/2019 04:00 p. m.,3,d,Choque,oct/22/2019 04:00 p. m.,1,1,1,1,1,Carrera 50 X Calle 97B Sur,143
11616,A00000909,nov/01/2019 09:00 a. m.,23,h,Atropello,nov/01/2019 09:00 a. m.,1,1,1,1,1,Carrera 50 X Calle 79 Sur,409
11617,A00000879,oct/23/2019 06:50 p. m.,4,h,Atropello,oct/23/2019 06:50 p. m.,1,1,1,1,1,Carrera 50 X Calle 48,409
11618,A00000873,oct/22/2019 03:00 p. m.,5,h,Caida Ocupante,oct/22/2019 03:00 p. m.,1,1,1,1,1,Calle 94B Sur X Carrera 59,140
11619,A00000874,oct/23/2019 07:40 a. m.,12,h,Caida Ocupante,oct/23/2019 07:40 a. m.,1,1,1,1,1,Carrera 50 X Calle 96 Sur,140
11620,A00000875,oct/23/2019 07:10 a. m.,12,h,Caida Ocupante,oct/23/2019 07:10 a. m.,1,1,1,1,1,Carrera 50 X Calle 96 Sur,140
11630,A00000839,oct/11/2019 12:45 a. m.,26,h,Caida Ocupante,oct/11/2019 12:45 a. m.,1,1,1,1,1,Calle 87 Sur X Carrera 65,143
11653,A00000733,sept/07/2019 09:15 p. m.,1,d,Otro,sept/07/2019 09:15 p. m.,1,1,1,2,1,Carrera 61 X Calle 79 Sur,157
11654,A00000938,nov/09/2019 10:10 a. m.,1,d,Choque,nov/09/2019 10:10 a. m.,1,1,1,1,1,Calle 81 Sur X Carrera 60,143
11655,A00000916,nov/02/2019 07:50 a. m.,3,d,Choque,nov/02/2019 07:50 a. m.,1,1,1,2,1,Carrera 50 X Calle 97 Sur,143
11656,A00000917,nov/03/2019 06:00 a. m.,17,h,Volcamiento,nov/03/2019 06:00 a. m.,1,1,1,2,1,Carrera 54 X Calle 80 Sur,140
11657,A00000918,nov/03/2019 05:00 a. m.,23,h,Atropello,nov/03/2019 05:00 a. m.,1,1,1,1,1,Carrera 50 X Calle 79 Sur,409
11658,A00000919,nov/04/2019 04:50 p. m.,1,h,Caida Ocupante,nov/04/2019 04:50 p. m.,1,1,1,1,1,Carrera 60 X Calle 83 Sur,140
11659,A00000921,nov/05/2019 02:40 p. m.,4,h,Choque,nov/05/2019 02:40 p. m.,1,1,1,2,1,Carrera 50 X Calle 79C Sur,143
11701,A00000937,nov/08/2019 12:20 p. m.,20,h,Atropello,nov/08/2019 12:20 p. m.,1,1,1,1,1,Carrera 63 X Calle 79 Sur,143
12148,A000000358,jun/05/2020 11:30 a. m.,2,d,Choque,jun/05/2020 11:30 a. m.,1,2,5,10,1,Calle 98 X Carrera 48,145
12149,A000000359,jun/06/2020 01:20 p. m.,18,d,Choque,jun/06/2020 01:20 p. m.,1,1,1,1,1,Calle 77 Sur X Carrera 52,145
12150,A000000355,jun/04/2020 07:10 p. m.,2,h,Caida Ocupante,jun/04/2020 07:10 p. m.,1,2,5,10,1,Carrera 50 X Calle 97B Sur,143
12151,A000000360,jun/06/2020 05:00 p. m.,2,d,Choque,jun/06/2020 05:00 p. m.,1,1,1,1,1,Carrera 50 X Calle 100 Sur,106
12152,A000000361,jun/06/2020 09:00 p. m.,19,h,Choque,jun/06/2020 09:00 p. m.,1,1,1,1,1,Carrera 75AA Sur X Calle 7,104
12153,A000000362,jun/07/2020 04:00 p. m.,1,d,Choque,jun/07/2020 04:00 p. m.,1,1,1,1,1,Calle 82 Sur X Carrera 61,139
12154,A000000363,jun/08/2020 06:10 p. m.,9,d,Choque,jun/08/2020 06:10 p. m.,1,1,1,1,1,Calle 71 Sur X Carrera 57,116
12155,A000000364,jun/08/2020 07:30 a. m.,20,d,Choque,jun/08/2020 07:30 a. m.,1,1,1,1,1,Carrera 63C X Calle 80 Sur,145
12156,A000000365,jun/08/2020 08:10 a. m.,26,d,Choque,jun/08/2020 08:10 a. m.,1,1,1,1,1,Calle 87 Sur X Carrera 55,143
12157,A000000366,jun/09/2020 04:25 p. m.,23,d,Choque,jun/09/2020 04:25 p. m.,1,1,1,1,1,Calle 79 Sur X Carrera 54,121
12158,A000000367,jun/08/2020 11:30 p. m.,3,h,Caida Ocupante,jun/08/2020 11:30 p. m.,1,1,1,1,1,Carrera 50 X Calle 98 Sur,157
12159,A000000369,jun/09/2020 04:50 p. m.,2,d,Choque,jun/09/2020 04:50 p. m.,1,2,5,10,1,Carrera 48B X Calle 99,143
12164,A000000370,jun/09/2020 07:10 a. m.,24,h,Volcamiento,jun/09/2020 07:10 a. m.,1,1,1,1,1,Calle 87 SurOriente X Carrera 65B,157
12165,A000000371,jun/10/2020 06:45 a. m.,3,d,Choque,jun/10/2020 06:45 a. m.,1,3,4,1,1,Carrera 50 X Calle 79C Sur,121
12170,A0000000262,abr/19/2020 12:30 p. m.,10,d,Choque,abr/19/2020 12:30 p. m.,1,2,1,1,1,Calle 80 Sur X Carrera 58,116
12171,A0000000263,abr/20/2020 12:00 p. m.,12,d,Choque,abr/20/2020 12:00 p. m.,1,2,1,1,1,Carrera 50 X Calle 96 Sur,157
12172,A0000000264,abr/21/2020 09:50 a. m.,15,h,Caida Ocupante,abr/21/2020 09:50 a. m.,1,1,1,1,1,Carrera 62A X Calle 77 Sur,304
12173,A0000000265,abr/22/2020 06:30 p. m.,2,h,Atropello,abr/22/2020 06:30 p. m.,1,1,1,1,1,Carrera 50 X Calle 99 Sur,112
12174,A0000000266,abr/23/2020 11:00 a. m.,11,h,Caida Ocupante,abr/23/2020 11:00 a. m.,1,2,1,1,1,Calle 65 X Carrera 65,157
12175,A00000975,nov/24/2019 11:50 a. m.,2,d,Choque,nov/24/2019 11:50 a. m.,1,2,1,1,1,Carrera 50 X Calle 95 Sur,121
12218,A000000516,ago/15/2020 07:00 p. m.,23,h,Choque,ago/15/2020 07:00 p. m.,1,2,1,1,1,Carrera 55 X Calle 79 Sur,119
12219,A000000539,ago/25/2020 08:10 a. m.,2,d,Choque,ago/25/2020 08:10 a. m.,1,1,1,2,1,Calle 98D Sur X Carrera 54,132
12303,A000000330,may/23/2020 05:45 a. m.,3,h,Caida Ocupante,may/23/2020 05:45 a. m.,1,2,1,1,1,Carrera 50 X Calle 97B Sur,502
12304,A000000331,may/24/2020 05:50 a. m.,12,h,Caida Ocupante,may/24/2020 05:50 a. m.,1,1,1,1,1,Calle 96B Sur X Carrera 51,303
12305,A000000332,may/23/2020 08:00 a. m.,4,h,Choque,may/23/2020 08:00 a. m.,1,2,1,1,1,Carrera 48 X Calle 100 Sur,139
12306,A000000333,may/26/2020 05:35 p. m.,14,h,Caida Ocupante,may/26/2020 05:35 p. m.,1,1,1,1,1,Carrera 55 X Calle 87 Sur,116
12307,A000000334,may/27/2020 05:00 p. m.,7,d,Choque,may/27/2020 05:00 p. m.,1,1,1,1,1,Carrera 55G X Calle 82 Sur,157
12308,A000000335,may/26/2020 11:30 a. m.,2,h,Caida Ocupante,may/26/2020 11:30 a. m.,1,2,1,1,1,Carrera 50 X Calle 99 Sur,145
12309,A000000338,may/27/2020 02:00 p. m.,3,d,Choque,may/27/2020 02:00 p. m.,1,2,1,2,1,Carrera 50 X Calle 79 Sur,112
12337,A000000517,ago/18/2020 05:30 p. m.,2,h,Choque,ago/18/2020 05:30 p. m.,1,1,1,1,2,Carrera 50 X Calle 99 Sur,105
12338,A000000510,ago/14/2020 09:40 a. m.,18,h,Choque,ago/14/2020 09:40 a. m.,1,1,1,1,1,Carrera 52D X Calle 75AB Sur,157
12339,A000000518,ago/10/2020 05:15 p. m.,6,d,Choque,ago/10/2020 05:15 p. m.,1,1,1,7,1,Carrera 55 X Calle 82 Sur,157
12340,A000000529,ago/22/2020 04:20 p. m.,18,d,Choque,ago/22/2020 04:20 p. m.,1,2,1,1,1,Carrera 50 X Calle 77 Sur,119
12341,A000000512,ago/14/2020 10:45 a. m.,22,d,Choque,ago/14/2020 10:45 a. m.,1,1,1,1,1,Calle 82 Sur X Carrera 58,112
12372,A00000967,nov/22/2019 02:45 p. m.,1,h,Choque,nov/22/2019 02:45 p. m.,1,1,1,1,1,Carrera 50 X Calle 92 Sur,105
12373,A000000336,may/27/2020 12:40 p. m.,22,d,Choque,may/27/2020 12:40 p. m.,1,1,1,1,1,Carrera 57 X Calle 80 Sur,145
12374,A000000337,may/27/2020 08:50 a. m.,26,d,Choque,may/27/2020 08:50 a. m.,1,2,1,1,1,Calle 77 Sur X Carrera 53,112
12377,A000000339,may/28/2020 09:00 a. m.,3,h,Choque,may/28/2020 09:00 a. m.,1,3,1,1,1,Carrera 50 X Calle 91 Sur,121
12427,A000000580,sept/09/2020 09:10 a. m.,26,d,Choque,sept/09/2020 09:10 a. m.,1,1,1,1,1,Carrera 62 X Calle 82 Sur,112
12434,A000000342,may/28/2020 07:40 p. m.,2,h,Choque,may/28/2020 07:40 p. m.,1,2,1,1,1,Carrera 50 X Calle 97B,112
12436,A0000000041,ene/17/2020 01:20 p. m.,4,d,Choque,ene/17/2020 01:20 p. m.,1,2,1,1,1,Carrera 50 X Calle 79C Sur,112
12536,A000000023,ene/14/2021 09:40 a. m.,14,d,Choque,ene/14/2021 09:40 a. m.,1,1,1,2,1,Carrera 50 X Calle 87 Sur,132
12537,A000000024,ene/14/2021 12:45 p. m.,3,h,Atropello,ene/14/2021 12:45 p. m.,1,2,1,1,1,Carrera 50 X Calle 80 Sur,143
12538,A000000025,ene/15/2021 03:40 p. m.,27,d,Choque,ene/15/2021 03:40 p. m.,1,1,1,1,1,Calle 75B X Carrera 56,112
12542,A000000029,ene/15/2021 02:50 p. m.,3,h,Caida Ocupante,ene/15/2021 02:50 p. m.,1,2,1,1,1,Carrera 50 X Calle 79 Sur,157
12543,A000000030,ene/15/2021 12:30 p. m.,3,h,Choque,ene/15/2021 12:30 p. m.,1,2,1,2,1,Carrera 50 X Calle 106 Sur,116
12544,A000000031,ene/16/2021 09:00 a. m.,2,h,Caida Ocupante,ene/16/2021 09:00 a. m.,1,1,1,1,1,Calle 98 Sur X Carrera 54,139
12545,A000000033,ene/17/2021 12:10 p. m.,23,d,Choque,ene/17/2021 12:10 p. m.,1,1,1,2,1,Carrera 55 X Calle 79 Sur,121
12546,A000000034,ene/17/2021 07:00 p. m.,5,h,Atropello,ene/17/2021 07:00 p. m.,1,1,1,1,1,Calle 95 Sur X Carrera 55,116
12547,A000000035,ene/18/2021 12:00 p. m.,16,h,Caida Ocupante,ene/18/2021 12:00 p. m.,1,1,1,2,1,Calle 83D X Carrera 56B,139
12562,A000000600,sept/17/2020 11:50 a. m.,2,d,Choque,sept/17/2020 11:50 a. m.,1,2,1,1,1,Carrera 48 X Calle 99 Sur,139
12563,A000000601,sept/17/2020 03:30 p. m.,1,d,Choque,sept/17/2020 03:30 p. m.,1,1,1,1,1,Calle 81 Sur X Carrera 59,157
11451,A00000541,jul/05/2019 12:30 p. m.,23,d,Volcamiento,jul/05/2019 12:30 p. m.,1,1,1,1,1,Carrera 52 X Calle 79 Sur,143
11452,A00000542,jul/05/2019 08:00 a. m.,15,h,Caida Ocupante,jul/05/2019 08:00 a. m.,1,1,1,1,1,Carrera 62 X Calle 76 Sur,143
11453,A00000153,feb/20/2019 05:30 p. m.,9,d,Choque,feb/20/2019 05:30 p. m.,1,1,1,1,1,Calle 75 Sur X Carrera 54,143
11456,A00000550,jul/07/2019 10:00 p. m.,1,d,Choque,jul/07/2019 10:00 p. m.,1,1,1,1,1,Carrera 60 X Calle 83A Sur,143
11457,A00000553,jul/09/2019 02:00 p. m.,2,h,Caida Ocupante,jul/09/2019 02:00 p. m.,1,1,1,1,1,Carrera 50 X Calle 100 Sur,143
11458,A00000722,sept/03/2019 07:20 a. m.,2,d,Choque,sept/03/2019 07:20 a. m.,1,1,1,1,1,Carrera 50 X Calle 99 Sur,143
11459,A00000723,sept/02/2019 04:30 p. m.,19,d,Choque,sept/02/2019 04:30 p. m.,1,1,1,1,1,Calle 75AA X Carrera 57,143
11460,A00000724,sept/03/2019 01:40 p. m.,15,d,Choque,sept/03/2019 01:40 p. m.,1,1,1,1,1,Carrera 62A X Calle 74 Sur,143
11461,A00000725,sept/04/2019 05:50 p. m.,19,h,Choque,sept/04/2019 05:50 p. m.,1,1,1,1,1,Calle 77 Sur X Carrera 57,143
11462,A00000726,sept/04/2019 10:40 a. m.,1,h,Choque,sept/04/2019 10:40 a. m.,1,1,1,1,1,Carrera 60 X Calle 80 Sur,143
11463,A00000727,sept/04/2019 02:45 p. m.,2,d,Choque,sept/04/2019 02:45 p. m.,1,1,1,1,1,Calle 100 Sur X Carrera 50,143
11464,A00000728,sept/05/2019 10:00 a. m.,20,d,Choque,sept/05/2019 10:00 a. m.,1,1,1,1,1,Calle 81 Sur X Carrera 63,140
11465,A00000729,sept/05/2019 05:50 a. m.,23,h,Choque,sept/05/2019 05:50 a. m.,1,1,1,2,1,Calle 78A Sur X Carrera 52A,143
11474,A00000751,sept/12/2019 03:30 p. m.,23,h,Otro,sept/12/2019 03:30 p. m.,1,1,1,1,1,Calle 79 Sur X Carrera 53,409
11475,A00000753,sept/12/2019 06:15 p. m.,16,h,Caida Ocupante,sept/12/2019 06:15 p. m.,1,1,1,1,1,Calle 83 Sur X Carrera 57 Sur,140
11476,A00000758,sept/14/2019 06:00 a. m.,8,h,Choque,sept/14/2019 06:00 a. m.,1,1,1,1,1,Carrera 55 X Calle 77 Sur,143
11477,A00000756,sept/13/2019 06:10 a. m.,19,h,Caida Ocupante,sept/13/2019 06:10 a. m.,1,1,1,1,1,Calle 77 Sur X Carrera 52,140
11478,A00000752,sept/12/2019 11:40 a. m.,3,d,Choque,sept/12/2019 11:40 a. m.,1,1,1,1,1,Carrera 50 X Calle 79 Sur,143
11479,A00000757,sept/13/2019 05:30 a. m.,19,h,Caida Ocupante,sept/13/2019 05:30 a. m.,1,1,1,1,1,Carrera 55 X Calle 77 Sur,140
11481,A00000759,sept/14/2019 01:00 p. m.,11,d,Choque,sept/14/2019 01:00 p. m.,1,1,1,1,1,Carrera 66 X Calle 73,143
11482,A00000760,sept/14/2019 08:15 p. m.,3,d,Choque,sept/14/2019 08:15 p. m.,1,1,1,5,1,Calle 80 X Carrera 57,143
11512,A00000799,sept/30/2018 01:30 p. m.,25,h,Choque,sept/30/2018 01:30 p. m.,1,1,1,1,1,Carrera 59 X Calle 81 Sur,143
11535,A00000736,sept/09/2019 10:50 a. m.,3,d,Choque,sept/09/2019 10:50 a. m.,1,1,1,1,1,Carrera 50 X Calle 79 Sur,143
11536,A00000741,sept/08/2019 07:00 p. m.,2,d,Choque,sept/08/2019 07:00 p. m.,1,1,1,1,1,Carrera 500 X Calle 100,143
11551,A00000796,sept/26/2019 07:10 a. m.,22,d,Choque,sept/26/2019 07:10 a. m.,1,1,1,1,1,Carrera 59 X Calle 82A Sur,143
11559,A00000732,sept/06/2019 05:50 a. m.,23,h,Caida Ocupante,sept/06/2019 05:50 a. m.,1,1,1,1,1,Carrera 55B X Calle 79 Sur,143
11560,A00000734,sept/07/2019 06:30 p. m.,3,h,Caida Ocupante,sept/07/2019 06:30 p. m.,1,1,1,1,1,Carrera 49D X Calle 97AA Sur,143
11561,A00000737,sept/10/2019 02:50 p. m.,2,h,Choque,sept/10/2019 02:50 p. m.,1,1,1,1,1,Carrera 48 X Calle 99 Sur,143
11641,A00000864,oct/16/2019 04:45 p. m.,4,d,Choque,oct/16/2019 04:45 p. m.,1,1,1,1,1,Carrera 49 X Calle 79C Sur,143
11642,A00000886,oct/26/2019 01:17 p. m.,3,d,Choque,oct/26/2019 01:17 p. m.,1,1,1,1,1,Carrera 50 X Calle 79 Sur,143
11643,A00000892,oct/29/2019 05:30 a. m.,12,h,Caida Ocupante,oct/29/2019 05:30 a. m.,1,1,1,1,1,Carrera 50 X Calle 94 Sur,143
11644,A00000895,oct/29/2019 10:00 a. m.,14,d,Choque,oct/29/2019 10:00 a. m.,1,1,1,1,1,Carrera 55 X Calle 87 Sur,143
11645,A00000899,oct/30/2019 06:25 a. m.,3,h,Choque,oct/30/2019 06:25 a. m.,1,1,1,1,1,Calle 83A Sur X Carrera 57,143
11646,A00000898,oct/29/2019 06:00 p. m.,4,h,Choque,oct/29/2019 06:00 p. m.,1,1,1,1,1,Carrera 50 X Calle 79 Sur,143
11647,A00000911,nov/02/2019 01:50 p. m.,7,h,Atropello,nov/02/2019 01:50 p. m.,1,1,1,1,1,Calle 82 Sur X Carrera 55,409
11648,A00000912,nov/02/2019 11:10 a. m.,23,d,Choque,nov/02/2019 11:10 a. m.,1,1,1,1,1,Carrera 55 X Calle 79C Sur,143
11649,A00000913,nov/02/2019 08:30 a. m.,4,d,Choque,nov/02/2019 08:30 a. m.,1,1,1,1,1,Carrera 50 X Calle 79 Sur,143
11650,A00000914,nov/02/2019 05:50 a. m.,2,d,Choque,nov/02/2019 05:50 a. m.,1,1,1,2,1,Calle 100 Sur X Carrera 47,143
11651,A00000910,nov/02/2019 07:50 a. m.,3,h,Choque,nov/02/2019 07:50 a. m.,1,1,1,1,1,Carrera 50 X Calle 95,143
11652,A00000915,nov/04/2019 02:50 p. m.,17,h,Choque,nov/04/2019 02:50 p. m.,1,1,1,2,1,Carrera 55 X Calle 80 Sur,143
11680,A000001002,dic/03/2019 11:35 a. m.,23,d,Choque,dic/03/2019 11:35 a. m.,1,1,1,1,1,Calle 79 Sur X Carrera 54,143