NRO_RADICADO,NUMERO_EXPEDIENTE,FECHA_ACCIDENTE,ID_ZONA,GRAVEDAD,DESC_CLASE_ACCIDENTE,HORA_ACCIDENTE,AREA,SECTOR,ZONA,DISENO,ESTADO_TIEMPO,VIA_ACCID,POSIBLE_CAUSA
11684,A00000960,nov/20/2019 01:22 p. m.,8,d,Choque,nov/20/2019 01:22 p. m.,1,1,1,1,1,Carrera 52 X Calle 77 Sur,143
11692,A0000000007,ene/03/2020 08:00 p. m.,2,h,Choque,ene/03/2020 08:00 p. m.,1,1,1,1,1,Carrera 50 X Calle 100B Sur,139
11693,A0000000008,ene/04/2020 08:45 p. m.,18,h,Choque,ene/04/2020 08:45 p. m.,1,1,1,1,1,Calle 77 Sur X Carrera 50,157
11694,A0000000009,ene/06/2020 04:20 p. m.,2,h,Caida Ocupante,ene/06/2020 04:20 p. m.,1,1,1,1,1,Calle 100B Sur X Carrera 48,157
11695,A0000000011,ene/08/2020 07:00 a. m.,3,d,Choque,ene/08/2020 07:00 a. m.,1,1,1,1,1,Carrera 50 X Calle 98 Sur,116
11696,A0000000012,ene/07/2020 12:40 p. m.,3,d,Choque,ene/07/2020 12:40 p. m.,1,1,1,1,1,Carrera 50 X Calle 98 Sur,121
11697,A0000000013,ene/07/2020 07:00 p. m.,2,h,Choque,ene/07/2020 07:00 p. m.,1,1,1,1,1,Carrera 50 X Calle 99 Sur,143
11715,A00000927,nov/06/2019 06:50 p. m.,22,h,Caida Ocupante,nov/06/2019 06:50 p. m.,1,1,1,1,1,Carrera 57 X Calle 82 Sur,143
11716,A000001005,dic/03/2019 10:30 a. m.,2,d,Choque,dic/03/2019 10:30 a. m.,1,1,1,1,1,Carrera 50 X Calle 100 Sur,143
11717,A000001006,dic/04/2019 05:20 p. m.,5,h,Caida Ocupante,dic/04/2019 05:20 p. m.,1,1,1,1,1,Carrera 52 X Calle 92 Sur,143
11718,A000001008,dic/04/2019 01:50 p. m.,3,d,Choque,dic/04/2019 01:50 p. m.,1,1,1,1,1,Carrera 50 X Calle 78 Sur,143
11807,A0000000196,mar/04/2020 02:00 p. m.,4,d,Choque,mar/04/2020 02:00 p. m.,1,2,1,1,1,Carrera 48 X Calle 100 Sur,121
11816,A000001013,dic/06/2019 02:00 p. m.,3,d,Choque,dic/06/2019 02:00 p. m.,1,1,1,1,1,Carrera 48 X Calle 100,143
11817,A000001015,dic/07/2019 05:00 p. m.,19,d,Choque,dic/07/2019 05:00 p. m.,1,1,1,1,1,Calle 77 X Carrera 55,157
11824,A00000848,oct/12/2019 03:50 p. m.,12,d,Volcamiento,oct/12/2019 03:50 p. m.,1,1,1,1,1,Calle 96B Sur X Carrera 51,143
11873,A0000000211,mar/10/2020 05:30 p. m.,19,d,Choque,mar/10/2020 05:30 p. m.,1,2,1,1,1,Calle 77 Sur X Carrera 53,143
11874,A0000000212,mar/11/2020 04:00 p. m.,23,d,Choque,mar/11/2020 04:00 p. m.,1,1,1,1,1,Calle 79 Sur X Carrera 52A,143
11907,A0000000103,feb/04/2020 09:50 a. m.,4,d,Choque,feb/04/2020 09:50 a. m.,1,2,1,1,1,Carrera 48 X Calle 100 Sur,121
11908,A0000000105,feb/05/2020 01:15 p. m.,12,d,Choque,feb/05/2020 01:15 p. m.,1,2,1,2,1,Calle 97 Sur X Carrera 51,139
11909,A0000000107,feb/05/2020 07:20 p. m.,3,d,Choque,feb/05/2020 07:20 p. m.,1,2,1,1,1,Carrera 50 X Calle 80 Sur,121
11910,A0000000108,feb/05/2020 07:30 p. m.,13,h,Atropello,feb/05/2020 07:30 p. m.,1,1,1,1,1,Carrera 50 X Calle 97BC Sur,145
11911,A0000000109,feb/06/2020 04:30 p. m.,14,d,Choque,feb/06/2020 04:30 p. m.,1,1,1,2,1,Carrera 55 X Calle 87 Sur,104
11912,A0000000114,feb/09/2020 04:00 p. m.,2,d,Choque,feb/09/2020 04:00 p. m.,1,1,1,2,1,Calle 98 Sur X Carrera 46,112
11913,A0000000117,feb/10/2020 08:30 a. m.,4,d,Choque,feb/10/2020 08:30 a. m.,1,2,5,10,1,Carrera 48 X Calle 101 Sur,134
11914,A0000000118,feb/08/2020 12:10 p. m.,4,d,Choque,feb/08/2020 12:10 p. m.,1,2,1,1,1,Carrera 48 X Calle 100 Sur,157
11915,A0000000119,feb/10/2020 12:10 p. m.,5,h,Caida Ocupante,feb/10/2020 12:10 p. m.,1,1,1,1,1,Calle 95 Sur X Carrera 56,145
11931,A0000000017,ene/09/2020 12:10 p. m.,2,h,Caida Ocupante,ene/09/2020 12:10 p. m.,1,1,1,1,1,Carrera 50 X Calle 97 Sur,112
11932,A0000000027,ene/14/2020 05:30 p. m.,12,h,Choque,ene/14/2020 05:30 p. m.,1,3,1,1,1,Carrera 50 X Calle 95 Sur,112
11933,A0000000032,ene/16/2020 12:05 a. m.,1,d,Choque,ene/16/2020 12:05 a. m.,1,3,1,1,1,Calle 82 Sur X Carrera 61,112
11935,A0000000034,ene/18/2020 02:40 p. m.,12,h,Atropello,ene/18/2020 02:40 p. m.,1,3,1,1,1,Carrera 50 X Calle 95 Sur,102
11937,A0000000035,ene/19/2020 11:20 a. m.,18,h,Choque,ene/19/2020 11:20 a. m.,1,2,1,1,1,Carrera 50 X Calle 77 Sur,112
11938,A0000000039,ene/16/2020 09:00 p. m.,3,h,Caida Ocupante,ene/16/2020 09:00 p. m.,1,2,1,1,1,Carrera 50 X Calle 97 Sur,119
11965,A0000000226,mar/15/2020 07:00 p. m.,3,h,Caida Ocupante,mar/15/2020 07:00 p. m.,1,2,1,1,1,Carrera 50 X Calle 79C Sur,157
11966,A0000000111,feb/07/2020 05:20 p. m.,26,d,Choque,feb/07/2020 05:20 p. m.,1,1,1,1,1,Calle 79 Sur X Carrera 52,112
11967,A0000000228,mar/16/2020 05:40 a. m.,3,h,Choque,mar/16/2020 05:40 a. m.,1,2,1,1,1,Carrera 50 X Calle 79 Sur,116
11968,A00000946,nov/15/2019 06:00 a. m.,19,h,Choque,nov/15/2019 06:00 a. m.,1,3,1,1,1,Calle 77 Sur X Carrera 56E,101
11969,A000001067,dic/25/2019 02:45 p. m.,3,d,Choque,dic/25/2019 02:45 p. m.,1,2,1,2,1,Carrera 50 X Calle 79 Sur,112
11970,A0000000116,feb/10/2020 02:45 p. m.,10,h,Choque,feb/10/2020 02:45 p. m.,1,1,1,1,1,Carrera 56C X Calle 80 Sur,139
11971,A000000390,jun/21/2020 12:45 p. m.,2,h,Choque,jun/21/2020 12:45 p. m.,1,1,1,1,1,Carrera 50 X Calle 100B Sur,121
11972,A000000389,jun/21/2020 06:20 p. m.,10,d,Choque,jun/21/2020 06:20 p. m.,1,1,1,1,1,Carrera 59 X Calle 77 Sur,157
11973,A000000388,jun/19/2020 06:00 p. m.,5,h,Caida Ocupante,jun/19/2020 06:00 p. m.,1,1,1,1,1,Calle 96B Sur X Carrera 55,157
11981,A00000944,nov/12/2019 03:00 p. m.,3,d,Choque,nov/12/2019 03:00 p. m.,1,1,1,1,1,Carrera 50 X Calle 97 Sur,143
11982,A000001058,dic/21/2019 02:40 p. m.,2,d,Choque,dic/21/2019 02:40 p. m.,1,3,1,1,1,Carrera 50 X Calle 100 Sur,112
11983,A00000926,nov/06/2019 07:40 p. m.,26,d,Choque,nov/06/2019 07:40 p. m.,1,1,1,1,1,Calle 96B Sur X Carrera 58,112
11987,A00000939,nov/10/2019 08:30 a. m.,20,d,Choque,nov/10/2019 08:30 a. m.,1,1,1,1,1,Carrera 64 X Calle 77 Sur,112
11988,A000001046,dic/18/2019 08:15 a. m.,3,d,Choque,dic/18/2019 08:15 a. m.,1,2,1,1,1,Carrera 50 X Calle 79 Sur,119
12014,A0000000059,ene/24/2020 02:20 p. m.,26,d,Choque,ene/24/2020 02:20 p. m.,1,1,1,2,1,Carrera 63 X Calle 83 Sur,112
12017,A001187646,jul/03/2020 05:20 p. m.,18,d,Choque,jul/03/2020 05:20 p. m.,1,1,1,1,1,Carrera 52D X Calle 77 Sur,121
12027,A000001012,dic/06/2019 08:20 a. m.,2,h,Choque,dic/06/2019 08:20 a. m.,1,2,1,1,1,Carrera 48 X Calle 100 Sur,121
12054,A0000000136,feb/15/2020 08:00 p. m.,12,h,Choque,feb/15/2020 08:00 p. m.,1,1,1,1,1,Carrera 50 X Calle 96 Sur,157
12055,A0000000139,feb/16/2020 09:30 a. m.,18,h,Caida Ocupante,feb/16/2020 09:30 a. m.,1,1,1,1,1,Carrera 52D X Calle 75AB Sur,143
12056,A0000000140,feb/16/2020 02:30 p. m.,2,h,Caida Ocupante,feb/16/2020 02:30 p. m.,1,1,1,1,1,Calle 100 Sur X Carrera 48,143
12057,A0000000146,feb/17/2020 06:40 a. m.,15,h,Caida Ocupante,feb/17/2020 06:40 a. m.,1,1,1,1,1,Carrera 62A X Calle 74 Sur,143
12072,A0000000232,mar/16/2020 05:40 p. m.,2,d,Choque,mar/16/2020 05:40 p. m.,1,2,1,1,1,Carrera 47 X Calle 100 Sur,143
12106,A001187725,ago/06/2020 04:30 p. m.,2,h,Choque,ago/06/2020 04:30 p. m.,1,1,1,1,1,Calle 100B Sur X Carrera 53,157
12115,A0000000213,mar/12/2020 06:30 p. m.,23,h,Choque,mar/12/2020 06:30 p. m.,1,1,1,1,2,Carrera 55 X Calle 79 Sur,157
12116,A0000000216,mar/13/2020 05:10 a. m.,19,h,Caida Ocupante,mar/13/2020 05:10 a. m.,1,1,1,1,2,Calle 75AA Sur X Carrera 57,143
12117,A0000000217,mar/13/2020 10:10 p. m.,19,h,Caida Ocupante,mar/13/2020 10:10 p. m.,1,1,1,1,1,Calle 77 Sur X Carrera 57,157
12348,A000000536,ago/23/2020 06:00 p. m.,17,h,Caida Ocupante,ago/23/2020 06:00 p. m.,1,1,1,1,1,Calle 82 X Carrera 56C,304
12351,A000000537,ago/24/2020 06:50 p. m.,16,d,Choque,ago/24/2020 06:50 p. m.,1,1,1,1,1,Calle 83 Sur X Carrera 55,121
12352,A000000538,ago/24/2020 08:00 p. m.,1,h,Caida Ocupante,ago/24/2020 08:00 p. m.,1,1,1,1,1,Carrera 62 X Calle 81 Sur,121
12358,A000000545,ago/26/2020 01:30 p. m.,26,d,Choque,ago/26/2020 01:30 p. m.,1,1,1,1,1,Carrera 62 X Calle 83A Sur,112
12359,A000000546,ago/26/2020 03:00 p. m.,26,d,Choque,ago/26/2020 03:00 p. m.,1,2,1,1,1,Carrera 50 X Calle 102 Sur,119
12360,A000000547,ago/27/2020 03:50 p. m.,1,d,Choque,ago/27/2020 03:50 p. m.,1,1,1,1,1,Carrera 62 X Calle 82 Sur,132
11711,A00000999,dic/02/2019 03:50 p. m.,23,d,Choque,dic/02/2019 03:50 p. m.,1,1,1,1,1,Carrera 53 X Calle 53A Sur,143
11712,A000001000,dic/02/2019 11:30 a. m.,14,d,Choque,dic/02/2019 11:30 a. m.,1,1,1,1,1,Calle 88 Sur X Carrera 55,143
11713,A000001001,dic/03/2019 08:40 p. m.,15,h,Atropello,dic/03/2019 08:40 p. m.,1,1,1,1,1,Carrera 63 X Calle 73 Sur,143
11714,A00000164,feb/23/2019 01:20 p. m.,27,d,Choque,feb/23/2019 01:20 p. m.,1,1,1,1,1,Carrera 62A X Calle 73 Sur,143
11776,A0000000184,feb/28/2020 04:20 p. m.,1,h,Choque,feb/28/2020 04:20 p. m.,1,2,1,1,1,Carrera 50 X Calle 79B Sur,116
11782,A00000956,nov/14/2019 07:00 p. m.,4,d,Choque,nov/14/2019 07:00 p. m.,1,1,1,1,1,Carrera 48 X Calle 98,157
11786,A00000743,sept/11/2019 06:55 a. m.,2,h,Choque,sept/11/2019 06:55 a. m.,1,1,1,1,1,Carrera 48D X Calle 100 Sur,157
11788,A0000000185,mar/01/2020 02:30 p. m.,27,h,Choque,mar/01/2020 02:30 p. m.,1,1,1,2,1,Calle 77 Sur X Carrera 54,143
11790,A0000000186,mar/01/2020 01:20 p. m.,18,h,Caida Ocupante,mar/01/2020 01:20 p. m.,1,1,1,7,1,Calle 77 Sur X Carrera 77 Sur,157
11791,A00000943,nov/12/2019 02:20 p. m.,23,d,Choque,nov/12/2019 02:20 p. m.,1,1,1,1,1,Carrera 52 X Calle 79 Sur,134
11795,A0000000188,mar/02/2020 04:40 p. m.,14,h,Caida Ocupante,mar/02/2020 04:40 p. m.,1,2,1,1,1,Carrera 55 X Calle 87 Sur,157
11796,A0000000189,mar/02/2020 04:00 p. m.,2,h,Volcamiento,mar/02/2020 04:00 p. m.,1,1,1,1,1,Carrera 49D X Calle 99 Sur,306
11797,A000001071,dic/26/2019 01:05 p. m.,14,d,Choque,dic/26/2019 01:05 p. m.,1,1,1,1,1,Carrera 50 X Calle 88 Sur,121
11798,A0000000190,mar/03/2020 11:30 a. m.,22,d,Choque,mar/03/2020 11:30 a. m.,1,1,1,2,1,Calle 82 Sur X Carrera 57,132
11858,A0000000167,feb/21/2020 08:00 p. m.,4,d,Choque,feb/21/2020 08:00 p. m.,1,3,1,10,1,Carrera 48 X Calle 100C Sur,143
11859,A0000000168,feb/21/2020 05:00 p. m.,3,d,Choque,feb/21/2020 05:00 p. m.,1,2,1,1,1,Carrera 50 X Calle 79 Sur,121
11880,A0000000149,feb/17/2020 02:00 p. m.,19,d,Choque,feb/17/2020 02:00 p. m.,1,1,1,2,1,Calle 77 Sur X Carrera 60,132
11881,A0000000033,ene/15/2020 08:00 a. m.,1,d,Choque,ene/15/2020 08:00 a. m.,1,3,1,1,1,Calle 80 Sur X Carrera 60,143
11929,A00000952,nov/16/2019 01:20 p. m.,2,d,Choque,nov/16/2019 01:20 p. m.,1,1,1,1,1,Carrera 49 X Calle 100 Sur,143
11930,A0000000043,ene/18/2020 10:15 a. m.,14,d,Choque,ene/18/2020 10:15 a. m.,1,1,1,2,1,Calle 83C Sur X Carrera 55,112
12018,A001187673,jul/14/2020 06:30 p. m.,1,d,Choque,jul/14/2020 06:30 p. m.,1,1,1,1,1,Carrera 61 X Calle 82,157
12019,A001187672,jul/14/2020 11:30 a. m.,3,h,Atropello,jul/14/2020 11:30 a. m.,1,1,1,1,1,Carrera 50 X Calle 88AA,408
12020,A001187671,jul/14/2020 04:20 p. m.,3,h,Choque,jul/14/2020 04:20 p. m.,1,2,1,1,1,Carrera 50 X Calle 79C Sur,103
12021,A0000000280,may/03/2020 04:30 p. m.,19,d,Choque,may/03/2020 04:30 p. m.,1,1,1,1,1,Calle 77 Sur X Carrera 55,104
12022,A0000000281,may/03/2020 12:20 a. m.,3,h,Choque,may/03/2020 12:20 a. m.,1,2,1,1,1,Carrera 50 X Calle 79 Sur,121
12066,A0000000230,mar/16/2020 11:55 a. m.,18,h,Choque,mar/16/2020 11:55 a. m.,1,1,1,1,1,Calle 77 Sur X Carrera 50D,143
12069,A001187715,jul/31/2020 09:50 p. m.,17,h,Choque,jul/31/2020 09:50 p. m.,1,3,1,1,1,Calle 80 Sur X Carrera 55,116
12070,A001187713,jul/30/2020 02:30 p. m.,27,d,Choque,jul/30/2020 02:30 p. m.,1,1,1,1,1,Carrera 54A X Calle 75 Sur,139
12076,A0000000234,mar/17/2020 03:00 p. m.,18,d,Choque,mar/17/2020 03:00 p. m.,1,1,1,1,1,Calle 77 Sur X Carrera 52D,112
12077,A0000000235,mar/18/2020 09:30 a. m.,4,h,Caida Ocupante,mar/18/2020 09:30 a. m.,1,2,1,1,1,Carrera 50 X Calle 79C Sur,143
12078,A0000000236,mar/18/2020 05:48 p. m.,6,h,Atropello,mar/18/2020 05:48 p. m.,1,2,1,1,1,Calle 80 Sur X Carrera 52,143
12081,A0000000237,mar/19/2020 09:10 p. m.,2,d,Choque,mar/19/2020 09:10 p. m.,1,2,1,1,1,Carrera 48B X Calle 99 Sur,143
12097,A00000920,nov/05/2019 03:30 a. m.,1,d,Choque,nov/05/2019 03:30 a. m.,1,1,1,1,1,Carrera 62 X Calle 87 Sur,145
12098,A000001057,dic/21/2019 02:20 p. m.,3,d,Choque,dic/21/2019 02:20 p. m.,1,1,1,1,1,Carrera 50 X Calle 80 Sur,121
12099,A001187714,jul/31/2020 08:45 a. m.,5,h,Caida Ocupante,jul/31/2020 08:45 a. m.,1,1,1,1,1,Carrera 55 X Calle 90 Sur,157
12100,A001187716,ago/01/2020 08:00 a. m.,23,h,Caida Ocupante,ago/01/2020 08:00 a. m.,1,2,1,1,1,Carrera 54 X Calle 79C Sur,139
12101,A001187696,jul/23/2020 08:00 p. m.,18,h,Choque,jul/23/2020 08:00 p. m.,1,1,1,1,1,Calle 75AB Sur X Carrera 52D,101
12102,A001187712,jul/29/2020 06:15 p. m.,3,d,Choque,jul/29/2020 06:15 p. m.,1,1,1,1,1,Carrera 50 X Calle 100B Sur,308
12103,A001187723,ago/04/2020 06:20 a. m.,3,d,Choque,ago/04/2020 06:20 a. m.,1,2,1,1,1,Carrera 50 X Calle 80 Sur,145
12118,A00000945,nov/13/2019 01:55 p. m.,3,h,Choque,nov/13/2019 01:55 p. m.,1,1,1,1,1,Carrera 50 X Calle 97A Sur,123
12120,A0000000248,mar/30/2020 12:40 p. m.,26,d,Choque,mar/30/2020 12:40 p. m.,1,1,1,1,1,Carrera 50 X Calle 79 Sur,121
12121,A0000000249,mar/30/2020 09:20 p. m.,12,d,Choque,mar/30/2020 09:20 p. m.,1,2,1,1,1,Carrera 50 X Calle 96 Sur,121
12122,A0000000218,mar/14/2020 06:05 p. m.,17,d,Choque,mar/14/2020 06:05 p. m.,1,1,1,2,1,Carrera 55 X Calle 80 Sur,121
12123,A0000000219,mar/14/2020 03:30 p. m.,3,d,Choque,mar/14/2020 03:30 p. m.,1,2,1,2,1,Carrera 50 X Calle 80 Sur,103
12124,A0000000220,mar/14/2020 06:10 a. m.,7,h,Caida Ocupante,mar/14/2020 06:10 a. m.,1,1,1,1,1,Calle 82A Sur X Carrera 56B,304
12126,A0000000221,mar/14/2020 09:30 p. m.,3,h,Choque,mar/14/2020 09:30 p. m.,1,2,1,1,1,Carrera 50 X Calle 100B Sur,139
12127,A0000000225,mar/15/2020 02:30 p. m.,2,h,Caida Ocupante,mar/15/2020 02:30 p. m.,1,1,1,1,1,Carrera 56 X Calle 91 Sur,157
12128,A0000000227,mar/16/2020 09:30 a. m.,3,h,Choque,mar/16/2020 09:30 a. m.,1,2,1,1,1,Carrera 50 X Calle 83C Sur,157
12134,A0000000224,mar/15/2020 07:30 a. m.,11,h,Caida Ocupante,mar/15/2020 07:30 a. m.,1,1,1,1,1,Carrera 66 X Calle 74 Sur,139
12144,A0000000112,feb/07/2020 05:00 p. m.,26,h,Caida Ocupante,feb/07/2020 05:00 p. m.,1,1,1,1,1,Calle 87 Sur X Carrera 55,303
12146,A0000000260,abr/01/2020 11:45 a. m.,26,h,Caida Ocupante,abr/01/2020 11:45 a. m.,1,1,1,1,1,Carrera 55D X Calle 80 Sur,145
12147,A0000000261,mar/20/2020 03:30 p. m.,4,d,Choque,mar/20/2020 03:30 p. m.,1,2,1,1,1,Carrera 48 X Calle 100 Sur,121
12564,A000000602,sept/18/2020 01:10 p. m.,2,d,Choque,sept/18/2020 01:10 p. m.,1,2,5,1,1,Calle 100 Sur X Carrera 52,112
12565,A000000603,sept/17/2020 06:00 a. m.,19,d,Choque,sept/17/2020 06:00 a. m.,1,2,1,1,1,Calle 77 Sur X Carrera 54,112
12566,A000000604,sept/18/2020 10:00 p. m.,4,h,Atropello,sept/18/2020 10:00 p. m.,1,1,1,2,2,Carrera 48 X Calle 98 Sur,157
12567,A000000605,sept/18/2020 11:30 a. m.,12,d,Choque,sept/18/2020 11:30 a. m.,1,1,1,1,1,Carrera 51 X Calle 95B,154
12568,A000000606,sept/18/2020 08:20 a. m.,23,d,Choque,sept/18/2020 08:20 a. m.,1,2,1,1,1,Calle 80 Sur X Carrera 55,145
12569,A000000607,sept/18/2020 06:20 a. m.,3,h,Caida Ocupante,sept/18/2020 06:20 a. m.,1,1,1,1,1,Carrera 50 X Calle 83C Sur,304
12570,A000000608,sept/19/2020 12:00 a. m.,15,h,Choque,sept/19/2020 12:00 a. m.,1,1,1,1,2,Calle 75 Sur X Carrera 54A,112
12571,A000000609,sept/19/2020 12:50 a. m.,3,h,Caida Ocupante,sept/19/2020 12:50 a. m.,1,1,1,1,2,Carrera 50 X Calle 88A Sur,112
12572,A000000610,sept/19/2020 04:40 p. m.,14,h,Choque,sept/19/2020 04:40 p. m.,1,1,1,1,2,Carrera 52 X Calle 88 Sur,112
12573,A000000613,sept/19/2020 06:30 a. m.,3,h,Caida Ocupante,sept/19/2020 06:30 a. m.,1,2,1,1,1,Carrera 50 X Calle 97 Sur,157
12574,A000000614,sept/21/2020 01:50 p. m.,23,h,Caida Ocupante,sept/21/2020 01:50 p. m.,1,2,1,1,2,Carrera 54 X Calle 80 Sur,304
12575,A000000616,sept/21/2020 07:20 a. m.,4,h,Choque,sept/21/2020 07:20 a. m.,1,2,1,1,1,Carrera 48 X Calle 100 Sur,102
12576,A000000617,sept/21/2020 07:30 a. m.,4,d,Choque,sept/21/2020 07:30 a. m.,1,2,1,1,1,Carrera 48 X Calle 100 Sur,121
12577,A000000618,sept/21/2020 06:20 a. m.,4,h,Choque,sept/21/2020 06:20 a. m.,1,3,1,1,1,Carrera 48 X Calle 100 Sur,139
12578,A000000619,sept/21/2020 06:20 a. m.,3,h,Caida Ocupante,sept/21/2020 06:20 a. m.,1,2,1,1,2,Carrera 50 X Calle 88A Sur,303
12579,A000000625,sept/22/2020 12:30 p. m.,2,d,Choque,sept/22/2020 12:30 p. m.,1,1,1,1,1,Carrera 51 X Calle 47D Sur,121
12580,A000000629,sept/24/2020 01:00 p. m.,3,d,Choque,sept/24/2020 01:00 p. m.,1,2,1,1,1,Carrera 50 X Calle 79 Sur,121
12581,A000000630,sept/24/2020 08:30 p. m.,19,d,Choque,sept/24/2020 08:30 p. m.,1,1,1,1,1,Carrera 59 X Calle 76 Sur,112
12582,A000000631,sept/24/2020 04:00 p. m.,3,h,Choque,sept/24/2020 04:00 p. m.,1,2,1,1,1,Carrera 50 X Calle 79 Sur,103
12583,A000000632,sept/25/2020 06:30 a. m.,2,h,Volcamiento,sept/25/2020 06:30 a. m.,1,1,1,1,2,Carrera 51 X Calle 98 Sur,304
12584,A000000633,sept/28/2020 05:30 p. m.,11,h,Atropello,sept/28/2020 05:30 p. m.,1,1,1,1,1,Calle 81 Sur X Carrera 65,157
12585,A000000634,sept/29/2020 04:50 p. m.,3,d,Choque,sept/29/2020 04:50 p. m.,1,2,1,2,1,Carrera 50 X Calle 80 Sur,121
12586,A000000635,sept/29/2020 06:45 p. m.,4,d,Choque,sept/29/2020 06:45 p. m.,1,2,1,1,1,Calle 83 Sur X Carrera 50,105
12587,A000000636,sept/29/2020 09:50 p. m.,3,h,Choque,sept/29/2020 09:50 p. m.,1,2,1,1,1,Carrera 50 X Calle 77 Sur,121
12588,A000000637,sept/29/2020 06:20 a. m.,2,d,Choque,sept/29/2020 06:20 a. m.,1,1,1,1,1,Calle 100 Sur X Carrera 48,104
12589,A000000638,sept/29/2020 12:45 p. m.,14,h,Caida Ocupante,sept/29/2020 12:45 p. m.,1,2,1,1,2,Carrera 54 X Calle 80 Sur,121
12590,A000000639,sept/30/2020 02:00 p. m.,5,h,Volcamiento,sept/30/2020 02:00 p. m.,1,1,1,1,1,Calle 94 Sur X Carrera 55,157
12591,A000000642,oct/01/2020 06:00 p. m.,3,h,Atropello,oct/01/2020 06:00 p. m.,1,3,1,1,1,Carrera 50 X Calle 100 Sur,157
12732,A000000091,feb/05/2021 08:34 a. m.,2,d,Choque,feb/05/2021 08:34 a. m.,1,1,1,1,1,Carrera 48 X Calle 100 Sur,157
12767,A000000799,nov/07/2020 07:30 a. m.,4,h,Choque,nov/07/2020 07:30 a. m.,1,2,1,1,1,Carrera 48 X Calle 100 Sur,121
12804,A000000823,nov/26/2020 01:20 p. m.,5,d,Choque,nov/26/2020 01:20 p. m.,1,1,1,1,1,Calle 90 Sur X Carrera 55,121
12805,A000000824,nov/26/2020 12:40 p. m.,3,h,Caida Ocupante,nov/26/2020 12:40 p. m.,1,2,1,1,1,Carrera 50 X Calle 99 Sur,306
12806,A000000825,nov/26/2020 01:55 p. m.,1,d,Choque,nov/26/2020 01:55 p. m.,1,3,1,1,1,Carrera 60 X Calle 81 Sur,157
12807,A000000123,feb/20/2021 05:30 a. m.,1,d,Choque,feb/20/2021 05:30 a. m.,1,1,1,1,1,Calle 80 Sur X Carrera 57B,157
12808,A000000826,nov/26/2020 09:45 p. m.,3,h,Caida Ocupante,nov/26/2020 09:45 p. m.,1,2,1,1,1,Carrera 50 X Calle 79 Sur,119
12809,A000000827,nov/26/2020 03:50 p. m.,1,d,Choque,nov/26/2020 03:50 p. m.,1,1,1,1,1,Carrera 62 X Calle 80 Sur,157
12810,A000000828,nov/27/2020 01:30 p. m.,1,d,Choque,nov/27/2020 01:30 p. m.,1,3,1,1,1,Calle 81 Sur X Carrera 60,112
12811,A000000829,nov/23/2020 08:50 a. m.,4,d,Choque,nov/23/2020 08:50 a. m.,1,2,1,1,1,Carrera 48 X Calle 100 Sur,121
12812,A000000830,nov/28/2020 05:00 p. m.,4,d,Choque,nov/28/2020 05:00 p. m.,1,2,1,1,1,Carrera 48 X Calle 100 Sur,157
12813,A000000831,nov/29/2020 02:00 p. m.,23,h,Atropello,nov/29/2020 02:00 p. m.,1,1,1,1,1,Carrera 53 X Calle 78 Sur,157
12814,A000000832,nov/26/2020 10:50 a. m.,1,d,Choque,nov/26/2020 10:50 a. m.,1,3,1,1,1,Carrera 60 X Calle 79 Sur,145
12921,A000000913,dic/18/2020 12:00 p. m.,2,d,Choque,dic/18/2020 12:00 p. m.,1,3,1,1,1,Carrera 50 X Calle 100 Sur,121
12922,A000000914,dic/18/2020 06:15 p. m.,3,h,Choque,dic/18/2020 06:15 p. m.,1,2,1,1,1,Carrera 50 X Calle 101 Sur,121
12924,A000000915,dic/19/2020 01:00 p. m.,19,d,Choque,dic/19/2020 01:00 p. m.,1,1,1,1,1,Calle 76A Sur X Carrera 54,157
12925,A000000109,feb/14/2021 09:05 p. m.,2,d,Choque,feb/14/2021 09:05 p. m.,1,1,1,1,1,Calle 97B Sur X Carrera 51,139
12936,A000000162,mar/06/2021 10:00 p. m.,3,h,Atropello,mar/06/2021 10:00 p. m.,1,3,1,1,1,Carrera 50 X Calle 88 Sur,112
12939,A000000163,mar/06/2021 01:20 p. m.,1,h,Choque,mar/06/2021 01:20 p. m.,1,1,1,2,1,Carrera 59 X Calle 81 Sur,112
12942,A000000164,mar/06/2021 12:20 a. m.,3,h,Choque,mar/06/2021 12:20 a. m.,1,2,1,1,1,Carrera 50 X Calle 79 Sur,116
12944,A000000166,mar/08/2021 04:50 p. m.,2,h,Choque,mar/08/2021 04:50 p. m.,1,1,1,2,1,Calle 100 Sur X Carrera 49D,132
12952,A00000930,nov/09/2019 08:00 p. m.,3,d,Choque,nov/09/2019 08:00 p. m.,1,2,4,1,1,Carrera 48 X Calle 79 Sur,143
12969,A000000147,feb/25/2021 05:40 a. m.,2,m,Atropello,feb/25/2021 05:40 a. m.,1,2,1,1,1,Carrera 48 X Calle 100 Sur,157
12979,A000000184,mar/12/2021 04:40 p. m.,12,d,Choque,mar/12/2021 04:40 p. m.,1,2,1,2,1,Carrera 50 X Calle 97 Sur,101