NRO_RADICADO,NUMERO_EXPEDIENTE,FECHA_ACCIDENTE,ID_ZONA,GRAVEDAD,DESC_CLASE_ACCIDENTE,HORA_ACCIDENTE,AREA,SECTOR,ZONA,DISENO,ESTADO_TIEMPO,VIA_ACCID,POSIBLE_CAUSA
12599,A000000650,oct/03/2020 03:50 p. m.,21,h,Atropello,oct/03/2020 03:50 p. m.,1,1,1,1,1,Calle 86 Sur X Carrera 62,157
12600,A000000651,oct/04/2020 06:10 a. m.,19,d,Choque,oct/04/2020 06:10 a. m.,1,1,1,1,1,Calle 77 Sur X Carrera 57B,131
12601,A000000652,oct/04/2020 04:20 p. m.,4,d,Choque,oct/04/2020 04:20 p. m.,1,2,1,1,1,Carrera 48 X Calle 100 Sur,119
12602,A000000653,oct/02/2020 11:30 a. m.,4,d,Choque,oct/02/2020 11:30 a. m.,1,2,1,1,1,Carrera 48 X Calle 100 Sur,121
12603,A000000654,oct/02/2020 09:40 p. m.,2,h,Atropello,oct/02/2020 09:40 p. m.,1,2,1,1,1,Carrera 48 X Calle 100 Sur,409
12632,A000000678,oct/13/2020 06:00 a. m.,4,d,Choque,oct/13/2020 06:00 a. m.,1,1,1,1,1,Carrera 48 X Calle 100 Sur,116
12635,A000000679,oct/13/2020 04:50 p. m.,4,h,Atropello,oct/13/2020 04:50 p. m.,1,3,1,1,1,Carrera 48 X Calle 100 Sur,157
12926,A000000916,dic/18/2020 07:10 p. m.,3,h,Choque,dic/18/2020 07:10 p. m.,1,2,1,1,1,Carrera 50 X Calle 98A Sur,139
12927,A000000917,dic/21/2020 01:30 a. m.,3,h,Choque,dic/21/2020 01:30 a. m.,1,3,1,1,1,Carrera 50 X Calle 80 Sur,115
12928,A000000918,dic/18/2020 02:30 p. m.,23,h,Caida Ocupante,dic/18/2020 02:30 p. m.,1,1,1,1,1,Calle 80 Sur X Carrera 54,303
12930,A000000919,dic/19/2020 06:30 a. m.,4,d,Choque,dic/19/2020 06:30 a. m.,1,2,1,1,1,Carrera 50 X Calle 79C Sur,157
12932,A000000920,dic/22/2020 02:20 p. m.,15,h,Choque,dic/22/2020 02:20 p. m.,1,1,1,1,1,Carrera 62A X Calle 75AA,121
12933,A000000921,dic/24/2020 05:30 a. m.,3,h,Choque,dic/24/2020 05:30 a. m.,1,1,1,1,1,Carrera 50 X Calle 91 Sur,146
12934,A000000922,dic/22/2020 06:30 a. m.,15,h,Choque,dic/22/2020 06:30 a. m.,1,1,1,1,1,Calle 75AA Sur X Carrera 60,203
12935,A000000923,dic/23/2020 04:20 p. m.,7,h,Caida Ocupante,dic/23/2020 04:20 p. m.,1,1,1,1,2,Calle 82A Sur X Carrera 56B,303
12937,A000000924,dic/23/2020 01:00 p. m.,2,h,Atropello,dic/23/2020 01:00 p. m.,1,1,1,1,1,Carrera 50 X Calle 101 Sur,157
12938,A000000925,dic/23/2020 04:40 p. m.,3,h,Caida Ocupante,dic/23/2020 04:40 p. m.,1,1,1,1,1,Carrera 50 X Calle 79C Sur,303
12940,A000000926,dic/23/2020 04:10 p. m.,23,h,Caida Ocupante,dic/23/2020 04:10 p. m.,1,1,1,1,1,Calle 77 Sur X Carrera 53,303
12941,A000000927,dic/24/2020 09:50 a. m.,15,h,Caida Ocupante,dic/24/2020 09:50 a. m.,1,1,1,1,1,Carrera 62A X Calle 75AA Sur,306
12943,A000000928,dic/24/2020 11:00 a. m.,2,h,Caida Ocupante,dic/24/2020 11:00 a. m.,1,1,1,1,1,Carrera 50 X Calle 99 Sur,303
12945,A000000929,dic/23/2020 11:45 p. m.,2,h,Choque,dic/23/2020 11:45 p. m.,1,3,1,1,1,Carrera 50 X Calle 100B Sur,102
12947,A000000930,dic/26/2020 12:00 p. m.,18,h,Caida Ocupante,dic/26/2020 12:00 p. m.,1,1,1,1,1,Carrera 52D X Calle 77 Sur,308
12948,A000000931,dic/26/2020 05:20 p. m.,14,h,Caida Ocupante,dic/26/2020 05:20 p. m.,1,1,1,1,1,Carrera 50 X Calle 91 Sur,308
12949,A000000932,dic/27/2020 07:40 a. m.,19,h,Choque,dic/27/2020 07:40 a. m.,1,1,1,1,1,Calle 77 Sur X Carrera 57B,139
12951,A000000933,dic/24/2020 07:40 a. m.,4,d,Choque,dic/24/2020 07:40 a. m.,1,2,1,1,1,Carrera 48 X Calle 100 Sur,303
12953,A000000169,mar/09/2021 05:30 a. m.,3,d,Choque,mar/09/2021 05:30 a. m.,1,2,1,1,1,Carrera 50 X Calle 79 Sur,121
12954,A000000934,dic/28/2020 02:30 p. m.,19,d,Choque,dic/28/2020 02:30 p. m.,1,1,1,1,1,Calle 76 Sur X Carrera 54B,157
12955,A000000935,dic/28/2020 04:50 p. m.,3,h,Choque,dic/28/2020 04:50 p. m.,1,1,1,1,1,Carrera 50 X Calle 77 Sur,139
12956,A000000936,dic/29/2020 03:00 p. m.,19,h,Atropello,dic/29/2020 03:00 p. m.,1,1,1,1,1,Calle 77 Sur X Carrera 56D,157
12957,A000000937,dic/29/2020 03:00 p. m.,19,d,Otro,dic/29/2020 03:00 p. m.,1,1,1,1,1,Carrera 57B X Calle 77 Sur,157
12958,A000000168,mar/09/2021 10:40 p. m.,3,h,Choque,mar/09/2021 10:40 p. m.,1,2,1,1,1,Carrera 50 X Calle 79 Sur,112
12959,A000000938,dic/29/2020 06:30 p. m.,2,d,Choque,dic/29/2020 06:30 p. m.,1,2,1,1,2,Carrera 48 X Calle 100 Sur,132
12960,A000000170,mar/09/2021 06:00 a. m.,12,d,Choque,mar/09/2021 06:00 a. m.,1,2,1,1,1,Calle 97B Sur X Carrera 50,145
12961,A000000171,mar/09/2021 06:50 p. m.,15,d,Choque,mar/09/2021 06:50 p. m.,1,1,1,1,1,Calle 79 Sur X Carrera 60,112
12962,A000000172,mar/10/2021 10:00 a. m.,12,h,Caida Ocupante,mar/10/2021 10:00 a. m.,1,1,1,1,1,Carrera 56D X Calle 76 Sur,304
12963,A000000173,mar/10/2021 09:55 a. m.,14,d,Choque,mar/10/2021 09:55 a. m.,1,1,1,1,1,Carrera 50 X Calle 91 Sur,121
12964,A000000175,mar/10/2021 06:00 p. m.,2,h,Caida Ocupante,mar/10/2021 06:00 p. m.,1,1,1,1,2,Carrera 50 X Calle 98 Sur,308
12965,A000000176,mar/10/2021 02:50 p. m.,17,d,Choque,mar/10/2021 02:50 p. m.,1,1,1,2,1,Calle 80 Sur X Carrera 55,101
12966,A000000009,ene/06/2021 05:00 p. m.,3,h,Caida Ocupante,ene/06/2021 05:00 p. m.,1,1,1,1,1,Carrera 50 X Calle 100B Sur,157
12984,A000000200,mar/16/2021 05:30 p. m.,12,h,Choque,mar/16/2021 05:30 p. m.,1,1,1,1,2,Carrera 50 X Calle 95A,157
12985,A000000188,mar/13/2021 06:00 p. m.,12,h,Volcamiento,mar/13/2021 06:00 p. m.,1,1,1,1,1,Calle 95 Sur X Carrera 51,148
12986,A000000201,mar/16/2021 06:30 p. m.,18,h,Choque,mar/16/2021 06:30 p. m.,1,2,1,1,1,Carrera 50 X Calle 77 Sur,157
12987,A000000202,mar/17/2021 07:45 a. m.,11,d,Choque,mar/17/2021 07:45 a. m.,1,1,1,1,1,Calle 71 Sur X Carrera 68,157
12990,A000000194,mar/15/2021 01:00 p. m.,16,h,Atropello,mar/15/2021 01:00 p. m.,1,1,1,1,1,Calle 83 X Carrera 56B,157
12991,A000000195,mar/15/2021 02:00 a. m.,3,h,Caida Ocupante,mar/15/2021 02:00 a. m.,1,2,1,1,1,Calle 79 Sur X Carrera 49,157
12992,A000000196,mar/15/2021 05:40 p. m.,23,h,Caida Ocupante,mar/15/2021 05:40 p. m.,1,2,1,1,1,Carrera 54 X Calle 80 Sur,304
12993,A000000190,mar/14/2021 05:30 a. m.,12,h,Volcamiento,mar/14/2021 05:30 a. m.,1,1,1,1,1,Calle 95 Sur X Carrera 51,303
12994,A000000191,mar/11/2021 01:40 p. m.,4,h,Atropello,mar/11/2021 01:40 p. m.,1,2,1,1,1,Carrera 48 X Calle 100 Sur,157
12995,A000000192,mar/14/2021 09:45 p. m.,4,h,Choque,mar/14/2021 09:45 p. m.,1,2,1,1,1,Carrera 48 X Calle 100 Sur,121
12996,A000000193,mar/15/2021 05:00 p. m.,20,h,Choque,mar/15/2021 05:00 p. m.,1,1,1,1,1,Carrera 63 X Calle 80 Sur,145
13003,A000000207,mar/18/2021 07:20 p. m.,8,h,Atropello,mar/18/2021 07:20 p. m.,1,1,1,1,2,Calle 77 Sur X Carrera 55,411
13021,A000000226,mar/24/2021 04:20 p. m.,23,d,Choque,mar/24/2021 04:20 p. m.,1,1,1,1,2,Calle 79 Sur X Carrera 52,119
13022,A000000225,mar/24/2021 03:45 p. m.,23,h,Caida Ocupante,mar/24/2021 03:45 p. m.,1,1,1,1,2,Calle 80 Sur X Carrera 55,304
13023,A000000223,mar/24/2021 03:40 p. m.,18,h,Caida Ocupante,mar/24/2021 03:40 p. m.,1,2,1,8,2,Calle 77 Sur X Carrera 49,103
13024,A000000227,mar/28/2021 04:40 p. m.,2,h,Choque,mar/28/2021 04:40 p. m.,1,2,1,1,1,Carrera 48B X Calle 99 Sur,114
13025,A000000228,mar/25/2021 03:50 p. m.,18,h,Choque,mar/25/2021 03:50 p. m.,1,1,1,7,1,Calle 77 Sur X Carrera 52D,101
13026,A000000229,mar/25/2021 05:35 p. m.,3,h,Choque,mar/25/2021 05:35 p. m.,1,2,1,1,1,Carrera 50 X Calle 97B Sur,104
13027,A000000230,mar/26/2021 01:15 p. m.,27,h,Choque,mar/26/2021 01:15 p. m.,1,1,1,1,1,Calle 75B Sur X Carrera 56,157
13028,A000000231,mar/27/2021 06:30 p. m.,2,d,Choque,mar/27/2021 06:30 p. m.,1,3,1,1,1,Carrera 50 X Calle 100B Sur,157
12704,A000000074,ene/31/2021 04:53 p. m.,2,h,Choque,ene/31/2021 04:53 p. m.,1,2,1,1,1,Carrera 48 X Calle 100 Sur,132
12705,A000000075,feb/02/2021 03:00 p. m.,3,h,Choque,feb/02/2021 03:00 p. m.,1,2,1,1,1,Carrera 50 X Calle 79 Sur,112
12707,A000000076,feb/03/2021 01:00 p. m.,14,h,Choque,feb/03/2021 01:00 p. m.,1,1,1,1,1,Carrera 50 X Calle 88A Sur,157
12734,A000000750,oct/29/2020 12:20 p. m.,1,h,Choque,oct/29/2020 12:20 p. m.,1,1,1,1,1,Carrera 62 X Calle 82 Sur,145
12815,A000000833,nov/27/2020 05:00 p. m.,4,d,Choque,nov/27/2020 05:00 p. m.,1,2,1,1,1,Carrera 50 X Calle 97C Sur,121
12816,A000000834,nov/27/2020 05:30 p. m.,23,d,Choque,nov/27/2020 05:30 p. m.,1,2,1,1,1,Carrera 50 X Calle 79 Sur,157
12817,A000000835,nov/29/2020 11:20 a. m.,1,d,Choque,nov/29/2020 11:20 a. m.,1,3,1,1,1,Calle 80 Sur X Carrera 60,157
12818,A000000836,nov/29/2020 12:00 p. m.,11,h,Caida Ocupante,nov/29/2020 12:00 p. m.,1,1,1,1,1,Calle 75 X Carrera 66,119
12819,A000000837,nov/30/2020 08:50 a. m.,3,h,Volcamiento,nov/30/2020 08:50 a. m.,1,2,1,1,1,Calle 80 Sur X Carrera 52,157
12821,A000000838,nov/30/2020 08:05 a. m.,3,d,Choque,nov/30/2020 08:05 a. m.,1,2,1,1,1,Carrera 50 X Calle 97B Sur,143
12822,A000000839,nov/30/2020 08:30 p. m.,5,d,Choque,nov/30/2020 08:30 p. m.,1,1,1,1,1,Carrera 60 X Calle 91 Sur,303
12824,A000000840,nov/30/2020 10:30 a. m.,27,h,Caida Ocupante,nov/30/2020 10:30 a. m.,1,3,1,1,1,Carrera 54 X Calle 75 Sur,157
12825,A000000841,nov/30/2020 06:00 a. m.,2,h,Caida Ocupante,nov/30/2020 06:00 a. m.,1,1,1,1,1,Carrera 50 X Calle 100B Sur,157
12826,A000000842,dic/01/2020 03:30 p. m.,3,d,Choque,dic/01/2020 03:30 p. m.,1,2,1,1,1,Carrera 50 X Calle 79C Sur,121
12827,A000000843,dic/01/2020 06:20 p. m.,2,d,Choque,dic/01/2020 06:20 p. m.,1,1,1,1,1,Calle 100 Sur X Carrera 47,306
12828,A000000844,nov/30/2020 05:30 p. m.,26,h,Caida Ocupante,nov/30/2020 05:30 p. m.,1,2,1,1,2,Carrera 54 X Calle 79C Sur,303
12829,A000000845,dic/02/2020 02:30 p. m.,8,h,Caida Ocupante,dic/02/2020 02:30 p. m.,1,3,1,1,1,Carrera 55 X Calle 77 Sur,157
12831,A000000846,dic/01/2020 06:30 a. m.,14,d,Choque,dic/01/2020 06:30 a. m.,1,1,1,1,1,Carrera 52 X Calle 88 Sur,157
12832,A000000847,dic/03/2020 07:40 a. m.,15,h,Choque,dic/03/2020 07:40 a. m.,1,1,1,1,1,Carrera 62A X Calle 75 Sur,101
12833,A000000848,dic/03/2020 05:30 a. m.,3,h,Choque,dic/03/2020 05:30 a. m.,1,1,1,1,1,Calle 78 Sur X Carrera 50,202
12864,A000000142,feb/26/2021 11:30 a. m.,14,d,Choque,feb/26/2021 11:30 a. m.,1,1,1,1,1,Carrera 55 X Calle 80 Sur,157
12866,A000000143,feb/26/2021 08:00 p. m.,24,h,Caida Ocupante,feb/26/2021 08:00 p. m.,1,1,1,1,1,Calle 84 Sur X Carrera 65B,157
12867,A000000144,feb/27/2021 07:00 a. m.,1,h,Choque,feb/27/2021 07:00 a. m.,1,1,1,2,1,Calle 82 Sur X Carrera 60,112
12868,A000000145,feb/27/2021 12:00 p. m.,14,h,Volcamiento,feb/27/2021 12:00 p. m.,1,2,1,1,1,Calle 82A Sur X Carrera 55,304
12869,A000000146,feb/19/2021 04:00 p. m.,4,h,Choque,feb/19/2021 04:00 p. m.,1,1,1,1,1,Carrera 48 X Calle 100C Sur,106
12870,A000000148,mar/01/2021 12:15 p. m.,7,h,Caida Ocupante,mar/01/2021 12:15 p. m.,1,1,1,1,1,Calle 82 Sur X Carrera 56C,157
12871,A000000149,mar/01/2021 10:40 a. m.,2,d,Choque,mar/01/2021 10:40 a. m.,1,2,1,1,1,Calle 100B Sur X Carrera 48BB,157
12891,A000000153,mar/03/2021 09:10 p. m.,15,h,Choque,mar/03/2021 09:10 p. m.,1,1,1,1,1,Calle 73 Sur X Carrera 65,157
12892,A000000155,mar/04/2021 04:30 a. m.,7,h,Volcamiento,mar/04/2021 04:30 a. m.,1,2,1,1,1,Calle 82A Sur X Carrera 55,304
12893,A000000156,mar/04/2021 05:15 a. m.,3,h,Atropello,mar/04/2021 05:15 a. m.,1,3,1,1,1,Carrera 50 X Calle 80 Sur,411
12915,A000000907,dic/17/2020 07:00 p. m.,1,h,Caida Ocupante,dic/17/2020 07:00 p. m.,1,3,1,1,1,Carrera 61 X Calle 79 Sur,139
12916,A000000908,dic/17/2020 06:50 p. m.,15,h,Atropello,dic/17/2020 06:50 p. m.,1,1,1,1,1,Carrera 62A X Calle 74 Sur,301
12917,A000000909,dic/17/2020 04:20 p. m.,2,h,Caida Ocupante,dic/17/2020 04:20 p. m.,1,2,1,1,1,Calle 100 Sur X Carrera 52A,139
12918,A000000910,dic/17/2020 12:30 p. m.,24,h,Atropello,dic/17/2020 12:30 p. m.,1,1,1,1,1,Carrera 65B X Calle 87 Sur,157
12919,A000000911,dic/17/2020 08:50 p. m.,15,h,Choque,dic/17/2020 08:50 p. m.,1,1,1,1,1,Carrera 63 X Calle 73 Sur,157
12920,A000000912,dic/18/2020 01:25 p. m.,19,d,Choque,dic/18/2020 01:25 p. m.,1,1,1,1,1,Carrera 57 X Calle 75AA Sur,141
12923,A000000159,mar/04/2021 02:45 p. m.,2,h,Choque,mar/04/2021 02:45 p. m.,1,2,3,1,1,Calle 100 Sur X Carrera 48,139
12929,A000000160,mar/05/2021 01:30 p. m.,23,d,Choque,mar/05/2021 01:30 p. m.,1,2,5,1,1,Carrera 54 X Calle 79AA Sur,157
12931,A000000161,mar/05/2021 08:30 a. m.,2,h,Choque,mar/05/2021 08:30 a. m.,1,1,1,1,1,Carrera 50 X Calle 100D Sur,132
12983,A000000185,mar/12/2021 08:10 p. m.,3,h,Choque,mar/12/2021 08:10 p. m.,1,1,1,1,1,Carrera 50 X Calle 88A Sur,104
12988,A000000203,mar/17/2021 10:45 a. m.,4,d,Choque,mar/17/2021 10:45 a. m.,1,2,1,1,1,Carrera 48 X Calle 100 Sur,121
12989,A000000204,mar/17/2021 11:00 a. m.,4,d,Choque,mar/17/2021 11:00 a. m.,1,2,1,1,1,Carrera 48 X Calle 100 Sur,103
13004,A000000206,mar/20/2021 09:30 p. m.,3,h,Choque,mar/20/2021 09:30 p. m.,1,1,1,1,1,Carrera 50 X Calle 100B Sur,116
13005,A000000208,mar/19/2021 12:00 p. m.,2,d,Choque,mar/19/2021 12:00 p. m.,1,1,1,1,1,Carrera 45 X Calle 100 Sur,121
13006,A000000209,mar/19/2021 06:55 a. m.,3,d,Choque,mar/19/2021 06:55 a. m.,1,2,1,1,1,Carrera 50 X Calle 79C Sur,112
13007,A000000210,mar/22/2021 01:30 p. m.,2,h,Atropello,mar/22/2021 01:30 p. m.,1,2,1,1,1,Calle 100B Sur X Carrera 48CC,139
13008,A000000211,mar/20/2021 07:10 p. m.,18,h,Choque,mar/20/2021 07:10 p. m.,1,1,1,1,1,Calle 77 Sur X Carrera 52,139
13009,A000000212,mar/20/2021 11:50 a. m.,19,h,Choque,mar/20/2021 11:50 a. m.,1,1,1,1,1,Calle 77 Sur X Carrera 55,157
13010,A000000213,mar/21/2021 07:00 a. m.,5,h,Caida Ocupante,mar/21/2021 07:00 a. m.,1,1,1,1,1,Carrera 55 X Calle 96 Sur,303
13011,A000000214,mar/21/2021 09:50 p. m.,12,h,Caida Ocupante,mar/21/2021 09:50 p. m.,1,1,1,1,1,Carrera 50 X Calle 95 Sur,304
13012,A000000215,mar/21/2021 08:10 p. m.,23,h,Caida Ocupante,mar/21/2021 08:10 p. m.,1,2,1,1,1,Carrera 54 X Calle 80 Sur,304
13013,A000000217,mar/22/2021 04:30 p. m.,5,h,Caida Ocupante,mar/22/2021 04:30 p. m.,1,1,1,1,1,Calle 96 Sur X Carrera 55,157
12682,A000000720,oct/23/2020 01:00 p. m.,1,d,Choque,oct/23/2020 01:00 p. m.,1,1,1,1,1,Calle 95A Sur X Carrera 56,121
12683,A000000721,oct/23/2020 04:50 p. m.,12,h,Choque,oct/23/2020 04:50 p. m.,1,3,1,1,1,Carrera 50 X Calle 96 Sur,112
12684,A000000722,oct/29/2020 12:45 p. m.,19,h,Atropello,oct/29/2020 12:45 p. m.,1,1,1,1,1,Calle 77 Sur X Carrera 59,157
12685,A000000723,oct/24/2020 07:10 p. m.,2,h,Atropello,oct/24/2020 07:10 p. m.,1,1,1,1,1,Calle 100B Sur X Carrera 50,115
12693,A000000724,oct/24/2020 04:00 p. m.,13,h,Atropello,oct/24/2020 04:00 p. m.,1,2,1,1,1,Carrera 50 X Calle 96A Sur,121
12696,A000000725,oct/24/2020 12:10 a. m.,2,h,Choque,oct/24/2020 12:10 a. m.,1,2,1,1,1,Calle 100 Sur X Carrera 48,157
12697,A000000726,oct/24/2020 05:10 a. m.,3,h,Volcamiento,oct/24/2020 05:10 a. m.,1,1,1,2,1,Carrera 50 X Calle 94 Sur,139
12699,A000000727,oct/25/2020 11:00 p. m.,18,h,Caida Ocupante,oct/25/2020 11:00 p. m.,1,1,1,1,1,Calle 77 Sur X Carrera 52,112
12701,A000000728,oct/25/2020 08:00 p. m.,19,h,Choque,oct/25/2020 08:00 p. m.,1,2,1,1,1,Carrera 55 X Calle 79 Sur,116
12703,A000000729,oct/25/2020 10:35 a. m.,19,d,Choque,oct/25/2020 10:35 a. m.,1,1,1,1,1,Calle 76 Sur X Carrera 54B,121
12706,A000000730,oct/25/2020 09:40 p. m.,2,h,Atropello,oct/25/2020 09:40 p. m.,1,1,1,1,1,Carrera 50 X Calle 100 Sur,114
12708,A000000731,oct/18/2020 03:00 p. m.,4,d,Choque,oct/18/2020 03:00 p. m.,1,3,1,1,1,Carrera 48 X Calle 100 Sur,157
12709,A000000734,oct/26/2020 02:00 p. m.,4,d,Choque,oct/26/2020 02:00 p. m.,1,2,1,2,1,Carrera 50 X Calle 79C Sur,121
12710,A000000735,oct/26/2020 08:00 a. m.,2,h,Choque,oct/26/2020 08:00 a. m.,1,2,1,1,1,Calle 100 Sur X Carrera 48C,139
12713,A000000738,oct/27/2020 06:05 a. m.,5,d,Choque,oct/27/2020 06:05 a. m.,1,1,1,1,1,Calle 95 Sur X Carrera 56,143
12715,A000000741,oct/28/2020 06:15 p. m.,3,h,Caida Ocupante,oct/28/2020 06:15 p. m.,1,3,1,1,1,Carrera 50 X Calle 89 Sur,157
12717,A000000742,oct/28/2020 07:40 p. m.,11,d,Choque,oct/28/2020 07:40 p. m.,1,1,1,1,1,Calle 74 Sur X Carrera 66,145
12719,A000000743,oct/28/2020 08:05 a. m.,3,d,Choque,oct/28/2020 08:05 a. m.,1,3,1,1,1,Carrera 50 X Calle 80 Sur,121
12721,A000000744,oct/28/2020 09:05 a. m.,3,d,Choque,oct/28/2020 09:05 a. m.,1,2,1,1,1,Carrera 50 X Calle 79 Sur,106
12723,A000000737,ago/24/2020 04:00 p. m.,4,h,Choque,ago/24/2020 04:00 p. m.,1,3,1,1,1,Carrera 48 X Calle 97 Sur,121
12725,A000000078,feb/03/2021 12:15 p. m.,4,d,Choque,feb/03/2021 12:15 p. m.,1,3,1,1,1,Carrera 48 X Calle 100B Sur,121
12729,A000000745,oct/28/2020 06:20 p. m.,4,d,Choque,oct/28/2020 06:20 p. m.,1,2,1,1,1,Carrera 48 X Calle 100 Sur,121
12730,A000000746,oct/29/2020 07:02 a. m.,4,h,Atropello,oct/29/2020 07:02 a. m.,1,2,1,1,1,Carrera 48 X Calle 100 Sur,145
12731,A000000747,oct/29/2020 05:56 a. m.,2,h,Atropello,oct/29/2020 05:56 a. m.,1,2,1,1,1,Carrera 48 X Calle 100 Sur,121
12761,A000000107,feb/14/2021 11:30 a. m.,15,h,Atropello,feb/14/2021 11:30 a. m.,1,1,1,1,1,Carrera 60 X Calle 76 Sur,157
12762,A000000108,feb/14/2021 06:00 p. m.,1,h,Atropello,feb/14/2021 06:00 p. m.,1,1,1,1,1,Calle 82 Sur X Carrera 60,157
12768,A000000110,feb/14/2021 06:10 p. m.,18,h,Choque,feb/14/2021 06:10 p. m.,1,2,1,1,1,Carrera 50 X Calle 77 Sur,119
12783,A000000120,feb/18/2021 06:20 a. m.,18,h,Choque,feb/18/2021 06:20 a. m.,1,2,1,2,2,Carrera 53 X Calle 77 Sur,157
12786,A000000121,feb/18/2021 06:22 a. m.,3,h,Choque,feb/18/2021 06:22 a. m.,1,2,1,1,1,Carrera 50 X Calle 59B Sur,132
12788,A000000124,feb/20/2021 08:50 p. m.,12,d,Choque,feb/20/2021 08:50 p. m.,1,3,1,1,2,Carrera 50 X Calle 96 Sur,139
12796,A000000819,nov/21/2020 05:40 p. m.,2,h,Caida Ocupante,nov/21/2020 05:40 p. m.,1,2,1,1,1,Calle 100 Sur X Carrera 48,145
12799,A000000820,nov/24/2020 04:20 a. m.,3,h,Atropello,nov/24/2020 04:20 a. m.,1,1,1,1,1,Carrera 48 X Calle 79C Sur,408
12800,A000000821,jul/11/2020 10:50 a. m.,4,d,Volcamiento,jul/11/2020 10:50 a. m.,1,1,1,1,2,Carrera 48 X Calle 100 Sur,157
12802,A000000822,nov/25/2020 02:30 p. m.,3,d,Choque,nov/25/2020 02:30 p. m.,1,2,1,1,1,Carrera 50 X Calle 97 Sur,121
12834,A000000850,dic/03/2020 09:00 p. m.,14,d,Choque,dic/03/2020 09:00 p. m.,1,1,1,1,1,Calle 84 Sur X Carrera 55,157
12835,A000000851,dic/05/2020 05:30 a. m.,2,h,Volcamiento,dic/05/2020 05:30 a. m.,1,1,1,1,1,Calle 100 Sur X Carrera 46,305
12836,A000000852,dic/03/2020 10:00 p. m.,13,h,Choque,dic/03/2020 10:00 p. m.,1,2,1,1,1,Carrera 50 X Calle 97B Sur,104
12837,A000000853,dic/04/2020 05:20 p. m.,3,d,Choque,dic/04/2020 05:20 p. m.,1,2,1,1,1,Carrera 50 X Calle 101 Sur,104
12838,A000000854,dic/05/2020 07:45 a. m.,2,h,Volcamiento,dic/05/2020 07:45 a. m.,1,1,1,1,1,Calle 100 Sur X Carrera 49,307
12839,A000000855,dic/05/2020 12:00 p. m.,5,d,Choque,dic/05/2020 12:00 p. m.,1,1,1,1,1,Calle 91 Sur X Carrera 54,157
12840,A000000856,dic/05/2020 06:40 p. m.,15,d,Choque,dic/05/2020 06:40 p. m.,1,1,1,1,1,Carrera 62A X Calle 74 Sur,103
12841,A000000857,dic/05/2020 05:10 p. m.,3,h,Choque,dic/05/2020 05:10 p. m.,1,2,1,1,1,Carrera 50 X Calle 92 Sur,121
12842,A000000858,dic/05/2020 07:00 a. m.,2,h,Caida Ocupante,dic/05/2020 07:00 a. m.,1,1,1,1,1,Carrera 48D X Calle 100D Sur,157
12843,A000000859,dic/07/2020 12:50 a. m.,22,h,Caida Ocupante,dic/07/2020 12:50 a. m.,1,1,1,1,1,Calle 82 Sur X Carrera 57,157
12844,A000000861,dic/04/2020 09:55 a. m.,2,d,Choque,dic/04/2020 09:55 a. m.,1,2,1,1,1,Carrera 48 X Calle 100 Sur,202
12848,A000000136,feb/24/2021 03:10 p. m.,19,d,Choque,feb/24/2021 03:10 p. m.,1,1,1,2,1,Carrera 57 X Calle 75AA Sur,112
12849,A000000862,dic/07/2020 05:40 a. m.,4,h,Choque,dic/07/2020 05:40 a. m.,1,2,1,1,1,Carrera 48 X Calle 100 Sur,157
12850,A000000863,dic/06/2020 05:10 a. m.,4,d,Choque,dic/06/2020 05:10 a. m.,1,2,1,1,1,Carrera 48 X Calle 100 Sur,157
12851,A000000137,feb/24/2021 03:30 p. m.,21,h,Otro,feb/24/2021 03:30 p. m.,1,1,1,1,1,Carrera 60 X Calle 87 Sur,308
12852,A000000865,dic/06/2020 01:00 p. m.,15,d,Choque,dic/06/2020 01:00 p. m.,1,1,1,1,1,Carrera 63B X Calle 73 Sur,145
12853,A000000866,dic/06/2020 08:45 a. m.,19,h,Choque,dic/06/2020 08:45 a. m.,1,1,1,2,1,Calle 77 Sur X Carrera 55,112
12854,A000000867,dic/05/2020 10:40 a. m.,3,h,Caida Ocupante,dic/05/2020 10:40 a. m.,1,2,1,1,1,Carrera 50 X Calle 101 Sur,157
12636,A000000677,oct/14/2020 07:30 a. m.,4,h,Choque,oct/14/2020 07:30 a. m.,1,2,1,1,1,Carrera 48 X Calle 100 Sur,121
12637,A000000052,ene/25/2021 03:30 p. m.,19,d,Choque,ene/25/2021 03:30 p. m.,1,1,1,1,1,Calle 77 X Carrera 54,121
12711,A000000077,feb/03/2021 08:30 a. m.,4,d,Choque,feb/03/2021 08:30 a. m.,1,2,1,1,1,Calle 100 X Carrera 48,99
12712,A000000079,feb/04/2021 07:30 a. m.,5,d,Choque,feb/04/2021 07:30 a. m.,1,2,1,1,1,Calle 88 Sur X Carrera 52,139
12714,A000000080,feb/05/2021 03:40 p. m.,2,h,Choque,feb/05/2021 03:40 p. m.,1,1,1,1,1,Calle 100B X Carrera 48D,116
12716,A000000081,feb/05/2021 08:20 p. m.,19,h,Atropello,feb/05/2021 08:20 p. m.,1,1,1,2,1,Calle 77 Sur X Carrera 50,157