NRO_RADICADO,NUMERO_EXPEDIENTE,FECHA_ACCIDENTE,ID_ZONA,GRAVEDAD,DESC_CLASE_ACCIDENTE,HORA_ACCIDENTE,AREA,SECTOR,ZONA,DISENO,ESTADO_TIEMPO,VIA_ACCID,POSIBLE_CAUSA
12718,A000000082,feb/06/2021 07:52 a. m.,27,h,Choque,feb/06/2021 07:52 a. m.,1,1,1,2,1,Carrera 54 X Calle 75AA Sur,157
12720,A000000083,feb/04/2021 01:20 p. m.,3,h,Atropello,feb/04/2021 01:20 p. m.,1,2,1,1,1,Carrera 50 X Calle 80 Sur,409
12722,A000000084,feb/06/2021 10:10 a. m.,14,h,Choque,feb/06/2021 10:10 a. m.,1,2,1,2,1,Carrera 55 X Calle 83C Sur,157
12724,A000000085,feb/06/2021 08:00 p. m.,2,d,Choque,feb/06/2021 08:00 p. m.,1,3,1,1,1,Carrera 50 X Calle 100 Sur,103
12726,A000000087,feb/05/2021 08:30 p. m.,14,h,Volcamiento,feb/05/2021 08:30 p. m.,1,1,1,1,1,Carrera 50 X Calle 88A Sur,139
12727,A000000089,feb/07/2021 08:10 p. m.,19,h,Caida Ocupante,feb/07/2021 08:10 p. m.,1,1,1,1,1,Carrera 57 X Calle 77 Sur,112
12728,A000000090,feb/08/2021 08:10 a. m.,18,d,Choque,feb/08/2021 08:10 a. m.,1,1,1,1,1,Calle 77 Sur X Carrera 50A,112
12738,A000000774,nov/03/2020 06:30 p. m.,4,d,Choque,nov/03/2020 06:30 p. m.,1,2,1,1,2,Carrera 48 X Calle 100 Sur,121
12739,A000000099,feb/10/2021 04:10 p. m.,2,h,Choque,feb/10/2021 04:10 p. m.,1,1,1,1,1,Carrera 50 X Calle 100B Sur,101
12740,A000000615,sept/20/2020 05:50 p. m.,4,d,Choque,sept/20/2020 05:50 p. m.,1,2,1,1,1,Carrera 48 X Calle 100 Sur,121
12741,A000000780,nov/08/2020 01:00 a. m.,3,h,Choque,nov/08/2020 01:00 a. m.,1,1,1,1,1,Carrera 50 X Calle 78 Sur,157
12742,A000000781,nov/08/2020 02:50 a. m.,18,h,Atropello,nov/08/2020 02:50 a. m.,1,1,1,7,1,Carrera 50 X Calle 77 Sur,112
12743,A000000782,nov/08/2020 12:50 p. m.,20,h,Caida Ocupante,nov/08/2020 12:50 p. m.,1,1,1,1,1,Calle 81 Sur X Carrera 65,139
12745,A000000783,nov/09/2020 08:50 p. m.,2,h,Caida Ocupante,nov/09/2020 08:50 p. m.,1,1,1,1,1,Calle 101 Sur X Carrera 48AA,138
12744,A000000093,feb/08/2021 01:30 p. m.,4,h,Choque,feb/08/2021 01:30 p. m.,1,2,1,1,1,Carrera 48 X Calle 100 Sur,103
12746,A000000784,nov/09/2020 08:40 p. m.,27,h,Choque,nov/09/2020 08:40 p. m.,1,2,1,1,1,Carrera 54 X Calle 77 Sur,138
12747,A000000785,nov/06/2020 06:20 p. m.,3,d,Choque,nov/06/2020 06:20 p. m.,1,2,1,1,1,Carrera 50 X Calle 79 Sur,121
12748,A000000788,nov/12/2020 07:10 a. m.,18,h,Caida Ocupante,nov/12/2020 07:10 a. m.,1,2,1,1,2,Calle 77 Sur X Carrera 50A,304
12749,A000000789,nov/11/2020 06:00 p. m.,18,h,Caida Ocupante,nov/11/2020 06:00 p. m.,1,2,1,1,1,Calle 77 Sur X Carrera 52,139
12750,A000000097,feb/09/2021 09:10 a. m.,1,d,Choque,feb/09/2021 09:10 a. m.,1,1,1,1,1,Carrera 61 X Calle 81 Sur,157
12751,A000000790,nov/13/2020 09:45 p. m.,21,h,Caida Ocupante,nov/13/2020 09:45 p. m.,1,1,1,1,1,Calle 87 Sur X Carrera 61,139
12752,A000000791,nov/13/2020 11:44 a. m.,19,d,Choque,nov/13/2020 11:44 a. m.,1,3,1,1,1,Carrera 57 X Calle 76B Sur,157
12753,A000000792,nov/13/2020 07:10 p. m.,18,d,Choque,nov/13/2020 07:10 p. m.,1,1,1,1,1,Carrera 50 X Calle 77 Sur,121
12763,A000000793,nov/14/2020 05:20 p. m.,15,h,Atropello,nov/14/2020 05:20 p. m.,1,1,1,1,1,Carrera 62A X Calle 75B,139
12764,A000000794,nov/14/2020 04:30 a. m.,3,h,Choque,nov/14/2020 04:30 a. m.,1,2,1,1,2,Carrera 50 X Calle 79C Sur,139
12765,A000000795,nov/14/2020 02:50 p. m.,3,h,Choque,nov/14/2020 02:50 p. m.,1,2,1,1,1,Carrera 50 X Calle 77 Sur,121
12766,A000000796,nov/14/2020 05:40 p. m.,26,d,Choque,nov/14/2020 05:40 p. m.,1,1,1,1,1,Carrera 63 X Calle 73 Sur,145
12781,A000000809,nov/21/2020 01:30 p. m.,18,h,Choque,nov/21/2020 01:30 p. m.,1,1,1,1,1,Calle 77 Sur X Carrera 50,121
12782,A000001059,dic/21/2020 04:50 a. m.,23,h,Choque,dic/21/2020 04:50 a. m.,1,2,1,2,1,Carrera 50 X Calle 79 Sur,142
12785,A000000813,nov/20/2020 01:40 p. m.,2,h,Caida Ocupante,nov/20/2020 01:40 p. m.,1,1,1,1,1,Carrera 51 X Calle 98 Sur,121
12787,A000000814,nov/21/2020 02:20 p. m.,3,h,Choque,nov/21/2020 02:20 p. m.,1,2,1,1,1,Carrera 50 X Calle 94 Sur,121
12789,A000000815,nov/23/2020 09:30 a. m.,15,h,Caida Ocupante,nov/23/2020 09:30 a. m.,1,2,1,1,1,Carrera 62A X Calle 74 Sur,157
12790,A000000817,nov/23/2020 03:15 p. m.,14,d,Choque,nov/23/2020 03:15 p. m.,1,3,1,1,1,Carrera 50 X Calle 89 Sur,143
12792,A000000818,nov/24/2020 02:30 p. m.,3,d,Choque,nov/24/2020 02:30 p. m.,1,1,1,1,1,Calle 78A Sur X Carrera 50,121
12846,A000000134,feb/20/2021 01:30 p. m.,4,d,Choque,feb/20/2021 01:30 p. m.,1,1,1,1,1,Carrera 48 X Calle 97B Sur,308
12847,A000000135,feb/23/2021 02:10 p. m.,4,d,Choque,feb/23/2021 02:10 p. m.,1,2,1,1,1,Carrera 48 X Calle 103 Sur,119
13040,A000000245,abr/01/2021 05:05 p. m.,5,h,Otro,abr/01/2021 05:05 p. m.,1,1,1,1,1,Calle 96 Sur X Carrera 58,157
13041,A000000240,mar/30/2021 12:00 a. m.,2,h,Choque,mar/30/2021 12:00 a. m.,1,1,1,1,2,Calle 100 Sur X Carrera 49B,139
13042,A000000252,abr/04/2021 05:40 p. m.,2,h,Choque,abr/04/2021 05:40 p. m.,1,3,1,1,1,Carrera 50 X Calle 100 Sur,104
13043,A000000246,abr/01/2021 01:55 p. m.,27,h,Choque,abr/01/2021 01:55 p. m.,1,1,1,1,1,Carrera 54 X Calle 75AA Sur,157
13044,A000000254,abr/04/2021 12:00 p. m.,18,h,Caida Ocupante,abr/04/2021 12:00 p. m.,1,1,1,8,1,Calle 77 Sur X Carrera 49,112
13045,A000000255,abr/04/2021 09:30 a. m.,22,d,Choque,abr/04/2021 09:30 a. m.,1,1,1,2,1,Calle 82 Sur X Carrera 56D,157
13046,A000000277,abr/17/2021 06:00 p. m.,19,h,Choque,abr/17/2021 06:00 p. m.,1,1,1,2,2,Carrera 57 X Calle 75AA Sur,112
13047,A000000048,ene/24/2021 08:35 a. m.,19,d,Choque,ene/24/2021 08:35 a. m.,1,1,1,1,1,Calle 75AA Sur X Carrera 59,104
13048,A000000270,abr/15/2021 09:50 a. m.,3,h,Atropello,abr/15/2021 09:50 a. m.,1,1,1,1,1,Carrera 50 X Calle 77 Sur,157
13052,A000000264,abr/08/2021 09:45 p. m.,2,h,Caida Ocupante,abr/08/2021 09:45 p. m.,1,2,1,1,1,Calle 100 Sur X Carrera 48A,157
12997,A000000189,mar/14/2021 03:00 a. m.,3,d,Choque,mar/14/2021 03:00 a. m.,1,2,1,2,1,Carrera 50 X Calle 79 Sur,142
12998,A000000186,mar/12/2021 05:50 p. m.,3,d,Choque,mar/12/2021 05:50 p. m.,1,2,1,1,1,Carrera 50 X Calle 98A Sur,121
12999,A000000187,mar/13/2021 04:30 a. m.,4,d,Volcamiento,mar/13/2021 04:30 a. m.,1,2,1,1,1,Carrera 50 X Calle 79B Sur,131
13014,A000000219,mar/23/2021 09:20 p. m.,3,h,Choque,mar/23/2021 09:20 p. m.,1,3,1,1,1,Carrera 50 X Calle 79C Sur,104
13015,A000000220,mar/23/2021 06:45 a. m.,14,h,Atropello,mar/23/2021 06:45 a. m.,1,1,1,1,1,Carrera 52 X Calle 83C Sur,157
13016,A000000221,mar/23/2021 06:20 a. m.,1,d,Choque,mar/23/2021 06:20 a. m.,1,1,1,1,1,Carrera 61 X Calle 77 Sur,139
13019,A000000222,mar/24/2021 12:30 p. m.,24,h,Choque,mar/24/2021 12:30 p. m.,1,1,1,1,1,Calle 87 Sur X Carrera 65,157
13020,A000000224,mar/24/2021 04:50 a. m.,3,d,Choque,mar/24/2021 04:50 a. m.,1,1,1,1,1,Carrera 50 X Calle 104,101
13038,A000000242,mar/31/2021 12:50 p. m.,16,h,Atropello,mar/31/2021 12:50 p. m.,1,1,1,1,1,Calle 83C Sur X Carrera 55,157
13039,A000000243,mar/31/2021 03:00 p. m.,15,d,Choque,mar/31/2021 03:00 p. m.,1,1,1,2,1,Carrera 63 X Calle 73,157
13049,A000000271,abr/13/2021 03:00 p. m.,15,h,Volcamiento,abr/13/2021 03:00 p. m.,1,1,1,2,1,Carrera 61 X Calle 24A,112
13050,A000000272,abr/13/2021 06:30 a. m.,3,h,Choque,abr/13/2021 06:30 a. m.,1,2,1,1,1,Carrera 50 X Calle 80 Sur,157
13051,A000000273,abr/15/2021 07:50 a. m.,10,h,Atropello,abr/15/2021 07:50 a. m.,1,1,1,1,2,Calle 80 Sur X Carrera 57,157
13053,A000000247,abr/02/2021 12:40 p. m.,3,d,Choque,abr/02/2021 12:40 p. m.,1,2,1,1,1,Carrera 50 X Calle 79 Sur,121
10559,A00000865,oct/23/2018 04:35 p. m.,3,d,Choque,oct/23/2018 04:35 p. m.,1,1,1,1,1,Calle 95 Sur X Carrera 49D,143
10568,A00000771,sept/23/2018 10:45 a. m.,4,h,Choque,sept/23/2018 10:45 a. m.,1,1,1,1,1,Carrera 50 X Calle 79C Sur,143
10569,A00000877,oct/27/2018 12:40 p. m.,2,d,Choque,oct/27/2018 12:40 p. m.,1,1,1,1,1,Carrera 49 X Calle 100 Sur,143
10570,A00000868,oct/24/2018 07:15 a. m.,3,h,Choque,oct/24/2018 07:15 a. m.,1,1,1,1,1,Carrera 50 X Calle 97B Sur,143
10571,A00000008,ene/04/2019 11:20 a. m.,10,d,Volcamiento,ene/04/2019 11:20 a. m.,1,1,1,1,1,Carrera 59 X Calle 77 Sur,143
10586,A00000194,mar/06/2019 09:00 p. m.,7,h,Atropello,mar/06/2019 09:00 p. m.,1,1,1,1,1,Carrera 55 X Calle 82 Sur,409
10587,A00000195,mar/06/2019 04:40 p. m.,3,h,Atropello,mar/06/2019 04:40 p. m.,1,1,1,1,1,Carrera 50 X Calle 100B Sur,409
10588,A00000196,mar/07/2019 03:40 p. m.,15,h,Caida Ocupante,mar/07/2019 03:40 p. m.,1,1,1,1,1,Carrera 62A X Calle 74 Sur,143
10590,A00000197,mar/06/2019 10:30 a. m.,2,h,Choque,mar/06/2019 10:30 a. m.,1,1,1,1,1,Carrera 48 X Calle 100 Sur,143
10591,A00000198,mar/06/2019 02:50 p. m.,24,d,Choque,mar/06/2019 02:50 p. m.,1,1,1,1,1,Calle 87 Sur X Carrera 62,143
10592,A00000199,mar/06/2019 08:45 p. m.,22,h,Choque,mar/06/2019 08:45 p. m.,1,1,1,1,1,Calle 82 Sur X Carrera 59,143
10599,A00000018,ene/09/2019 06:00 a. m.,4,d,Volcamiento,ene/09/2019 06:00 a. m.,1,1,1,1,1,Carrera 48 X Calle 98 Sur,143
10601,A00000208,mar/11/2019 02:30 p. m.,3,h,Caida Ocupante,mar/11/2019 02:30 p. m.,1,1,1,1,1,Carrera 50 X Calle 97 Sur,143
10602,A00000207,mar/08/2019 03:00 a. m.,2,h,Volcamiento,mar/08/2019 03:00 a. m.,1,1,1,1,1,Carrera 48 X Calle 98 Sur,143
10603,A00000206,mar/10/2019 07:30 p. m.,19,d,Choque,mar/10/2019 07:30 p. m.,1,1,1,1,1,Carrera 56D X Calle 77 Sur,143
10605,A00000205,mar/09/2019 05:00 p. m.,18,d,Choque,mar/09/2019 05:00 p. m.,1,1,1,1,1,Carrera 52D X Calle 77 Sur,143
10606,A00000203,mar/09/2019 09:20 p. m.,27,d,Choque,mar/09/2019 09:20 p. m.,1,1,1,1,1,Carrera 54 X Calle 75AB Sur,143
10607,A00000202,mar/08/2019 10:00 p. m.,2,h,Choque,mar/08/2019 10:00 p. m.,1,1,1,1,1,Carrera 50 X Calle 101 Sur,143
10608,A00000204,mar/09/2019 02:20 p. m.,15,d,Choque,mar/09/2019 02:20 p. m.,1,1,1,1,1,Calle 75 Sur X Carrera 62A Sur,143
10610,A00000209,mar/11/2019 03:40 p. m.,2,d,Choque,mar/11/2019 03:40 p. m.,1,1,1,1,1,Calle 100 Sur X Carrera 50,143
10622,A00000212,mar/13/2019 01:15 p. m.,3,d,Choque,mar/13/2019 01:15 p. m.,1,1,1,1,1,Carrera 50 X Calle 79 Sur,143
10623,A00000183,mar/01/2019 02:20 p. m.,1,d,Choque,mar/01/2019 02:20 p. m.,1,1,1,1,1,Calle 80 Sur X Carrera 59,143
10624,A00000184,mar/01/2019 09:35 a. m.,14,d,Choque,mar/01/2019 09:35 a. m.,1,1,1,1,1,Carrera 55 X Calle 88 Sur,143
10625,A00000185,mar/01/2019 04:30 p. m.,2,d,Choque,mar/01/2019 04:30 p. m.,1,1,1,1,1,Calle 100 Sur X Carrera 48,143
10681,A00000035,ene/16/2019 10:45 a. m.,17,h,Caida Ocupante,ene/16/2019 10:45 a. m.,1,1,1,1,1,Calle 80 Sur X Carrera 55,140
10682,A00000044,ene/20/2019 12:00 a. m.,14,h,Otro,ene/20/2019 12:00 a. m.,1,1,1,1,1,Calle 87 Sur X Carrera 55,140
10683,A00000045,ene/20/2019 10:00 p. m.,7,h,Otro,ene/20/2019 10:00 p. m.,1,1,1,1,1,Calle 82 Sur X Carrera 55,140
10684,A00000046,ene/21/2019 07:30 a. m.,2,h,Caida Ocupante,ene/21/2019 07:30 a. m.,1,1,1,1,1,Calle 100 Sur X Carrera 52,140
10685,A00000049,ene/23/2019 10:00 p. m.,2,h,Atropello,ene/23/2019 10:00 p. m.,1,1,1,1,1,Carrera 50 X Calle 99 Sur,409
10686,A00000047,ene/22/2019 12:00 p. m.,6,h,Caida Ocupante,ene/22/2019 12:00 p. m.,1,1,1,1,1,Calle 80 Sur X Carrera 55,140
10687,A00000065,ene/25/2019 07:20 a. m.,2,h,Choque,ene/25/2019 07:20 a. m.,1,1,1,1,1,Carrera 50 X Calle 99 Sur,143
10715,A00000025,ene/11/2019 06:50 a. m.,3,d,Choque,ene/11/2019 06:50 a. m.,1,1,1,1,1,Carrera 50 X Calle 79 Sur,143
10716,A00000001,ene/01/2019 03:30 p. m.,3,h,Caida Ocupante,ene/01/2019 03:30 p. m.,1,1,1,1,1,Carrera 50 X Calle 97 Sur,143
10717,A00000006,ene/03/2019 01:00 p. m.,3,h,Caida Ocupante,ene/03/2019 01:00 p. m.,1,1,1,1,1,Carrera 50 X Calle 78 Sur,143
10724,A00000240,mar/21/2019 11:00 a. m.,19,h,Caida Ocupante,mar/21/2019 11:00 a. m.,1,1,1,1,1,Calle 77 Sur X Carrera 57B,143
10725,A00000241,mar/22/2019 11:00 a. m.,24,h,Atropello,mar/22/2019 11:00 a. m.,1,1,1,1,1,Carrera 62 X Calle 87 Sur,143
10726,A00000242,mar/24/2019 10:40 a. m.,1,d,Choque,mar/24/2019 10:40 a. m.,1,1,1,1,1,Calle 81 Sur X Carrera 60,143
10777,A00000817,oct/08/2018 06:30 a. m.,1,d,Choque,oct/08/2018 06:30 a. m.,1,1,1,1,1,Carrera 50 X Calle 97B Sur,143
10778,A00000824,oct/09/2018 06:10 p. m.,2,d,Choque,oct/09/2018 06:10 p. m.,1,1,1,1,1,Calle 100 Sur X Carrera 49,143
10813,A00000282,abr/03/2019 02:35 p. m.,4,h,Choque,abr/03/2019 02:35 p. m.,1,1,1,1,1,Carrera 48 X Calle 98 Sur,143
10815,A00000283,abr/03/2019 05:40 p. m.,3,d,Choque,abr/03/2019 05:40 p. m.,1,1,1,1,1,Carrera 50 X Calle 80 Sur,143
10816,A00000284,abr/04/2019 06:20 a. m.,18,h,Caida Ocupante,abr/04/2019 06:20 a. m.,1,1,1,1,1,Calle 77 Sur X Carrera 52,143
10819,A00000285,abr/05/2019 11:50 a. m.,3,d,Choque,abr/05/2019 11:50 a. m.,1,1,1,1,1,Carrera 50 X Calle 79C Sur,143
10820,A00000286,abr/06/2019 10:10 p. m.,3,h,Caida Ocupante,abr/06/2019 10:10 p. m.,1,1,1,1,1,Carrera 54 X Calle 79 Sur,143
10821,A00000287,abr/06/2019 03:20 p. m.,22,h,Atropello,abr/06/2019 03:20 p. m.,1,1,1,1,1,Carrera 57A X Calle 81 Sur,143
10823,A00000293,abr/07/2019 11:30 a. m.,14,d,Otro,abr/07/2019 11:30 a. m.,1,1,1,1,1,Carrera 55 X Calle 88 Sur,143
10825,A00000861,oct/21/2018 03:30 p. m.,18,d,Choque,oct/21/2018 03:30 p. m.,1,1,1,1,1,Calle 77 Sur X Carrera 50A,143
10843,A00000903,nov/03/2018 02:30 p. m.,3,d,Choque,nov/03/2018 02:30 p. m.,1,1,1,1,1,Carrera 50 X Calle 79 Sur,143
10874,A00000311,abr/15/2019 04:00 p. m.,2,d,Choque,abr/15/2019 04:00 p. m.,1,1,1,1,1,Calle 100D Sur X Carrera 48D,143
10875,A00000312,abr/12/2019 08:05 a. m.,2,d,Choque,abr/12/2019 08:05 a. m.,1,1,1,1,1,Carrera 48 X Calle 98 Sur,143
10876,A00000314,abr/15/2019 04:25 p. m.,14,d,Choque,abr/15/2019 04:25 p. m.,1,1,1,1,1,Carrera 55 X Calle 83C Sur,143
10877,A00000315,abr/16/2019 08:00 p. m.,23,h,Choque,abr/16/2019 08:00 p. m.,1,1,1,1,1,Calle 77 Sur X Carrera 54,143
12855,A000000868,dic/06/2020 06:20 p. m.,2,d,Choque,dic/06/2020 06:20 p. m.,1,1,1,1,1,Carrera 50 X Calle 98 Sur,121
12856,A000000138,feb/24/2021 06:00 a. m.,18,h,Choque,feb/24/2021 06:00 a. m.,1,1,1,7,1,Calle 77 Sur X Carrera 52D,112
12857,A000000139,feb/24/2021 06:00 a. m.,22,h,Atropello,feb/24/2021 06:00 a. m.,1,1,1,2,1,Calle 82 Sur X Carrera 59,116
12858,A000000869,dic/07/2020 07:40 p. m.,2,d,Choque,dic/07/2020 07:40 p. m.,1,1,1,1,1,Calle 100 Sur X Carrera 49D,101
12859,A000000140,feb/26/2021 02:00 a. m.,15,h,Volcamiento,feb/26/2021 02:00 a. m.,1,1,1,1,1,Carrera 62A X Calle 76 Sur,157
12860,A000000870,dic/07/2020 11:30 a. m.,1,h,Choque,dic/07/2020 11:30 a. m.,1,2,1,1,1,Calle 81 Sur X Carrera 63,157
12861,A000000141,feb/24/2021 12:30 a. m.,3,h,Choque,feb/24/2021 12:30 a. m.,1,1,1,1,1,Carrera 50 X Calle 98A Sur,145
12862,A000000871,dic/07/2020 08:00 p. m.,3,d,Choque,dic/07/2020 08:00 p. m.,1,2,1,1,1,Carrera 50 X Calle 79C Sur,112
12863,A000000872,dic/07/2020 08:00 p. m.,4,d,Choque,dic/07/2020 08:00 p. m.,1,2,1,1,1,Carrera 48 X Calle 79C Sur,112
12865,A000000873,dic/07/2020 07:45 p. m.,19,h,Choque,dic/07/2020 07:45 p. m.,1,1,1,1,1,Calle 76A Sur X Carrera 55,157
12872,A000000874,dic/08/2020 03:40 p. m.,22,h,Choque,dic/08/2020 03:40 p. m.,1,1,1,1,1,Calle 82 Sur X Carrera 57A,121
12873,A000000875,dic/08/2020 06:00 p. m.,24,h,Choque,dic/08/2020 06:00 p. m.,1,1,1,2,1,Calle 87 Sur X Carrera 62,121
12874,A000000876,dic/08/2020 12:10 p. m.,18,d,Choque,dic/08/2020 12:10 p. m.,1,1,1,1,1,Calle 77 Sur X Carrera 50,121
12875,A000000877,dic/09/2020 02:00 p. m.,17,h,Caida Ocupante,dic/09/2020 02:00 p. m.,1,1,1,1,1,Calle 74 Sur X Carrera 57,304
12878,A000000878,dic/07/2020 08:45 a. m.,23,h,Caida Ocupante,dic/07/2020 08:45 a. m.,1,3,1,1,1,Carrera 50 X Calle 80 Sur,157
12879,A000000879,dic/10/2020 05:30 p. m.,3,h,Caida Ocupante,dic/10/2020 05:30 p. m.,1,1,1,1,1,Carrera 50 X Calle 89 Sur,112
12882,A000000880,dic/10/2020 07:30 a. m.,3,d,Choque,dic/10/2020 07:30 a. m.,1,2,1,1,1,Carrera 50 X Calle 96 Sur,157
12890,A000000154,mar/03/2021 08:50 p. m.,3,h,Atropello,mar/03/2021 08:50 p. m.,1,1,1,1,1,Carrera 50 X Calle 79C Sur,157
10563,A00000749,sept/17/2018 03:00 p. m.,3,h,Choque,sept/17/2018 03:00 p. m.,1,1,1,1,1,Carrera 50 X Calle 97 Sur,143
10564,A00000888,oct/30/2018 05:00 p. m.,3,d,Choque,oct/30/2018 05:00 p. m.,1,1,1,1,1,Carrera 50 X Calle 100B Sur,143
10573,A00000191,mar/04/2019 05:30 p. m.,26,h,Choque,mar/04/2019 05:30 p. m.,1,1,1,1,1,Carrera 56C X Calle 83DD Sur,143
10574,A00000192,mar/05/2019 06:20 a. m.,18,h,Choque,mar/05/2019 06:20 a. m.,1,1,1,1,1,Calle 77 Sur X Carrera 49,143
10575,A00000193,mar/05/2019 07:30 p. m.,10,d,Choque,mar/05/2019 07:30 p. m.,1,1,1,1,1,Calle 79 Sur X Carrera 55,143
10576,A00000189,mar/03/2019 03:00 p. m.,1,d,Choque,mar/03/2019 03:00 p. m.,1,1,1,1,1,Calle 83A Sur X Carrera 60,143
10583,A00000755,sept/18/2018 08:18 p. m.,19,d,Choque,sept/18/2018 08:18 p. m.,1,1,1,1,1,Carrera 56D X Calle 76 Sur,143
10732,A00000247,mar/23/2019 04:10 p. m.,4,d,Choque,mar/23/2019 04:10 p. m.,1,1,1,1,1,Carrera 50 X Calle 79C Sur,143
10799,A00000168,feb/25/2019 01:40 p. m.,23,d,Choque,feb/25/2019 01:40 p. m.,1,1,1,1,1,Calle 79 Sur X Carrera 50,143
10803,A00000969,dic/01/2018 09:10 a. m.,3,d,Choque,dic/01/2018 09:10 a. m.,1,1,1,1,1,Carrera 50 X Calle 94 Sur,143
10808,A00000280,abr/03/2019 06:00 a. m.,8,h,Choque,abr/03/2019 06:00 a. m.,1,1,1,1,1,Carrera 55 X Calle 79 Sur,143
10809,A00000281,abr/03/2019 06:20 p. m.,15,h,Caida Ocupante,abr/03/2019 06:20 p. m.,1,1,1,1,1,Carrera 62A X Calle 75 Sur,143
10822,A00000279,mar/31/2019 04:30 a. m.,1,h,Volcamiento,mar/31/2019 04:30 a. m.,1,2,2,1,1,Carrera 48 X Calle 100 Sur,116
10824,A00000278,abr/02/2019 05:25 p. m.,1,h,Choque,abr/02/2019 05:25 p. m.,1,2,4,1,1,Carrera 48 X Calle 100 Sur,157
10830,A00000288,abr/06/2019 08:00 a. m.,12,h,Choque,abr/06/2019 08:00 a. m.,1,1,1,1,1,Carrera 50 X Calle 96 Sur,143
10831,A00000294,abr/08/2019 07:20 p. m.,18,h,Choque,abr/08/2019 07:20 p. m.,1,1,1,1,1,Calle 77 Sur X Carrera 50,143
10832,A00000295,abr/09/2019 06:00 a. m.,3,h,Caida Ocupante,abr/09/2019 06:00 a. m.,1,1,1,1,1,Carrera 50 X Calle 92 Sur,143
10833,A00000296,abr/09/2019 10:10 a. m.,8,h,Choque,abr/09/2019 10:10 a. m.,1,1,1,1,1,Carrera 54 X Calle 75B Sur,143
10844,A00000015,ene/09/2019 11:15 a. m.,3,h,Caida Ocupante,ene/09/2019 11:15 a. m.,1,1,1,1,1,Carrera 50 X Calle 95 Sur,143
10845,A00000019,ene/10/2019 04:00 p. m.,3,h,Caida Ocupante,ene/10/2019 04:00 p. m.,1,1,1,1,1,Carrera 50 X Calle 80 Sur,143
10846,A00000021,feb/11/2019 02:00 p. m.,8,h,Caida Ocupante,feb/11/2019 02:00 p. m.,1,1,1,1,1,Calle 77 Sur X Carrera 55,143
10847,A00000026,ene/13/2019 05:00 p. m.,21,h,Caida Ocupante,ene/13/2019 05:00 p. m.,1,1,1,1,1,Carrera 63 X Calle 87 Sur,143
10927,A00001045,dic/26/2018 06:00 p. m.,2,h,Choque,dic/26/2018 06:00 p. m.,1,1,1,1,1,Carrera 50 X Calle 100 Sur,143
10928,A00000922,nov/16/2018 12:15 p. m.,26,d,Choque,nov/16/2018 12:15 p. m.,1,1,1,1,1,Carrera 63 X Calle 73 Sur,143
10940,A00000836,oct/14/2018 06:00 a. m.,3,h,Choque,oct/14/2018 06:00 a. m.,1,1,1,1,1,Carrera 50 X Calle 88A Sur,143
11015,A00000132,feb/14/2019 10:30 a. m.,20,h,Otro,feb/14/2019 10:30 a. m.,1,1,1,1,1,Carrera 62 X Calle 77 Sur,140
11016,A00000133,feb/14/2019 07:50 a. m.,18,h,Caida Ocupante,feb/14/2019 07:50 a. m.,1,1,1,1,1,Calle 77 Sur X Carrera 52,140
11017,A00000138,feb/14/2019 06:40 p. m.,24,h,Caida Ocupante,feb/14/2019 06:40 p. m.,1,1,1,1,1,Calle 87 Sur X Carrera 62,140
11018,A00000142,feb/17/2019 12:45 p. m.,19,h,Caida Ocupante,feb/17/2019 12:45 p. m.,1,1,1,1,1,Calle 77 Sur X Carrera 56E,140
11019,A00000148,feb/20/2019 09:50 a. m.,2,h,Caida Ocupante,feb/20/2019 09:50 a. m.,1,1,1,1,1,Carrera 50 X Calle 100 Sur,140
11020,A00000149,feb/20/2019 06:00 a. m.,26,h,Caida Ocupante,feb/20/2019 06:00 a. m.,1,1,1,1,1,Calle 75A Sur X Carrera 54,140
11021,A00000162,feb/23/2019 05:30 p. m.,2,h,Caida Ocupante,feb/23/2019 05:30 p. m.,1,1,1,1,1,Carrera 50 X Calle 99 Sur,140
11022,A00000165,feb/24/2019 03:30 p. m.,23,h,Caida Ocupante,feb/24/2019 03:30 p. m.,1,1,1,1,1,Carrera 55 X Calle 80 Sur,140
11023,A00000173,feb/26/2019 01:10 p. m.,8,h,Caida Ocupante,feb/26/2019 01:10 p. m.,1,1,1,1,1,Calle 77 Sur X Carrera 55,140
11024,A00000180,feb/28/2019 05:45 a. m.,3,h,Caida Ocupante,feb/28/2019 05:45 a. m.,1,1,1,1,1,Calle 80 Sur X Carrera 50,140
11030,A00000059,ene/24/2019 02:00 p. m.,3,d,Choque,ene/24/2019 02:00 p. m.,1,1,1,1,1,Carrera 50 X Calle 79 Sur,143
11105,A00000462,jun/06/2019 05:20 p. m.,23,d,Choque,jun/06/2019 05:20 p. m.,1,1,1,1,1,Calle 79 Sur X Carrera 52,143
11106,A00000463,jun/07/2019 05:10 p. m.,19,h,Caida Ocupante,jun/07/2019 05:10 p. m.,1,1,1,1,1,Carrera 53 X Calle 77 Sur,143
11107,A00000464,jun/07/2019 12:00 p. m.,1,d,Choque,jun/07/2019 12:00 p. m.,1,1,1,1,1,Calle 81 Sur X Carrera 63,143