NRO_RADICADO,NUMERO_EXPEDIENTE,FECHA_ACCIDENTE,ID_ZONA,GRAVEDAD,DESC_CLASE_ACCIDENTE,HORA_ACCIDENTE,AREA,SECTOR,ZONA,DISENO,ESTADO_TIEMPO,VIA_ACCID,POSIBLE_CAUSA
11108,A00000465,jun/07/2019 11:50 a. m.,19,d,Choque,jun/07/2019 11:50 a. m.,1,1,1,1,1,Calle 77 Sur X Carrera 55,143
11109,A00000466,jun/07/2019 03:00 a. m.,3,h,Choque,jun/07/2019 03:00 a. m.,1,1,1,1,1,Carrera 50 X Calle 100B Sur,143
11110,A00000467,jun/07/2019 08:00 a. m.,19,h,Caida Ocupante,jun/07/2019 08:00 a. m.,1,1,1,1,1,Calle 77 Sur X Carrera 54,143
11115,A00000976,dic/03/2018 01:10 p. m.,19,d,Choque,dic/03/2018 01:10 p. m.,1,1,1,1,1,Calle 80 Sur X Carrera 54,143
11120,A00000967,dic/01/2018 11:45 a. m.,22,d,Choque,dic/01/2018 11:45 a. m.,1,1,1,1,1,Carrera 55 X Calle 82 Sur,143
11121,A00000167,feb/24/2019 10:40 p. m.,1,d,Choque,feb/24/2019 10:40 p. m.,1,1,1,1,1,Calle 81 Sur X Carrera 60,143
11122,A00000818,oct/08/2018 06:00 a. m.,19,d,Choque,oct/08/2018 06:00 a. m.,1,1,1,1,1,Calle 77 Sur X Carrera 57,143
11160,A00001053,dic/31/2018 10:20 a. m.,3,d,Choque,dic/31/2018 10:20 a. m.,1,1,1,1,1,Carrera 50 X Calle 80 Sur,143
11207,A00000555,jul/09/2019 10:00 p. m.,15,h,Caida Ocupante,jul/09/2019 10:00 p. m.,1,1,1,1,1,Calle 73 Sur X Carrera 64,140
11208,A00000071,ene/26/2019 08:27 a. m.,4,h,Choque,ene/26/2019 08:27 a. m.,1,1,1,1,1,Carrera 48 X Calle 98,143
11326,A00000122,feb/08/2019 07:10 a. m.,23,d,Choque,feb/08/2019 07:10 a. m.,1,1,1,1,1,Calle 77 Sur X Carrera 53,143
11327,A00000075,ene/28/2019 12:10 p. m.,23,h,Choque,ene/28/2019 12:10 p. m.,1,1,1,1,1,Calle 77 Sur X Carrera 53,143
11328,A00000076,ene/29/2019 08:00 a. m.,20,d,Choque,ene/29/2019 08:00 a. m.,1,1,1,1,1,Carrera 62 X Calle 80 Sur,143
10892,A00000323,abr/18/2019 04:30 a. m.,3,h,Choque,abr/18/2019 04:30 a. m.,1,1,1,1,1,Carrera 50 X Calle 80 Sur,143
10893,A00000324,abr/19/2019 01:20 p. m.,2,h,Caida Ocupante,abr/19/2019 01:20 p. m.,1,1,1,1,1,Carrera 50 X Calle 98A Sur,143
10894,A00000325,abr/19/2019 12:40 p. m.,2,h,Atropello,abr/19/2019 12:40 p. m.,1,1,1,1,1,Carrera 50 X Calle 100B Sur,143
10895,A00000326,abr/20/2019 02:00 p. m.,17,h,Atropello,abr/20/2019 02:00 p. m.,1,1,1,1,1,Calle 80 Sur X Carrera 58,143
10896,A00000327,abr/20/2019 11:30 p. m.,3,h,Choque,abr/20/2019 11:30 p. m.,1,1,1,1,1,Calle 79 Sur X Carrera 50,143
10897,A00000328,abr/20/2019 01:20 p. m.,2,h,Caida Ocupante,abr/20/2019 01:20 p. m.,1,1,1,1,1,Carrera 48D X Calle 100 Sur,143
10898,A00000329,abr/22/2019 06:00 a. m.,15,h,Caida Ocupante,abr/22/2019 06:00 a. m.,1,1,1,1,1,Carrera 62A X Calle 75 Sur,143
10899,A00000330,abr/22/2019 07:00 a. m.,19,h,Caida Ocupante,abr/22/2019 07:00 a. m.,1,1,1,1,1,Carrera 50 X Calle 77 Sur,143
10900,A00000331,abr/23/2019 09:20 a. m.,2,d,Volcamiento,abr/23/2019 09:20 a. m.,1,1,1,1,1,Calle 100 Sur X Carrera 49,143
10901,A00000332,abr/23/2019 10:00 a. m.,5,h,Atropello,abr/23/2019 10:00 a. m.,1,1,1,1,1,Carrera 52 X Calle 90 Sur,143
10902,A00000333,abr/23/2019 11:50 a. m.,1,h,Choque,abr/23/2019 11:50 a. m.,1,1,1,1,1,Carrera 60 X Calle 83 Sur,143
10903,A00000334,abr/21/2019 12:20 p. m.,2,d,Choque,abr/21/2019 12:20 p. m.,1,1,1,1,1,Calle 100B Sur X Carrera 50,143
10904,A00000335,abr/23/2019 05:30 p. m.,2,h,Caida Ocupante,abr/23/2019 05:30 p. m.,1,1,1,1,1,Carrera 50 X Calle 98 Sur,143
10905,A00000336,abr/24/2019 03:10 p. m.,1,d,Otro,abr/24/2019 03:10 p. m.,1,1,1,1,1,Calle 79 Sur X Carrera 61,143
10906,A00000337,abr/24/2019 07:30 a. m.,2,h,Choque,abr/24/2019 07:30 a. m.,1,1,1,1,1,Carrera 48B X Calle 99A Sur,143
10907,A00000338,abr/24/2019 12:30 p. m.,2,d,Choque,abr/24/2019 12:30 p. m.,1,1,1,1,1,Carrera 48 X Calle 98 Sur,143
10908,A00000339,abr/25/2019 06:00 p. m.,14,h,Caida Ocupante,abr/25/2019 06:00 p. m.,1,1,1,1,1,Calle 87 Sur X Carrera 55,143
10909,A00000340,abr/25/2019 06:20 a. m.,2,h,Choque,abr/25/2019 06:20 a. m.,1,1,1,1,1,Carrera 50 X Calle 100 Sur,143
10931,A00000354,abr/28/2019 01:20 p. m.,3,h,Atropello,abr/28/2019 01:20 p. m.,1,1,1,1,1,Carrera 50 X Calle 100C Sur,409
10932,A00000353,abr/26/2019 11:00 p. m.,5,h,Caida Ocupante,abr/26/2019 11:00 p. m.,1,1,1,1,1,Calle 88 Sur X Carrera 50,140
10933,A00000355,abr/29/2019 03:10 p. m.,3,h,Choque,abr/29/2019 03:10 p. m.,1,1,1,1,1,Carrera 50 X Calle 79C Sur,143
10934,A00000356,abr/28/2019 08:00 a. m.,24,d,Choque,abr/28/2019 08:00 a. m.,1,1,1,1,1,Carrera 65B X Calle 87 Sur,143
10941,A00000895,nov/02/2018 02:10 p. m.,2,d,Choque,nov/02/2018 02:10 p. m.,1,1,1,1,1,Carrera 50 X Calle 100 Sur,143
10942,A00000880,oct/27/2018 09:30 a. m.,8,h,Choque,oct/27/2018 09:30 a. m.,1,1,1,1,1,Carrera 55 X Calle 77 Sur,143
10946,A00000376,may/05/2019 05:20 a. m.,3,h,Choque,may/05/2019 05:20 a. m.,1,1,1,1,1,Carrera 50 X Calle 79 Sur,143
11028,A00000399,may/11/2019 02:40 p. m.,3,d,Choque,may/11/2019 02:40 p. m.,1,1,1,1,1,Carrera 50 X Calle 83B Sur,143
11033,A00000061,ene/24/2019 07:15 p. m.,22,h,Choque,ene/24/2019 07:15 p. m.,1,1,1,1,1,Carrera 57 X Calle 82 Sur,143
11035,A00000179,feb/25/2019 01:10 p. m.,2,h,Atropello,feb/25/2019 01:10 p. m.,1,1,1,1,1,Carrera 48 X Calle 98 Sur,143
11076,A00000051,ene/23/2019 07:30 p. m.,14,h,Choque,ene/23/2019 07:30 p. m.,1,1,1,1,1,Carrera 55 X Calle 83 Sur,143
11077,A00000430,may/27/2019 09:20 p. m.,3,h,Caida Ocupante,may/27/2019 09:20 p. m.,1,1,1,1,1,Carrera 50 X Calle 100B Sur,143
11078,A00000431,may/28/2019 07:30 a. m.,4,h,Caida Ocupante,may/28/2019 07:30 a. m.,1,1,1,1,1,Carrera 50 X Calle 79C Sur,143
11116,A00000472,jun/10/2019 01:10 p. m.,2,h,Caida Ocupante,jun/10/2019 01:10 p. m.,1,1,1,1,1,Carrera 50 X Calle 99 Sur,143
11117,A00000473,jun/10/2019 04:10 p. m.,18,d,Choque,jun/10/2019 04:10 p. m.,1,1,1,1,1,Calle 77 Sur X Carrera 50A,143
11126,A00000120,feb/08/2019 09:20 a. m.,2,d,Choque,feb/08/2019 09:20 a. m.,1,1,1,1,1,Carrera 50 X Calle 98A Sur,143
11151,A00000498,jun/20/2019 06:50 a. m.,3,h,Caida Ocupante,jun/20/2019 06:50 a. m.,1,1,1,1,1,Carrera 50 X Calle 97B Sur,143
11152,A00000493,jun/17/2019 09:50 a. m.,10,h,Caida Ocupante,jun/17/2019 09:50 a. m.,1,1,1,1,1,Carrera 59 X Calle 80 Sur,140
11153,A00000492,jun/17/2019 06:50 a. m.,3,h,Choque,jun/17/2019 06:50 a. m.,1,1,1,1,1,Carrera 50 X Calle 79 Sur,143
11154,A00000497,jun/18/2019 11:40 a. m.,2,d,Choque,jun/18/2019 11:40 a. m.,1,1,1,1,1,Carrera 50 X Calle 100 Sur,143
11155,A00000496,jun/18/2019 09:00 p. m.,1,h,Choque,jun/18/2019 09:00 p. m.,1,1,1,2,1,Carrera 63 X Calle 81 Sur,143
11156,A00000495,jun/18/2019 05:40 p. m.,1,d,Choque,jun/18/2019 05:40 p. m.,1,1,1,1,1,Carrera 60 X Calle 80 Sur,143
11157,A00000486,jun/15/2019 07:40 p. m.,12,h,Caida Ocupante,jun/15/2019 07:40 p. m.,1,1,1,1,1,Carrera 50 X Calle 95 Sur,140
11193,A00000134,feb/14/2019 05:30 p. m.,19,d,Choque,feb/14/2019 05:30 p. m.,1,1,1,1,1,Calle 77 Sur X Carrera 59B,143
11199,A00000528,jun/29/2019 07:30 a. m.,15,h,Caida Ocupante,jun/29/2019 07:30 a. m.,1,1,1,1,1,Carrera 60 X Calle 75AA Sur,140
11200,A00000529,jul/01/2019 03:45 a. m.,18,h,Caida Ocupante,jul/01/2019 03:45 a. m.,1,1,1,1,1,Calle 77 Sur X Carrera 50,140
11201,A00000530,jul/01/2019 07:10 p. m.,12,h,Otro,jul/01/2019 07:10 p. m.,1,1,1,1,1,Carrera 50 X Calle 96 Sur,140
11202,A00000531,jul/01/2019 04:00 p. m.,1,d,Choque,jul/01/2019 04:00 p. m.,1,1,1,1,1,Calle 80 Sur X Carrera 61,143
11203,A00000532,jul/02/2019 05:20 a. m.,3,h,Volcamiento,jul/02/2019 05:20 a. m.,1,1,1,1,1,Carrera 50 X Calle 77 Sur,140
11204,A00000533,jul/02/2019 06:00 p. m.,4,d,Choque,jul/02/2019 06:00 p. m.,1,1,1,1,1,Carrera 50 X Calle 79C Sur,143
11205,A00000534,jul/03/2019 09:20 a. m.,2,h,Caida Ocupante,jul/03/2019 09:20 a. m.,1,1,1,1,1,Calle 100B Sur X Carrera 50,140
11239,A00000540,jul/05/2019 08:10 p. m.,3,h,Choque,jul/05/2019 08:10 p. m.,1,1,1,1,1,Carrera 50 X Calle 97B Sur,143
11322,A00000624,ago/03/2019 10:00 p. m.,15,d,Choque,ago/03/2019 10:00 p. m.,1,1,1,1,1,Calle 75B Sur X Carrera 62,143
11323,A00000628,ago/02/2019 11:15 a. m.,3,d,Choque,ago/02/2019 11:15 a. m.,1,1,1,1,1,Carrera 50 X Calle 79B Sur,143
11381,A00000124,feb/10/2019 11:00 a. m.,21,h,Choque,feb/10/2019 11:00 a. m.,1,1,1,1,1,Carrera 62 X Calle 83A Sur,143
11400,A00000669,ago/15/2019 01:30 p. m.,15,d,Choque,ago/15/2019 01:30 p. m.,1,1,1,2,1,Carrera 62A X Calle 76 Sur,143
11401,A00000667,ago/15/2019 09:40 a. m.,4,h,Caida Ocupante,ago/15/2019 09:40 a. m.,1,1,1,1,1,Carrera 48 X Calle 79 Sur,140
11402,A00000668,ago/15/2019 05:50 p. m.,19,h,Caida Ocupante,ago/15/2019 05:50 p. m.,1,1,1,1,1,Calle 77AA X Carrera 57,143
11403,A00000666,ago/15/2019 07:15 a. m.,2,h,Choque,ago/15/2019 07:15 a. m.,1,1,1,1,1,Carrera 50 X Calle 98AB Sur,143
11404,A00000670,ago/16/2019 08:10 p. m.,19,h,Caida Ocupante,ago/16/2019 08:10 p. m.,1,1,1,1,1,Calle 77 Sur X Carrera 60,140
11405,A00000685,ago/22/2019 08:30 a. m.,18,h,Caida Ocupante,ago/22/2019 08:30 a. m.,1,1,1,1,1,Calle 77 Sur X Carrera 50,140
11406,A00000686,ago/22/2019 10:20 a. m.,3,h,Choque,ago/22/2019 10:20 a. m.,1,1,1,1,1,Carrera 50 X Calle 79 Sur,143
11493,A00000768,sept/16/2019 01:10 p. m.,23,d,Choque,sept/16/2019 01:10 p. m.,1,1,1,1,1,Carrera 54 X Calle 79AA Sur,143
11494,A00000769,sept/17/2019 01:35 p. m.,2,h,Choque,sept/17/2019 01:35 p. m.,1,1,1,1,1,Carrera 48 X Calle 98A Sur,143
11495,A00000772,sept/18/2019 04:40 p. m.,12,h,Caida Ocupante,sept/18/2019 04:40 p. m.,1,1,1,1,1,Carrera 51 X Calle 97 Sur,140
11496,A00000773,sept/18/2019 07:50 a. m.,8,h,Caida Ocupante,sept/18/2019 07:50 a. m.,1,1,1,1,1,Calle 77 Sur X Carrera 50A,140
11497,A00000774,sept/18/2019 04:40 a. m.,3,h,Choque,sept/18/2019 04:40 a. m.,1,1,1,1,1,Carrera 50 X Calle 97 Sur,143
11498,A00000775,sept/18/2019 02:00 p. m.,3,h,Caida Ocupante,sept/18/2019 02:00 p. m.,1,1,1,1,1,Carrera 50 X Calle 95A,140
11499,A00000784,sept/21/2019 01:10 p. m.,1,d,Choque,sept/21/2019 01:10 p. m.,1,1,1,1,1,Carrera 60 X Calle 77 Sur,143
11500,A00000776,sept/19/2019 10:15 a. m.,3,d,Otro,sept/19/2019 10:15 a. m.,1,1,1,1,1,Carrera 55 X Calle 80 Sur,140
11501,A00000778,sept/19/2019 05:20 p. m.,18,d,Choque,sept/19/2019 05:20 p. m.,1,1,1,7,1,Calle 77 Sur X Carrera 52D,143
11502,A00000779,sept/20/2019 03:30 p. m.,14,h,Choque,sept/20/2019 03:30 p. m.,1,1,1,1,1,Carrera 55 X Calle 83B Sur,143
11503,A00000777,sept/19/2019 01:15 a. m.,14,d,Choque,sept/19/2019 01:15 a. m.,1,1,1,1,1,Calle 83 X Carrera 55,143
11504,A00000780,sept/20/2019 02:50 p. m.,19,d,Choque,sept/20/2019 02:50 p. m.,1,1,1,1,1,Carrera 54 X Calle 75AB Sur,143
11505,A00000782,sept/20/2019 03:25 p. m.,14,d,Choque,sept/20/2019 03:25 p. m.,1,1,1,1,1,Carrera 55 X Calle 83 Sur,143
11506,A00000731,sept/06/2019 09:15 a. m.,2,d,Choque,sept/06/2019 09:15 a. m.,1,1,1,1,1,Calle 47 X Carrera 100 Sur,143
11585,A00000836,oct/03/2019 01:00 p. m.,4,d,Choque,oct/03/2019 01:00 p. m.,1,1,1,1,1,Calle 100 X Carrera 48,143
11588,A00000843,oct/10/2019 01:50 p. m.,12,d,Choque,oct/10/2019 01:50 p. m.,1,1,1,2,1,Calle 96 Sur X Carrera 51,143
11589,A00000857,oct/14/2019 06:15 a. m.,23,h,Volcamiento,oct/14/2019 06:15 a. m.,1,1,1,1,1,Calle 78A Sur X Carrera 52A,140
11590,A00000858,oct/15/2019 08:00 a. m.,15,d,Choque,oct/15/2019 08:00 a. m.,1,1,1,1,1,Carrera 62 X Calle 77B Sur,143
11591,A00000859,oct/15/2019 10:10 a. m.,3,h,Caida Ocupante,oct/15/2019 10:10 a. m.,1,1,1,1,1,Carrera 50 X Calle 79 Sur,140
11592,A00000861,oct/15/2019 03:30 p. m.,3,h,Otro,oct/15/2019 03:30 p. m.,1,1,1,1,1,Carrera 50 X Calle 91 Sur,140
11593,A00000860,oct/15/2019 04:15 p. m.,19,h,Choque,oct/15/2019 04:15 p. m.,1,1,1,1,1,Calle 77 Sur X Carrera 61,143
11594,A00000863,oct/16/2019 04:55 p. m.,22,h,Volcamiento,oct/16/2019 04:55 p. m.,1,1,1,1,1,Carrera 56 X Calle 80 Sur,140
11595,A00000865,oct/16/2019 10:23 p. m.,4,h,Caida Ocupante,oct/16/2019 10:23 p. m.,1,1,1,1,1,Carrera 48 X Calle 79C Sur,140
11596,A00000866,oct/17/2019 02:55 p. m.,3,h,Otro,oct/17/2019 02:55 p. m.,1,1,1,1,1,Carrera 50 X Calle 97 Sur,140
11597,A00000867,oct/19/2019 08:40 p. m.,16,h,Choque,oct/19/2019 08:40 p. m.,1,1,1,1,1,Carrera 56BB X Calle 83D Sur,143
11631,A00000887,oct/27/2019 04:38 p. m.,14,h,Choque,oct/27/2019 04:38 p. m.,1,1,1,2,1,Carrera 55 X Calle 83D,143
11632,A00000888,oct/27/2019 02:05 p. m.,3,d,Choque,oct/27/2019 02:05 p. m.,1,1,1,1,1,Carrera 50 X Calle 80 Sur,143
11633,A00000889,oct/27/2019 10:15 a. m.,24,h,Choque,oct/27/2019 10:15 a. m.,1,1,1,1,1,Calle 87 Sur X Carrera 65A,143
11634,A00000890,oct/29/2019 11:30 a. m.,2,h,Atropello,oct/29/2019 11:30 a. m.,1,1,1,1,1,Carrera 50 X Calle 100B Sur,409
11635,A00000891,oct/29/2019 10:30 a. m.,4,h,Choque,oct/29/2019 10:30 a. m.,1,1,1,1,1,Carrera 48 X Calle 98A Sur,143
11636,A00000893,oct/29/2019 09:15 a. m.,23,d,Choque,oct/29/2019 09:15 a. m.,1,1,1,1,1,Carrera 50 X Calle 79C Sur,143
11637,A00000894,oct/29/2019 10:15 a. m.,23,d,Choque,oct/29/2019 10:15 a. m.,1,1,1,1,1,Carrera 50 X Calle 79C Sur,143
11638,A00000896,oct/29/2019 06:15 a. m.,3,d,Choque,oct/29/2019 06:15 a. m.,1,1,1,1,1,Carrera 100 X Calle 48,143
11639,A00000897,oct/30/2019 05:30 a. m.,18,d,Choque,oct/30/2019 05:30 a. m.,1,1,1,1,1,Calle 77 Sur X Carrera 53,143
11660,A00000922,nov/05/2019 04:40 a. m.,5,h,Caida Ocupante,nov/05/2019 04:40 a. m.,1,1,1,1,1,Carrera 55 X Calle 91 Sur,140
11699,A00000936,nov/08/2019 12:30 p. m.,1,d,Choque,nov/08/2019 12:30 p. m.,1,1,1,1,1,Calle 81 Sur X Carrera 61,143
11708,A00000996,dic/01/2019 04:30 a. m.,12,d,Choque,dic/01/2019 04:30 a. m.,1,1,1,1,1,Calle 95B Sur X Carrera 52,143
11709,A00000997,dic/02/2019 09:10 p. m.,5,h,Volcamiento,dic/02/2019 09:10 p. m.,1,1,1,1,1,Carrera 60 X Calle 91 Sur,143
11710,A00000998,dic/02/2019 09:00 p. m.,4,h,Atropello,dic/02/2019 09:00 p. m.,1,1,1,1,1,Carrera 48 X Calle 100,143
11728,A00000964,nov/21/2019 07:15 a. m.,2,h,Caida Ocupante,nov/21/2019 07:15 a. m.,1,1,1,1,1,Calle 100 Sur X Carrera 48,143
11735,A00000965,nov/21/2019 07:00 a. m.,2,h,Volcamiento,nov/21/2019 07:00 a. m.,1,2,1,1,1,Calle 100 Sur X Carrera 48,143
11736,A000001047,dic/18/2019 03:20 p. m.,15,d,Choque,dic/18/2019 03:20 p. m.,1,1,1,1,1,Calle 75 X Carrera 65A,143
11737,A00000819,oct/04/2019 07:30 a. m.,8,h,Choque,oct/04/2019 07:30 a. m.,1,1,1,1,1,Carrera 55 X Calle 77 Sur,143
11743,A00000974,nov/24/2019 08:40 a. m.,14,h,Caida Ocupante,nov/24/2019 08:40 a. m.,1,1,1,1,1,Carrera 50 X Calle 88AA Sur,143
13018,A000000407,jun/30/2020 10:40 a. m.,1,d,Choque,jun/30/2020 10:40 a. m.,1,1,1,1,1,Carrera 50 X Calle 88A Sur,143
11324,A00000629,ago/03/2019 11:20 a. m.,8,h,Choque,ago/03/2019 11:20 a. m.,1,1,1,1,1,Carrera 55 X Calle 77 Sur,143
11325,A00000632,ago/05/2019 06:30 a. m.,26,h,Choque,ago/05/2019 06:30 a. m.,1,1,1,1,1,Carrera 55 X Calle 79C Sur,143
11351,A00000653,ago/12/2019 06:50 a. m.,1,h,Choque,ago/12/2019 06:50 a. m.,1,1,1,1,1,Calle 77 Sur X Carrera 60,143
11354,A00000654,ago/12/2019 09:30 p. m.,8,d,Choque,ago/12/2019 09:30 p. m.,1,1,1,1,1,Calle 79 Sur X Carrera 55,143
11360,A00000637,ago/06/2019 08:30 p. m.,15,h,Caida Ocupante,ago/06/2019 08:30 p. m.,1,1,1,1,1,Carrera 62A X Calle 74 Sur,140
11361,A00000638,ago/06/2019 05:15 a. m.,2,h,Caida Ocupante,ago/06/2019 05:15 a. m.,1,1,1,1,1,Carrera 50 X Calle 100 Sur,140
11362,A00000639,ago/06/2019 09:00 a. m.,19,d,Choque,ago/06/2019 09:00 a. m.,1,1,1,1,1,Calle 77 Sur X Carrera 57,143
11363,A00000640,ago/07/2019 06:30 a. m.,15,h,Atropello,ago/07/2019 06:30 a. m.,1,1,1,1,1,Carrera 62A X Calle 74 Sur,409
11364,A00000641,ago/07/2019 08:00 a. m.,4,d,Otro,ago/07/2019 08:00 a. m.,1,1,1,1,1,Carrera 48 X Calle 79C Sur,140
11365,A00000642,ago/05/2019 06:50 a. m.,4,h,Choque,ago/05/2019 06:50 a. m.,1,1,1,1,1,Carrera 50 X Calle 48,143
11366,A00000643,ago/06/2019 06:10 p. m.,4,d,Choque,ago/06/2019 06:10 p. m.,1,1,1,1,1,Carrera 50 X Calle 48,143
11367,A00000644,ago/08/2019 08:30 a. m.,4,d,Choque,ago/08/2019 08:30 a. m.,1,1,1,1,1,Carrera 50 X Calle 48,143
11368,A00000648,ago/08/2019 07:00 a. m.,22,h,Choque,ago/08/2019 07:00 a. m.,1,1,1,1,1,Carrera 55 X Calle 82 Sur,143
11369,A00000649,ago/08/2019 09:45 a. m.,3,h,Choque,ago/08/2019 09:45 a. m.,1,1,1,1,1,Carrera 50 X Calle 98 Sur,143
11370,A00000650,ago/10/2019 09:00 p. m.,26,h,Choque,ago/10/2019 09:00 p. m.,1,1,1,1,1,Carrera 52D X Calle 75AB Sur,143
11371,A00000651,ago/10/2019 10:00 p. m.,23,d,Choque,ago/10/2019 10:00 p. m.,1,1,1,1,1,Carrera 54 X Calle 80 Sur,143
11372,A00000652,ago/11/2019 11:30 a. m.,24,h,Choque,ago/11/2019 11:30 a. m.,1,1,1,1,1,Carrera 62 X Calle 83A Sur,140
11394,A00000084,feb/01/2019 04:20 p. m.,26,d,Choque,feb/01/2019 04:20 p. m.,1,1,1,1,1,Calle 79C Sur X Carrera 55A,143
11425,A00000700,ago/26/2019 02:10 p. m.,3,h,Choque,ago/26/2019 02:10 p. m.,1,1,1,1,1,Carrera 50 X Calle 79C Sur,143
11426,A00000701,ago/27/2019 01:40 p. m.,3,h,Choque,ago/27/2019 01:40 p. m.,1,1,1,1,1,Carrera 50 X Calle 91 Sur,143
11427,A00000702,ago/24/2019 05:40 a. m.,19,h,Caida Ocupante,ago/24/2019 05:40 a. m.,1,1,1,1,1,Carrera 57 X Calle 77 Sur,140
11428,A00000704,ago/28/2019 03:00 p. m.,3,d,Choque,ago/28/2019 03:00 p. m.,1,1,1,1,1,Carrera 49 X Calle 79 Sur,143
11429,A00000705,ago/28/2019 12:35 p. m.,4,d,Choque,ago/28/2019 12:35 p. m.,1,1,1,1,1,Carrera 50 X Calle 79C Sur,143
11552,A00000820,oct/05/2019 11:10 a. m.,18,d,Choque,oct/05/2019 11:10 a. m.,1,1,1,1,1,Carrera 52 X Calle 78,143
11553,A00000821,oct/05/2019 10:00 a. m.,2,h,Atropello,oct/05/2019 10:00 a. m.,1,1,1,1,1,Calle 100 Sur X Carrera 48,409
11554,A00000822,oct/05/2019 06:40 a. m.,19,h,Choque,oct/05/2019 06:40 a. m.,1,1,1,2,1,Carrera 54 X Calle 77 Sur,143
11555,A00000823,oct/05/2019 12:30 p. m.,9,h,Choque,oct/05/2019 12:30 p. m.,1,1,1,1,1,Calle 74 Sur X Carrera 57,143
11556,A00000824,oct/05/2019 04:05 p. m.,3,h,Choque,oct/05/2019 04:05 p. m.,1,1,1,1,1,Carrera 50 X Calle 91 Sur,143
11557,A00000825,oct/01/2019 08:30 p. m.,4,d,Choque,oct/01/2019 08:30 p. m.,1,1,1,1,1,Carrera 50 X Calle 48,143
11558,A00000826,oct/01/2019 08:00 p. m.,4,h,Choque,oct/01/2019 08:00 p. m.,1,1,1,1,1,Carrera 50 X Calle 48,143
11573,A00000798,sept/26/2019 08:50 p. m.,7,h,Atropello,sept/26/2019 08:50 p. m.,1,1,1,1,1,Calle 83A Sur X Carrera 63,143
11574,A00000842,oct/07/2019 06:24 p. m.,4,d,Choque,oct/07/2019 06:24 p. m.,1,1,1,1,1,Carrera 50 X Calle 48,143
11587,A00001048,dic/28/2018 09:30 a. m.,17,d,Choque,dic/28/2018 09:30 a. m.,1,1,1,1,1,Calle 80 X Carrera 58,143
11621,A00000876,oct/23/2019 07:10 a. m.,14,h,Choque,oct/23/2019 07:10 a. m.,1,1,1,1,1,Carrera 50 X Calle 83 Sur,143
11622,A00000877,oct/23/2019 03:00 p. m.,18,d,Choque,oct/23/2019 03:00 p. m.,1,1,1,1,1,Carrera 54 X Calle 75AB Sur,143
11623,A00000878,oct/23/2019 11:50 a. m.,8,h,Caida Ocupante,oct/23/2019 11:50 a. m.,1,1,1,1,1,Carrera 54 X Calle 77 Sur,140
11624,A00000880,oct/25/2019 06:50 p. m.,23,h,Choque,oct/25/2019 06:50 p. m.,1,1,1,1,1,Calle 77 Sur X Carrera 52,143
11625,A00000881,oct/25/2019 02:06 p. m.,24,h,Choque,oct/25/2019 02:06 p. m.,1,1,1,1,1,Carrera 62 X Calle 80A Sur,143
11626,A00000882,oct/25/2019 09:50 p. m.,14,h,Choque,oct/25/2019 09:50 p. m.,1,1,1,2,1,Carrera 55 X Calle 83C Sur,143
11627,A00000883,oct/25/2019 07:00 p. m.,2,h,Volcamiento,oct/25/2019 07:00 p. m.,1,1,1,1,1,Carrera 50 X Calle 98 Sur,140
11628,A00000884,oct/25/2019 05:00 a. m.,2,h,Volcamiento,oct/25/2019 05:00 a. m.,1,1,1,1,1,Carrera 48 X Calle 100 Sur,140
11629,A00000885,oct/26/2019 06:00 p. m.,18,h,Choque,oct/26/2019 06:00 p. m.,1,1,1,1,1,Calle 77 Sur X Carrera 52D,143
11719,A000001009,dic/05/2019 07:00 a. m.,17,d,Choque,dic/05/2019 07:00 a. m.,1,1,1,1,1,Carrera 59 X Calle 79 Sur,143
11729,A00000829,oct/07/2019 08:15 a. m.,22,d,Choque,oct/07/2019 08:15 a. m.,1,1,1,1,1,Carrera 57 X Calle 82 Sur,143
11758,A0000000029,ene/15/2020 10:40 a. m.,14,h,Choque,ene/15/2020 10:40 a. m.,1,1,1,1,1,Carrera 50 X Calle 83C Sur,143
11800,A00000934,nov/08/2019 05:00 p. m.,18,h,Choque,nov/08/2019 05:00 p. m.,1,1,1,1,1,Calle 75AB X Carrera 52D,143
11801,A0000000191,mar/03/2020 07:15 p. m.,23,d,Choque,mar/03/2020 07:15 p. m.,1,1,1,2,1,Carrera 55 X Calle 79 Sur,121
11802,A0000000192,mar/04/2020 09:40 a. m.,19,h,Atropello,mar/04/2020 09:40 a. m.,1,1,1,1,1,Carrera 57B X Calle 77 Sur,139
11803,A0000000193,mar/04/2020 01:40 p. m.,2,d,Choque,mar/04/2020 01:40 p. m.,1,2,1,1,1,Carrera 50 X Calle 98 Sur,143
11804,A0000000194,mar/04/2020 03:30 p. m.,19,h,Choque,mar/04/2020 03:30 p. m.,1,2,1,1,1,Calle 77 Sur X Carrera 53,305
11805,A0000000195,mar/05/2020 04:45 a. m.,23,d,Choque,mar/05/2020 04:45 a. m.,1,1,1,1,1,Carrera 50 X Calle 78 Sur,157
11823,A00000950,nov/15/2019 07:10 a. m.,19,h,Choque,nov/15/2019 07:10 a. m.,1,3,1,1,1,Calle 77 Sur X Carrera 59,101