NRO_RADICADO,NUMERO_EXPEDIENTE,FECHA_ACCIDENTE,ID_ZONA,GRAVEDAD,DESC_CLASE_ACCIDENTE,HORA_ACCIDENTE,AREA,SECTOR,ZONA,DISENO,ESTADO_TIEMPO,VIA_ACCID,POSIBLE_CAUSA
11760,A000001026,dic/11/2019 04:00 p. m.,4,d,Choque,dic/11/2019 04:00 p. m.,1,1,1,1,1,Carrera 50 X Calle 79C,143
11761,A000001036,dic/12/2019 04:30 p. m.,14,d,Choque,dic/12/2019 04:30 p. m.,1,1,1,1,1,Calle 83B Sur X Carrera 55,143
11762,A000001065,dic/24/2019 05:50 a. m.,8,d,Choque,dic/24/2019 05:50 a. m.,1,1,1,1,1,Calle 77 X Carrera 54,143
11764,A000001042,dic/17/2019 11:30 a. m.,19,d,Choque,dic/17/2019 11:30 a. m.,1,1,1,1,1,Carrera 54 X Calle 75B Sur,143
11888,A0000000052,ene/24/2020 08:50 p. m.,2,h,Choque,ene/24/2020 08:50 p. m.,1,2,1,1,1,Carrera 50 X Calle 98A Sur,157
11890,A0000000055,ene/23/2020 06:50 p. m.,2,d,Choque,ene/23/2020 06:50 p. m.,1,3,1,1,1,Carrera 50 X Calle 100 Sur,145
11892,A0000000053,ene/23/2020 04:30 p. m.,3,h,Choque,ene/23/2020 04:30 p. m.,1,1,1,1,1,Carrera 50 X Calle 92 Sur,116
11893,A0000000057,ene/23/2020 07:10 a. m.,17,h,Choque,ene/23/2020 07:10 a. m.,1,1,1,2,1,Calle 80 Sur X Carrera 55,112
11894,A0000000060,ene/25/2020 07:20 a. m.,17,d,Choque,ene/25/2020 07:20 a. m.,1,1,1,1,1,Carrera 55 X Calle 80 Sur,104
11895,A0000000062,ene/25/2020 06:10 a. m.,12,h,Choque,ene/25/2020 06:10 a. m.,1,1,1,1,1,Carrera 50 X Calle 92 Sur,104
11896,A0000000063,ene/25/2020 10:05 a. m.,9,d,Choque,ene/25/2020 10:05 a. m.,1,1,1,1,1,Calle 74 Sur X Carrera 57,121
11897,A0000000068,ene/28/2020 06:15 a. m.,10,h,Choque,ene/28/2020 06:15 a. m.,1,1,1,2,1,Calle 80 Sur X Carrera 59,122
11898,A0000000072,ene/28/2020 05:45 p. m.,18,d,Choque,ene/28/2020 05:45 p. m.,1,1,1,1,1,Carrera 50A X Calle 77 Sur,145
11916,A0000000121,feb/11/2020 05:30 p. m.,3,h,Volcamiento,feb/11/2020 05:30 p. m.,1,2,1,1,1,Carrera 50 X Calle 97B Sur,139
11942,A0000000049,ene/21/2020 05:40 p. m.,26,h,Caida Ocupante,ene/21/2020 05:40 p. m.,1,1,1,1,2,Carrera 54 X Calle 79 Sur,143
11943,A0000000056,ene/23/2020 05:15 p. m.,15,h,Atropello,ene/23/2020 05:15 p. m.,1,1,1,1,1,Carrera 63AA X Calle 73 Sur,112
11944,A0000000058,ene/24/2020 06:30 a. m.,19,h,Atropello,ene/24/2020 06:30 a. m.,1,1,1,1,1,Carrera 55 X Calle 77 Sur,112
11945,A0000000061,ene/25/2020 03:40 p. m.,2,h,Caida Ocupante,ene/25/2020 03:40 p. m.,1,1,1,1,1,Carrera 50 X Calle 99 Sur,302
11946,A000001086,dic/31/2019 05:40 p. m.,23,h,Choque,dic/31/2019 05:40 p. m.,1,1,1,2,1,Carrera 55 X Calle 79 Sur,139
11947,A0000000142,feb/16/2020 06:20 p. m.,4,h,Choque,feb/16/2020 06:20 p. m.,1,1,1,1,1,Carrera 48 X Calle 100 Sur,121
11997,A000000377,jun/12/2020 08:40 p. m.,14,h,Caida Ocupante,jun/12/2020 08:40 p. m.,1,1,1,1,1,Carrera 50 X Calle 88A Sur,157
12000,A000000376,jun/12/2020 08:10 p. m.,2,d,Choque,jun/12/2020 08:10 p. m.,1,1,1,1,1,Carrera 48B X Calle 99 Sur,112
12001,A000000375,jun/11/2020 05:00 p. m.,23,d,Choque,jun/11/2020 05:00 p. m.,1,2,1,1,1,Calle 79C Sur X Carrera 54,202
12002,A000000374,jun/11/2020 09:10 p. m.,3,d,Choque,jun/11/2020 09:10 p. m.,1,2,1,1,1,Carrera 50 X Calle 80 Sur,121
12003,A000001019,dic/09/2019 01:30 p. m.,19,d,Choque,dic/09/2019 01:30 p. m.,1,1,1,1,1,Carrera 59 X Calle 77 Sur,143
12004,A0000000135,feb/13/2020 12:30 p. m.,23,d,Choque,feb/13/2020 12:30 p. m.,1,2,1,2,1,Carrera 53 X Calle 78A Sur,157
12005,A000001061,dic/22/2019 06:40 p. m.,4,h,Choque,dic/22/2019 06:40 p. m.,1,2,1,1,1,Carrera 48 X Calle 79C Sur,132
12058,A0000000284,may/05/2020 06:10 a. m.,1,d,Choque,may/05/2020 06:10 a. m.,1,1,1,1,1,Carrera 50 X Calle 94 Sur,121
12059,A0000000282,abr/30/2020 07:10 p. m.,1,d,Otro,abr/30/2020 07:10 p. m.,1,1,1,1,1,Carrera 50 X Calle 80 Sur,308
12067,A0000000231,mar/16/2020 11:45 a. m.,3,d,Choque,mar/16/2020 11:45 a. m.,1,2,1,1,1,Carrera 50 X Calle 79C Sur,139
12068,A000001056,dic/20/2019 02:30 p. m.,3,h,Choque,dic/20/2019 02:30 p. m.,1,2,1,1,1,Carrera 50 X Calle 97 Sur,143
12114,A000000515,ago/15/2020 08:10 p. m.,19,d,Choque,ago/15/2020 08:10 p. m.,1,1,1,2,1,Calle 77 Sur X Carrera 55,142
12246,A001187703,jul/27/2020 01:40 p. m.,2,h,Caida Ocupante,jul/27/2020 01:40 p. m.,1,1,1,1,1,Carrera 50 X Calle 100,305
12247,A001187704,jul/27/2020 08:20 a. m.,23,d,Choque,jul/27/2020 08:20 a. m.,1,2,5,10,1,Carrera 54 X Calle 79AA Sur,121
12248,A001187705,jul/27/2020 03:00 p. m.,2,d,Choque,jul/27/2020 03:00 p. m.,1,1,1,1,1,Carrera 50 X Calle 100,121
12249,A001187706,jul/28/2020 04:20 p. m.,27,h,Choque,jul/28/2020 04:20 p. m.,1,1,1,1,1,Calle 77 Sur X Carrera 54,121
12250,A001187707,jul/28/2020 05:10 p. m.,2,d,Choque,jul/28/2020 05:10 p. m.,1,1,1,1,1,Carrera 50 X Calle 98 Sur,112
12251,A001187708,jul/28/2020 05:05 p. m.,3,h,Choque,jul/28/2020 05:05 p. m.,1,1,1,1,1,Carrera 50 X Calle 98A Sur,104
12252,A001187709,jul/28/2020 11:10 a. m.,11,h,Caida Ocupante,jul/28/2020 11:10 a. m.,1,1,1,1,1,Calle 87 Sur X Carrera 65B,157
12253,A001187710,jul/29/2020 06:50 a. m.,2,d,Choque,jul/29/2020 06:50 a. m.,1,1,1,1,1,Carrera 50 X Calle 100C Sur,121
12254,A001187711,jul/29/2020 05:30 p. m.,4,h,Choque,jul/29/2020 05:30 p. m.,1,1,1,1,1,Carrera 50 X Calle 100B Sur,112
12310,A0000000036,ene/17/2020 05:30 p. m.,3,d,Choque,ene/17/2020 05:30 p. m.,1,1,1,1,1,Carrera 50 X Calle 79C Sur,157
12494,A000000762,oct/30/2020 05:00 p. m.,8,h,Choque,oct/30/2020 05:00 p. m.,1,3,1,2,1,Carrera 55 X Calle 77 Sur,143
12769,A000000800,nov/14/2020 12:40 p. m.,4,d,Choque,nov/14/2020 12:40 p. m.,1,2,1,1,1,Carrera 48 X Calle 100 Sur,121
12770,A000000801,nov/15/2020 03:10 a. m.,4,d,Choque,nov/15/2020 03:10 a. m.,1,2,1,1,1,Carrera 48 X Calle 100 Sur,157
12771,A000000805,nov/18/2020 09:50 a. m.,8,d,Choque,nov/18/2020 09:50 a. m.,1,2,1,1,1,Carrera 55 X Calle 77 Sur,145
12772,A000000806,nov/19/2020 07:30 a. m.,2,h,Choque,nov/19/2020 07:30 a. m.,1,3,1,1,1,Carrera 50 X Calle 91 Sur,145
12773,A000000807,nov/19/2020 05:45 p. m.,8,h,Caida Ocupante,nov/19/2020 05:45 p. m.,1,2,1,1,1,Carrera 54 X Calle 75AB,139
12775,A000000808,nov/21/2020 05:30 a. m.,14,h,Caida Ocupante,nov/21/2020 05:30 a. m.,1,1,1,1,1,Carrera 52 X Calle 83C Sur,139
12776,A000000112,feb/16/2021 04:15 a. m.,14,d,Choque,feb/16/2021 04:15 a. m.,1,2,1,1,1,Carrera 50 X Calle 80 Sur,104
12777,A000000113,feb/11/2021 02:30 p. m.,4,d,Choque,feb/11/2021 02:30 p. m.,1,1,1,1,1,Carrera 48 X Calle 105 Sur,121
12778,A000000114,feb/13/2021 05:20 a. m.,2,d,Choque,feb/13/2021 05:20 a. m.,1,2,1,2,1,Carrera 48 X Calle 100 Sur,157
11825,A00000963,nov/21/2019 05:10 a. m.,5,h,Choque,nov/21/2019 05:10 a. m.,1,1,1,1,1,Carrera 55 X Calle 91 Sur,143
11826,A00000958,nov/18/2019 02:15 p. m.,21,h,Atropello,nov/18/2019 02:15 p. m.,1,1,1,1,1,Calle 87 Sur X Carrera 65,407
11827,A00000951,nov/16/2019 09:40 a. m.,3,d,Choque,nov/16/2019 09:40 a. m.,1,2,1,1,1,Carrera 50 X Calle 79C Sur,121
11837,A00000949,nov/15/2019 10:20 a. m.,19,d,Choque,nov/15/2019 10:20 a. m.,1,1,1,2,1,Carrera 59 X Calle 77 Sur,121
11838,A000001076,dic/29/2019 09:00 p. m.,19,h,Choque,dic/29/2019 09:00 p. m.,1,3,1,2,1,Carrera 55 X Calle 77 Sur,116
11839,A0000000178,feb/27/2020 12:15 p. m.,3,h,Choque,feb/27/2020 12:15 p. m.,1,2,1,2,1,Carrera 50 X Calle 80 Sur,112
11840,A0000000175,feb/25/2020 08:40 a. m.,1,d,Choque,feb/25/2020 08:40 a. m.,1,1,1,2,1,Carrera 59 X Calle 83A Sur,116
11841,A0000000176,feb/26/2020 07:45 a. m.,25,d,Choque,feb/26/2020 07:45 a. m.,1,1,1,2,1,Carrera 59 X Calle 81 Sur,143
11842,A000001062,dic/23/2019 02:45 p. m.,14,h,Caida Ocupante,dic/23/2019 02:45 p. m.,1,1,1,1,1,Calle 87 Sur X Carrera 55,143
11843,A000001066,dic/24/2019 03:45 p. m.,15,h,Atropello,dic/24/2019 03:45 p. m.,1,1,1,1,1,Carrera 62A X Calle 74 Sur,143
11844,A000001074,dic/28/2019 12:20 p. m.,3,h,Caida Ocupante,dic/28/2019 12:20 p. m.,1,1,1,1,1,Carrera 50 X Calle 78 Sur,143
11845,A000001078,dic/30/2019 06:30 p. m.,26,h,Atropello,dic/30/2019 06:30 p. m.,1,1,1,1,1,Carrera 66 Sur X Calle 74,143
11846,A000001080,dic/30/2019 08:55 a. m.,19,h,Atropello,dic/30/2019 08:55 a. m.,1,1,1,1,1,Calle 77 X Carrera 55,143
11847,A000001084,dic/31/2019 11:10 a. m.,3,h,Caida Ocupante,dic/31/2019 11:10 a. m.,1,1,1,1,1,Carrera 50 X Calle 83C Sur,143
11848,A000001085,dic/31/2019 04:40 p. m.,3,h,Choque,dic/31/2019 04:40 p. m.,1,1,1,1,1,Carrera 50 X Calle 96 Sur,132
11850,A000001087,dic/19/2019 06:50 a. m.,8,h,Caida Ocupante,dic/19/2019 06:50 a. m.,1,3,1,1,1,Carrera 55 X Calle 77 Sur,143
11860,A0000000170,feb/23/2020 05:30 p. m.,4,d,Choque,feb/23/2020 05:30 p. m.,1,2,1,1,1,Carrera 50 X Calle 79C Sur,143
11861,A0000000165,feb/21/2020 10:00 p. m.,23,h,Choque,feb/21/2020 10:00 p. m.,1,2,1,1,1,Carrera 53 X Calle 78A Sur,157
11862,A0000000200,mar/07/2020 08:00 a. m.,14,h,Volcamiento,mar/07/2020 08:00 a. m.,1,1,1,2,1,Carrera 55 X Calle 87 Sur,202
11863,A0000000169,feb/22/2020 11:15 p. m.,19,d,Choque,feb/22/2020 11:15 p. m.,1,1,1,1,1,Calle 77 Sur X Carrera 55,143
11864,A0000000201,mar/07/2020 11:50 a. m.,2,d,Choque,mar/07/2020 11:50 a. m.,1,2,1,1,1,Calle 100 Sur X Carrera 48,125
11865,A0000000203,mar/07/2020 04:00 p. m.,23,h,Caida Ocupante,mar/07/2020 04:00 p. m.,1,1,1,1,1,Calle 77 Sur X Carrera 53,112
11883,A0000000044,ene/18/2020 08:20 p. m.,19,h,Choque,ene/18/2020 08:20 p. m.,1,1,1,2,1,Calle 77 Sur X Carrera 57,102
11884,A0000000045,ene/19/2020 08:00 a. m.,2,h,Caida Ocupante,ene/19/2020 08:00 a. m.,1,2,1,1,1,Carrera 50 X Calle 97B Sur,112
11885,A0000000047,ene/21/2020 06:05 p. m.,3,h,Choque,ene/21/2020 06:05 p. m.,1,1,1,1,1,Carrera 50 X Calle 92 Sur,105
11886,A0000000050,ene/21/2020 12:30 p. m.,3,h,Choque,ene/21/2020 12:30 p. m.,1,1,1,1,1,Carrera 50 X Calle 91 Sur,121
11887,A0000000051,ene/22/2020 02:05 p. m.,2,h,Choque,ene/22/2020 02:05 p. m.,1,2,1,1,1,Calle 100 Sur X Carrera 48,121
11974,A000000387,jun/20/2020 04:00 p. m.,18,d,Choque,jun/20/2020 04:00 p. m.,1,3,1,1,1,Calle 77 Sur X Carrera 50A,143
11975,A0000000150,feb/18/2020 06:50 a. m.,18,h,Atropello,feb/18/2020 06:50 a. m.,1,2,1,1,1,Carrera 50 X Calle 77 Sur,157
11990,A001187635,jun/29/2020 10:00 p. m.,12,h,Choque,jun/29/2020 10:00 p. m.,1,1,1,1,1,Carrera 50 X Calle 96 Sur,112
11991,A001187633,jun/28/2020 04:30 a. m.,17,h,Caida Ocupante,jun/28/2020 04:30 a. m.,1,1,1,1,1,Calle 80 Sur X Carrera 51,304
11992,A001187634,jun/28/2020 12:40 a. m.,2,d,Choque,jun/28/2020 12:40 a. m.,1,1,1,1,1,Carrera 50 X Calle 100 Sur,157
11993,A001187641,jul/01/2020 10:30 p. m.,19,h,Caida Ocupante,jul/01/2020 10:30 p. m.,1,1,1,1,2,Carrera 57 X Calle 75AA Sur,157
12013,A001187642,jul/02/2020 06:50 a. m.,21,d,Choque,jul/02/2020 06:50 a. m.,1,1,1,1,1,Calle 87 Sur X Carrera 65A,112
12016,A0000000160,feb/20/2020 06:40 p. m.,1,h,Choque,feb/20/2020 06:40 p. m.,1,3,1,2,1,Carrera 55 X Calle 79 Sur,122
12028,A0000000086,ene/31/2020 07:50 p. m.,26,h,Caida Ocupante,ene/31/2020 07:50 p. m.,1,1,1,1,1,Calle 81 Sur X Carrera 66,143
12029,A0000000087,ene/31/2020 02:30 p. m.,2,h,Caida Ocupante,ene/31/2020 02:30 p. m.,1,1,1,1,1,Calle 100 X Carrera 48,143
12030,A0000000088,feb/01/2020 07:00 p. m.,14,h,Volcamiento,feb/01/2020 07:00 p. m.,1,1,1,1,1,Calle 84 Sur X Carrera 55,139
12031,A0000000089,feb/01/2020 01:30 p. m.,1,h,Caida Ocupante,feb/01/2020 01:30 p. m.,1,1,1,1,1,Calle 79 Sur X Carrera 60,143
12032,A0000000090,feb/01/2020 08:10 p. m.,2,h,Volcamiento,feb/01/2020 08:10 p. m.,1,1,1,1,1,Calle 100 Sur X Carrera 49,143
12033,A0000000093,feb/02/2020 03:30 p. m.,17,h,Caida Ocupante,feb/02/2020 03:30 p. m.,1,1,1,1,1,Calle 80 Sur X Carrera 56,139
12034,A0000000095,feb/03/2020 09:00 a. m.,3,h,Caida Ocupante,feb/03/2020 09:00 a. m.,1,1,1,1,1,Carrera 50 X Calle 77 Sur,143
12079,A001187730,ago/11/2020 02:20 p. m.,14,h,Choque,ago/11/2020 02:20 p. m.,1,1,1,1,1,Carrera 50 X Calle 83C Sur,121
12080,A001187731,ago/11/2020 05:30 p. m.,23,d,Choque,ago/11/2020 05:30 p. m.,1,1,1,1,1,Calle 79 Sur X Carrera 54,157
12082,A001187720,ago/03/2020 06:45 p. m.,17,h,Choque,ago/03/2020 06:45 p. m.,1,1,1,1,1,Calle 80 Sur X Carrera 54,112
12095,A001187717,ago/01/2020 02:15 p. m.,3,d,Choque,ago/01/2020 02:15 p. m.,1,1,1,1,1,Carrera 50 X Calle 90 Sur,121
12143,A000000357,jun/04/2020 07:30 a. m.,14,h,Choque,jun/04/2020 07:30 a. m.,1,1,1,1,1,Carrera 50 X Calle 80 Sur,121
12182,A0000000113,feb/08/2020 01:30 a. m.,2,h,Atropello,feb/08/2020 01:30 a. m.,1,3,1,1,1,Carrera 50 X Calle 100B Sur,145
12183,A001187624,jun/23/2020 03:30 p. m.,23,h,Otro,jun/23/2020 03:30 p. m.,1,1,1,1,1,Carrera 54 X Calle 79AA Sur,157
12184,A001187625,jun/23/2020 12:10 p. m.,14,h,Atropello,jun/23/2020 12:10 p. m.,1,1,1,1,1,Carrera 50 X Calle 83C Sur,217
12185,A001187626,jun/23/2020 09:25 a. m.,20,h,Caida Ocupante,jun/23/2020 09:25 a. m.,1,1,1,1,1,Calle 81 Sur X Carrera 65,157
12186,A001187627,jun/23/2020 06:40 a. m.,2,h,Choque,jun/23/2020 06:40 a. m.,1,1,1,1,1,Carrera 50 X Calle 100 Sur,121
9587,A000829102,jun/06/2018 06:30 a. m.,13,d,Choque,jun/06/2018 06:30 a. m.,1,1,1,1,1,Carrera 50 X Calle 97B Sur,143
9588,A000829100,jun/05/2018 08:00 a. m.,2,h,Choque,jun/05/2018 08:00 a. m.,1,1,1,1,1,Calle 96B Sur X Carrera 58,143
9589,A000829103,jun/05/2018 03:50 p. m.,18,h,Choque,jun/05/2018 03:50 p. m.,1,1,1,1,1,Calle 77 Sur X Carrera 52D,143
9590,A000829104,jun/07/2018 05:45 p. m.,14,h,Choque,jun/07/2018 05:45 p. m.,1,1,1,1,1,Carrera 55 X Calle 83 Sur,143
9611,A000829114,jun/11/2018 06:10 a. m.,24,d,Choque,jun/11/2018 06:10 a. m.,1,1,1,1,1,Calle 87 Sur X Carrera 65A,143
9622,A00000239,mar/19/2018 11:40 a. m.,16,h,Choque,mar/19/2018 11:40 a. m.,1,1,1,1,1,Carrera 56B X Calle 82A Sur,143
9626,A00000113,feb/09/2018 08:00 a. m.,3,h,Volcamiento,feb/09/2018 08:00 a. m.,1,2,4,1,1,Carrera 48 X Calle 100 Sur,143
9629,A00000379,may/12/2018 06:30 p. m.,19,h,Choque,may/12/2018 06:30 p. m.,1,1,1,1,1,Carrera 54 X Calle 75AA Sur,143
9633,A00000015,ene/09/2018 03:30 p. m.,15,h,Choque,ene/09/2018 03:30 p. m.,1,1,1,1,1,Carrera 62 X Calle 75AA Sur,143
9679,A000829153,jun/27/2018 03:00 p. m.,18,h,Choque,jun/27/2018 03:00 p. m.,1,1,1,1,1,Calle 77 Sur X Carrera 50A,143
9680,A000829155,jun/27/2018 12:10 p. m.,5,d,Choque,jun/27/2018 12:10 p. m.,1,1,1,1,1,Calle 88A Sur X Carrera 56,143
9681,A000829156,jun/28/2018 04:40 a. m.,3,h,Atropello,jun/28/2018 04:40 a. m.,1,1,1,1,1,Carrera 50 X Calle 95 Sur,408
9682,A000829157,jun/29/2018 03:45 p. m.,2,d,Choque,jun/29/2018 03:45 p. m.,1,1,1,1,1,Carrera 48 X Calle 98A Sur,143
9683,A000829158,jun/28/2018 08:30 a. m.,3,h,Choque,jun/28/2018 08:30 a. m.,1,1,1,1,1,Carrera 50 X Calle 79C Sur,143
9684,A000829159,jun/28/2018 06:10 a. m.,3,d,Choque,jun/28/2018 06:10 a. m.,1,1,1,1,1,Carrera 50 X Calle 96 Sur,143
9686,A000829160,jun/28/2018 05:30 p. m.,3,h,Choque,jun/28/2018 05:30 p. m.,1,1,1,1,1,Carrera 50 X Calle 96 Sur,143
9729,A00000196,mar/08/2018 05:00 p. m.,2,d,Choque,mar/08/2018 05:00 p. m.,1,1,1,1,1,Carrera 50 X Calle 100C Sur,143
9731,A00000103,feb/05/2018 06:00 p. m.,3,d,Choque,feb/05/2018 06:00 p. m.,1,1,1,1,1,Carrera 50 X Calle 88 Sur,143
9732,A00000159,feb/24/2018 03:10 p. m.,4,d,Choque,feb/24/2018 03:10 p. m.,1,1,1,1,1,Carrera 50 X Calle 48 Sur,143
9733,A00001100,dic/04/2017 04:30 p. m.,4,h,Choque,dic/04/2017 04:30 p. m.,1,1,1,1,1,Carrera 50 X Calle 48 Sur,143
9734,A00000803,ago/29/2017 11:30 a. m.,3,h,Caida Ocupante,ago/29/2017 11:30 a. m.,1,1,1,1,1,Carrera 50 X Calle 48 Sur,140
9735,A00000804,ago/29/2017 01:00 p. m.,3,h,Otro,ago/29/2017 01:00 p. m.,1,1,1,1,1,Carrera 50 X Calle 85 Sur,140
9736,A00000813,ago/31/2017 05:20 a. m.,14,h,Caida Ocupante,ago/31/2017 05:20 a. m.,1,1,1,1,1,Carrera 50 X Calle 88A Sur,140
9737,A00000814,jul/21/2017 07:50 a. m.,19,h,Caida Ocupante,jul/21/2017 07:50 a. m.,1,1,1,1,1,Calle 77 Sur X Carrera 55,140
9738,A00000815,ago/23/2017 06:50 p. m.,2,h,Caida Ocupante,ago/23/2017 06:50 p. m.,1,1,1,1,1,Carrera 48 X Calle 100 Sur,140
9739,A00000816,ago/28/2017 02:40 p. m.,3,h,Caida Ocupante,ago/28/2017 02:40 p. m.,1,1,1,1,1,Carrera 50 X Calle 88 Sur,140
9740,A00000817,ago/30/2017 01:50 p. m.,1,h,Caida Ocupante,ago/30/2017 01:50 p. m.,1,1,1,1,1,Calle 79 Sur X Carrera 60,140
9742,A00000119,feb/12/2018 08:30 a. m.,1,h,Caida Ocupante,feb/12/2018 08:30 a. m.,1,1,1,1,1,Calle 81 Sur X Carrera 60,140
9743,A00000120,feb/12/2018 07:00 a. m.,23,d,Otro,feb/12/2018 07:00 a. m.,1,1,1,1,1,Carrera 50 X Calle 80 Sur,140
9744,A00000252,mar/21/2018 04:20 p. m.,4,h,Choque,mar/21/2018 04:20 p. m.,1,1,1,1,1,Carrera 50 X Calle 48 Sur,140
9746,A000829186,jul/10/2018 05:00 p. m.,21,d,Choque,jul/10/2018 05:00 p. m.,1,1,1,1,1,Calle 81 Sur X Carrera 64,143
9747,A000829173,jul/06/2018 01:00 p. m.,15,d,Choque,jul/06/2018 01:00 p. m.,1,1,1,1,1,Calle 74 Sur X Carrera 57,143
9748,A000829187,jul/10/2018 06:50 p. m.,2,h,Choque,jul/10/2018 06:50 p. m.,1,1,1,1,1,Carrera 50 X Calle 100D Sur,143
9749,A000829188,jul/10/2018 09:10 p. m.,5,h,Choque,jul/10/2018 09:10 p. m.,1,1,1,1,1,Carrera 55 X Calle 95A Sur,143
9750,A000829189,jul/11/2018 09:30 a. m.,2,h,Caida Ocupante,jul/11/2018 09:30 a. m.,1,1,1,1,1,Calle 101 Sur X Carrera 51,140
9751,A000829190,jul/11/2018 10:30 a. m.,1,h,Atropello,jul/11/2018 10:30 a. m.,1,1,1,1,1,Carrera 61 X Calle 79 Sur,409
10572,A00000879,oct/27/2018 12:20 p. m.,17,h,Choque,oct/27/2018 12:20 p. m.,1,1,1,1,1,Carrera 54 X Calle 80 Sur,143
10611,A00000815,oct/08/2018 07:00 a. m.,3,h,Choque,oct/08/2018 07:00 a. m.,1,1,1,1,1,Carrera 50 X Calle 80 Sur,143
10612,A00000914,nov/11/2018 06:55 p. m.,2,h,Choque,nov/11/2018 06:55 p. m.,1,1,1,1,1,Carrera 48 X Calle 98 Sur,143
10613,A00000032,ene/15/2019 08:10 a. m.,8,d,Choque,ene/15/2019 08:10 a. m.,1,1,1,1,1,Carrera 55 X Calle 77 Sur,143
10614,A00000852,oct/20/2018 05:50 p. m.,23,h,Choque,oct/20/2018 05:50 p. m.,1,1,1,1,1,Carrera 55 X Calle 77 Sur,143
10615,A00000063,ene/24/2019 08:19 p. m.,9,d,Volcamiento,ene/24/2019 08:19 p. m.,1,1,1,1,1,Calle 74 Sur X Carrera 57,143
10616,A00000050,ene/23/2019 11:00 a. m.,27,h,Atropello,ene/23/2019 11:00 a. m.,1,1,1,1,1,Calle 77 Sur X Carrera 55,143
10729,A00000244,mar/23/2019 10:30 a. m.,16,d,Choque,mar/23/2019 10:30 a. m.,1,1,1,1,1,Calle 83B Sur X Carrera 55,143
10730,A00000245,mar/23/2019 10:00 a. m.,18,h,Choque,mar/23/2019 10:00 a. m.,1,1,1,1,1,Calle 77 Sur X Carrera 50A,143
10731,A00000246,mar/23/2019 06:15 a. m.,9,h,Caida Ocupante,mar/23/2019 06:15 a. m.,1,1,1,1,1,Calle 74 Sur X Carrera 54,143
10743,A00000257,mar/27/2019 11:30 a. m.,3,d,Choque,mar/27/2019 11:30 a. m.,1,1,1,1,1,Carrera 49B X Calle 99 Sur,143
10744,A00000258,mar/28/2019 11:45 a. m.,3,h,Choque,mar/28/2019 11:45 a. m.,1,1,1,1,1,Carrera 50 X Calle 80 Sur,143
10745,A00000259,mar/28/2019 01:10 p. m.,5,h,Otro,mar/28/2019 01:10 p. m.,1,1,1,1,1,Calle 90 Sur X Carrera 55,143
10794,A00000956,nov/27/2018 02:35 p. m.,3,d,Choque,nov/27/2018 02:35 p. m.,1,1,1,1,1,Carrera 50 X Calle 79C Sur,143
10795,A00000275,abr/01/2019 05:50 p. m.,20,d,Choque,abr/01/2019 05:50 p. m.,1,1,1,1,1,Carrera 64 X Calle 80C Sur,143
10796,A00000276,abr/01/2019 03:50 p. m.,23,h,Caida Ocupante,abr/01/2019 03:50 p. m.,1,1,1,1,1,Calle 78A Sur X Carrera 52A,143
10797,A00000277,abr/01/2019 12:00 p. m.,6,d,Choque,abr/01/2019 12:00 p. m.,1,1,1,1,1,Carrera 55 X Calle 79B Sur,143
10798,A00000900,nov/02/2018 03:50 p. m.,3,h,Choque,nov/02/2018 03:50 p. m.,1,1,1,1,1,Carrera 50 X Calle 106 Sur,143
10829,A00000289,abr/06/2019 09:00 a. m.,3,d,Choque,abr/06/2019 09:00 a. m.,1,1,1,1,1,Calle 79 Sur X Carrera 50,143
10935,A00000357,abr/29/2019 08:00 a. m.,18,h,Choque,abr/29/2019 08:00 a. m.,1,1,1,1,1,Calle 77 Sur X Carrera 50A,143
10936,A00000358,abr/29/2019 07:30 a. m.,4,d,Choque,abr/29/2019 07:30 a. m.,1,1,1,10,1,Carrera 48 X Calle 101 Sur,143
10937,A00000359,abr/29/2019 03:50 p. m.,14,d,Choque,abr/29/2019 03:50 p. m.,1,1,1,1,1,Carrera 55 X Calle 88 Sur,140
10938,A00000360,abr/29/2019 02:40 p. m.,3,h,Atropello,abr/29/2019 02:40 p. m.,1,1,1,1,1,Carrera 50 X Calle 94 Sur,409
10939,A00000361,abr/30/2019 09:20 p. m.,3,h,Caida Ocupante,abr/30/2019 09:20 p. m.,1,1,1,1,1,Carrera 50 X Calle 99 Sur,140
10952,A00000380,may/06/2019 04:00 p. m.,18,d,Choque,may/06/2019 04:00 p. m.,1,1,1,2,1,Calle 77 Sur X Carrera 53,143
10953,A00000381,may/07/2019 07:10 a. m.,3,h,Choque,may/07/2019 07:10 a. m.,1,1,1,1,1,Carrera 50 X Calle 79C Sur,143
10954,A00000382,may/07/2019 01:20 p. m.,2,d,Choque,may/07/2019 01:20 p. m.,1,1,1,1,1,Calle 100 Sur X Carrera 50,143
10955,A00000383,may/07/2019 04:55 p. m.,12,h,Otro,may/07/2019 04:55 p. m.,1,1,1,1,1,Carrera 50 X Calle 94 Sur,140
10956,A00000384,may/08/2019 08:50 p. m.,3,h,Choque,may/08/2019 08:50 p. m.,1,1,1,1,1,Carrera 50 X Calle 80 Sur,143
10957,A00000393,may/13/2019 09:20 p. m.,23,h,Atropello,may/13/2019 09:20 p. m.,1,1,1,1,1,Carrera 53 X Calle 77 Sur,409