NRO_RADICADO,NUMERO_EXPEDIENTE,FECHA_ACCIDENTE,ID_ZONA,GRAVEDAD,DESC_CLASE_ACCIDENTE,HORA_ACCIDENTE,AREA,SECTOR,ZONA,DISENO,ESTADO_TIEMPO,VIA_ACCID,POSIBLE_CAUSA
10958,A00000385,may/08/2019 11:00 a. m.,9,h,Choque,may/08/2019 11:00 a. m.,1,1,1,1,1,Calle 74 Sur X Carrera 56,143
10959,A00000386,may/08/2019 06:10 a. m.,23,h,Caida Ocupante,may/08/2019 06:10 a. m.,1,1,1,1,1,Carrera 54 X Calle 80 Sur,140
10960,A00000387,may/08/2019 07:00 a. m.,18,h,Caida Ocupante,may/08/2019 07:00 a. m.,1,1,1,1,1,Calle 77 Sur X Carrera 50A,140
11004,A00000854,oct/20/2018 02:20 p. m.,19,d,Choque,oct/20/2018 02:20 p. m.,1,1,1,1,1,Calle 77AA Sur X Carrera 57,143
11065,A00000423,may/23/2019 05:00 p. m.,3,h,Caida Ocupante,may/23/2019 05:00 p. m.,1,1,1,1,1,Carrera 50 X Calle 79 Sur,143
11090,A00000447,may/31/2019 08:10 p. m.,3,h,Caida Ocupante,may/31/2019 08:10 p. m.,1,1,1,1,1,Carrera 50 X Calle 98 Sur,143
11091,A00000448,may/31/2019 01:50 p. m.,26,d,Volcamiento,may/31/2019 01:50 p. m.,1,1,1,1,1,Calle 73 Sur X Carrera 65,143
11092,A00000450,jun/01/2019 11:20 a. m.,2,d,Choque,jun/01/2019 11:20 a. m.,1,1,1,1,1,Calle 100 Sur X Carrera 50,143
11093,A00000449,may/31/2019 06:00 p. m.,4,d,Choque,may/31/2019 06:00 p. m.,1,1,1,1,1,Carrera 50 X Calle 79C Sur,143
11094,A00000451,jun/01/2019 07:20 a. m.,3,h,Caida Ocupante,jun/01/2019 07:20 a. m.,1,1,1,1,1,Carrera 50 X Calle 98 Sur,143
11095,A00000453,jun/02/2019 07:30 p. m.,2,d,Choque,jun/02/2019 07:30 p. m.,1,1,1,1,1,Carrera 50 X Calle 99 Sur,143
11096,A00000454,jun/02/2019 10:30 a. m.,3,d,Choque,jun/02/2019 10:30 a. m.,1,1,1,1,1,Carrera 50 X Calle 94 Sur,143
11097,A00000455,jun/03/2019 09:40 a. m.,18,d,Choque,jun/03/2019 09:40 a. m.,1,1,1,1,1,Calle 77 Sur X Carrera 49,143
11098,A00000456,jun/04/2019 01:00 p. m.,19,d,Choque,jun/04/2019 01:00 p. m.,1,1,1,1,1,Calle 78 Sur X Carrera 57,143
11099,A00000457,jun/04/2019 07:50 a. m.,3,h,Caida Ocupante,jun/04/2019 07:50 a. m.,1,1,1,1,1,Carrera 50 X Calle 94 Sur,143
11100,A00000458,jun/05/2019 07:40 a. m.,3,h,Choque,jun/05/2019 07:40 a. m.,1,1,1,1,1,Carrera 50 X Calle 94 Sur,143
11111,A00000468,jun/09/2019 07:20 a. m.,12,h,Caida Ocupante,jun/09/2019 07:20 a. m.,1,1,1,1,1,Calle 95 Sur X Carrera 52,143
11112,A00000469,jun/09/2019 08:20 p. m.,8,h,Caida Ocupante,jun/09/2019 08:20 p. m.,1,1,1,1,1,Carrera 55 X Calle 77 Sur,143
11113,A00000948,nov/24/2018 12:00 p. m.,3,d,Choque,nov/24/2018 12:00 p. m.,1,1,1,1,1,Carrera 50 X Calle 77 Sur,143
11114,A00000960,nov/28/2018 02:10 p. m.,4,d,Choque,nov/28/2018 02:10 p. m.,1,1,1,1,1,Carrera 48 X Calle 101 Sur,143
11123,A00000474,jun/11/2019 04:00 p. m.,1,h,Atropello,jun/11/2019 04:00 p. m.,1,1,1,1,1,Calle 82 Sur X Carrera 60,143
11124,A00000475,jun/11/2019 10:00 p. m.,3,d,Choque,jun/11/2019 10:00 p. m.,1,1,1,1,1,Carrera 50 X Calle 94 Sur,143
9612,A00000195,mar/07/2018 12:00 p. m.,8,d,Choque,mar/07/2018 12:00 p. m.,1,1,1,1,1,Carrera 56E X Calle 76 Sur,143
9620,A00000050,ene/19/2018 12:45 p. m.,2,d,Choque,ene/19/2018 12:45 p. m.,1,1,1,1,1,Carrera 50 X Calle 79 Sur,143
9623,A0000056,ene/23/2018 10:30 a. m.,4,d,Choque,ene/23/2018 10:30 a. m.,1,1,1,1,1,Carrera 50 X Calle 79 Sur,143
9624,A00000180,feb/05/2018 05:10 p. m.,24,d,Choque,feb/05/2018 05:10 p. m.,1,1,1,2,1,Carrera 62 X Transversal 87 Sur,143
9627,A00000193,mar/07/2018 11:00 a. m.,10,d,Choque,mar/07/2018 11:00 a. m.,1,1,1,1,1,Carrera 59 X Calle 79 Sur,143
9632,A00000194,mar/07/2018 12:10 p. m.,2,h,Choque,mar/07/2018 12:10 p. m.,1,1,1,1,1,Carrera 50 X Calle 97 Sur,143
9655,A00000188,mar/06/2018 04:15 p. m.,3,d,Choque,mar/06/2018 04:15 p. m.,1,1,1,1,1,Carrera 50 X Calle 94 Sur,143
9661,A0000073,ene/28/2018 06:00 p. m.,2,h,Atropello,ene/28/2018 06:00 p. m.,1,1,1,1,1,Carrera 50 X Calle 98 Sur,143
9663,A00000221,mar/09/2018 12:10 p. m.,2,d,Choque,mar/09/2018 12:10 p. m.,1,1,1,1,1,Calle 100 Sur X Carrera 48,143
9664,A0000091,feb/01/2018 06:10 a. m.,23,d,Choque,feb/01/2018 06:10 a. m.,1,1,1,2,1,Carrera 50 X Calle 79C Sur,143
9667,A00000192,mar/07/2018 10:20 a. m.,17,d,Choque,mar/07/2018 10:20 a. m.,1,1,1,1,1,Calle 80 Sur X Carrera 80,143
9864,A000829269,ago/02/2018 07:00 a. m.,14,h,Caida Ocupante,ago/02/2018 07:00 a. m.,1,1,1,1,1,Carrera 50 X Calle 80 Sur,140
9865,A000829270,ago/02/2018 09:30 a. m.,3,d,Choque,ago/02/2018 09:30 a. m.,1,1,1,2,1,Calle 79B Sur X Carrera 50,143
9885,A000829290,ago/13/2018 01:00 p. m.,23,d,Choque,ago/13/2018 01:00 p. m.,1,1,1,1,1,Carrera 54 X Calle 75AB Sur,143
9886,A000829291,ago/09/2018 04:00 p. m.,16,d,Choque,ago/09/2018 04:00 p. m.,1,1,1,1,1,Calle 83 Sur X Carrera 56B,143
9973,A00000692,ago/28/2018 10:40 p. m.,5,d,Choque,ago/28/2018 10:40 p. m.,1,1,1,1,1,Carrera 52 X Calle 88AA Sur,143
9974,A00000731,sept/08/2018 04:20 p. m.,19,d,Choque,sept/08/2018 04:20 p. m.,1,1,1,1,1,Calle 77 Sur X Carrera 55,143
9975,A00000694,ago/28/2018 02:40 p. m.,14,d,Choque,ago/28/2018 02:40 p. m.,1,1,1,2,1,Carrera 50 X Calle 88 Sur,143
10004,A00000219,mar/14/2018 06:00 a. m.,22,h,Choque,mar/14/2018 06:00 a. m.,1,1,1,7,1,Carrera 55 X Calle 82 Sur,143
10073,A00000181,mar/05/2018 09:30 p. m.,2,h,Choque,mar/05/2018 09:30 p. m.,1,1,1,1,1,Carrera 50 X Calle 100 Sur,143
10074,A00000350,may/02/2018 02:10 p. m.,3,d,Choque,may/02/2018 02:10 p. m.,1,1,1,1,1,Carrera 50 X Calle 77 Sur,143
10077,A00000173,mar/03/2018 06:30 a. m.,1,d,Choque,mar/03/2018 06:30 a. m.,1,1,1,2,1,Calle 77 Sur X Carrera 60,143
10078,A00000312,abr/17/2018 06:50 a. m.,15,h,Atropello,abr/17/2018 06:50 a. m.,1,1,1,1,1,Carrera 62A X Calle 74 Sur,409
10079,A00000399,may/19/2018 11:30 a. m.,14,d,Choque,may/19/2018 11:30 a. m.,1,1,1,1,1,Calle 87 Sur X Carrera 55,143
10080,A00000395,may/12/2018 02:05 p. m.,3,d,Choque,may/12/2018 02:05 p. m.,1,1,1,1,1,Carrera 50 X Calle 100 Sur,143
10081,A00000911,sept/30/2017 08:45 a. m.,15,h,Atropello,sept/30/2017 08:45 a. m.,1,1,1,1,1,Carrera 62 X Calle 74 Sur,409
10082,A00000377,may/12/2018 07:35 p. m.,3,d,Choque,may/12/2018 07:35 p. m.,1,1,1,1,1,Carrera 50 X Calle 79B Sur,143
10083,A00000922,oct/02/2017 09:50 a. m.,8,h,Caida Ocupante,oct/02/2017 09:50 a. m.,1,1,1,1,1,Carrera 55 X Calle 77 Sur,140
10084,A00000923,oct/03/2017 05:00 p. m.,3,h,Volcamiento,oct/03/2017 05:00 p. m.,1,1,1,1,1,Carrera 50 X Calle 80 Sur,140
10085,A00000926,oct/06/2017 03:30 p. m.,2,h,Caida Ocupante,oct/06/2017 03:30 p. m.,1,1,1,1,1,Carrera 50 X Calle 101 Sur,140
10086,A00000927,oct/06/2017 06:15 p. m.,5,h,Caida Ocupante,oct/06/2017 06:15 p. m.,1,1,1,1,1,Calle 94 Sur X Carrera 5,140
10087,A00000933,oct/08/2017 09:30 a. m.,3,h,Caida Ocupante,oct/08/2017 09:30 a. m.,1,1,1,1,1,Carrera 50 X Calle 97B Sur,140
10088,A00000934,oct/09/2017 11:50 a. m.,3,d,Choque,oct/09/2017 11:50 a. m.,1,1,1,1,1,Carrera 50 X Calle 89 Sur,143
10089,A00000935,oct/09/2017 07:00 p. m.,14,h,Caida Ocupante,oct/09/2017 07:00 p. m.,1,1,1,1,1,Calle 95 Sur X Carrera 49D,140
10090,A00000936,oct/08/2017 03:40 p. m.,18,h,Choque,oct/08/2017 03:40 p. m.,1,1,1,1,1,Carrera 50 X Calle 77 Sur,140
10091,A00000937,oct/08/2017 06:30 p. m.,5,h,Caida Ocupante,oct/08/2017 06:30 p. m.,1,1,1,1,1,Carrera 55 X Calle 96B Sur,140
10092,A00000939,oct/07/2017 09:50 p. m.,2,h,Caida Ocupante,oct/07/2017 09:50 p. m.,1,1,1,1,1,Carrera 50 X Calle 94 Sur,140
10093,A00000940,oct/04/2017 03:45 p. m.,23,d,Otro,oct/04/2017 03:45 p. m.,1,1,1,1,1,Calle 79 Sur X Carrera 54A,140
10130,A00000317,abr/19/2018 07:40 a. m.,15,h,Atropello,abr/19/2018 07:40 a. m.,1,1,1,1,1,Calle 73 Sur X Carrera 63A,409
10131,A00000977,oct/20/2017 10:10 p. m.,23,h,Caida Ocupante,oct/20/2017 10:10 p. m.,1,1,1,1,1,Carrera 55 X Calle 79 Sur,140
10132,A00000976,oct/23/2017 07:00 p. m.,14,h,Choque,oct/23/2017 07:00 p. m.,1,1,1,1,1,Carrera 50 X Calle 80 Sur,143
10133,A00000978,sept/25/2017 12:10 a. m.,5,h,Atropello,sept/25/2017 12:10 a. m.,1,1,1,1,1,Calle 88 Sur X Carrera 50,409
10134,A00000979,oct/25/2017 10:10 p. m.,3,h,Caida Ocupante,oct/25/2017 10:10 p. m.,1,1,1,1,1,Carrera 50 X Calle 80 Sur,140
10135,A00000980,oct/26/2017 05:00 p. m.,16,h,Otro,oct/26/2017 05:00 p. m.,1,1,1,1,1,Calle 83 Sur X Carrera 56B,140
10136,A00000981,oct/27/2017 06:10 p. m.,14,h,Otro,oct/27/2017 06:10 p. m.,1,1,1,1,1,Carrera 55 X Calle 88 Sur,140
10387,A00000209,mar/11/2018 02:15 p. m.,23,h,Caida Ocupante,mar/11/2018 02:15 p. m.,1,1,1,1,1,Carrera 50 X Calle 79 Sur,143
10388,A00000211,mar/13/2018 11:40 a. m.,18,h,Choque,mar/13/2018 11:40 a. m.,1,1,1,1,1,Carrera 50A X Calle 77 Sur,143
10389,A00000216,mar/14/2018 06:20 a. m.,3,h,Caida Ocupante,mar/14/2018 06:20 a. m.,1,1,1,1,1,Calle 74 Sur X Carrera 56,143
10436,A00000321,abr/21/2018 03:00 p. m.,8,h,Caida Ocupante,abr/21/2018 03:00 p. m.,1,1,1,1,1,Carrera 54 X Calle 77 Sur,143
10437,A00000324,abr/21/2018 11:30 a. m.,11,h,Choque,abr/21/2018 11:30 a. m.,1,1,1,1,1,Carrera 66 X Calle 74 Sur,143
10438,A00000326,abr/23/2018 08:00 p. m.,15,h,Caida Ocupante,abr/23/2018 08:00 p. m.,,1,1,1,1,Carrera 62A X Calle 74 Sur,143
10439,A00000328,abr/23/2018 10:30 a. m.,3,h,Caida Ocupante,abr/23/2018 10:30 a. m.,,1,1,1,1,Carrera 50 X Calle 95 Sur,143
10584,A00000439,may/31/2018 10:00 a. m.,3,h,Volcamiento,may/31/2018 10:00 a. m.,1,1,1,1,1,Carrera 50 X Calle 98 Sur,143
10600,A00000899,nov/02/2018 06:50 a. m.,14,h,Choque,nov/02/2018 06:50 a. m.,1,1,1,1,1,Carrera 55 X Calle 83C Sur,143
10626,A00000152,feb/20/2019 01:15 p. m.,2,d,Choque,feb/20/2019 01:15 p. m.,1,1,1,1,1,Carrera 48 X Calle 100 Sur,143
10627,A00000927,nov/17/2018 09:20 p. m.,2,d,Choque,nov/17/2018 09:20 p. m.,1,1,1,1,1,Calle 100 Sur X Carrera 48,143
10628,A00000186,mar/03/2019 09:10 p. m.,2,h,Caida Ocupante,mar/03/2019 09:10 p. m.,1,1,1,1,1,Carrera 50 X Calle 101 Sur,143
10629,A00000187,mar/01/2019 12:20 p. m.,2,d,Choque,mar/01/2019 12:20 p. m.,1,1,1,1,1,Calle 100 Sur X Carrera 49,143
10689,A00000892,oct/31/2018 02:40 p. m.,12,h,Choque,oct/31/2018 02:40 p. m.,1,1,1,1,1,Carrera 50 X Calle 96 Sur,143
10690,A00000790,sept/29/2018 10:30 a. m.,3,d,Choque,sept/29/2018 10:30 a. m.,1,1,1,1,1,Carrera 50 X Calle 79 Sur,143
10691,A00000226,mar/19/2019 09:00 a. m.,19,h,Caida Ocupante,mar/19/2019 09:00 a. m.,1,1,1,1,1,Carrera 56 X Calle 77 Sur,143
10692,A00000225,mar/19/2019 07:50 a. m.,3,d,Choque,mar/19/2019 07:50 a. m.,1,1,1,1,1,Carrera 50 X Calle 79 Sur,143
10698,A00000819,oct/06/2018 01:30 p. m.,4,d,Choque,oct/06/2018 01:30 p. m.,1,1,1,1,1,Carrera 48 X Calle 98 Sur,143
10699,A00000236,mar/20/2019 04:00 p. m.,3,h,Choque,mar/20/2019 04:00 p. m.,1,1,1,1,1,Carrera 50 X Calle 79 Sur,143
10700,A00000235,mar/21/2019 01:40 p. m.,10,d,Choque,mar/21/2019 01:40 p. m.,1,1,1,1,1,Calle 79 Sur X Carrera 59,143
10721,A00000238,mar/21/2019 06:10 a. m.,19,d,Choque,mar/21/2019 06:10 a. m.,1,1,1,1,1,Calle 77 Sur X Carrera 57B,143
10722,A00000239,mar/21/2019 09:40 a. m.,5,d,Choque,mar/21/2019 09:40 a. m.,1,1,1,1,1,Carrera 55 X Calle 90 Sur,143
10723,A00000237,mar/21/2019 12:10 p. m.,19,h,Atropello,mar/21/2019 12:10 p. m.,1,1,1,1,1,Carrera 59B X Calle 77 Sur,143
10757,A00000171,feb/24/2019 06:35 a. m.,2,d,Choque,feb/24/2019 06:35 a. m.,1,1,1,1,1,Carrera 48 X Calle 98 Sur,143
10760,A00000011,ene/07/2019 03:30 p. m.,24,h,Atropello,ene/07/2019 03:30 p. m.,1,1,1,1,1,Calle 87 Sur X Carrera 65A,143
10771,A00000271,mar/31/2019 04:30 p. m.,3,d,Choque,mar/31/2019 04:30 p. m.,1,1,1,1,1,Carrera 50 X Calle 100 Sur,143
10859,A00000163,feb/23/2019 02:10 p. m.,26,h,Choque,feb/23/2019 02:10 p. m.,1,1,1,1,1,Calle 77 Sur X Carrera 59,143
10860,A00000297,abr/09/2019 07:50 a. m.,4,d,Choque,abr/09/2019 07:50 a. m.,1,1,1,1,1,Carrera 50 X Calle 79 Sur,143
10861,A00000298,abr/10/2019 07:50 a. m.,26,h,Otro,abr/10/2019 07:50 a. m.,1,1,1,1,1,Carrera 62 X Calle 79 Sur,143
10862,A00000299,abr/10/2019 12:50 p. m.,3,d,Choque,abr/10/2019 12:50 p. m.,1,1,1,1,1,Carrera 50 X Calle 77 Sur,143
10863,A00000300,abr/10/2019 01:50 p. m.,27,d,Choque,abr/10/2019 01:50 p. m.,1,1,1,1,1,Carrera 54 X Calle 75AA Sur,143
10864,A00000301,abr/10/2019 08:40 p. m.,15,d,Choque,abr/10/2019 08:40 p. m.,1,1,1,1,1,Carrera 62 X Calle 73 Sur,143
10865,A00000302,abr/10/2019 05:10 p. m.,17,d,Choque,abr/10/2019 05:10 p. m.,1,1,1,1,1,Carrera 57 X Calle 80 Sur,143
10887,A00000801,oct/01/2018 07:55 a. m.,2,d,Choque,oct/01/2018 07:55 a. m.,1,1,1,1,1,Carrera 50 X Calle 97B Sur,143
10929,A00001049,dic/28/2018 01:20 p. m.,18,d,Choque,dic/28/2018 01:20 p. m.,1,1,1,1,1,Calle 77 Sur X Carrera 52D,143
10930,A00000883,oct/26/2018 06:20 a. m.,4,d,Choque,oct/26/2018 06:20 a. m.,1,1,1,1,1,Carrera 48 X Calle 98 Sur,143
10943,A00000890,oct/25/2018 03:10 p. m.,4,d,Choque,oct/25/2018 03:10 p. m.,1,1,1,1,1,Carrera 48 X Calle 98 Sur,143
10944,A00000786,sept/27/2018 01:40 p. m.,3,h,Choque,sept/27/2018 01:40 p. m.,1,1,1,1,1,Carrera 50 X Calle 91 Sur,143
10967,A00000398,may/14/2019 06:40 a. m.,8,h,Choque,may/14/2019 06:40 a. m.,1,1,1,1,1,Calle 77 Sur X Carrera 54,143
10968,A00000392,may/11/2019 09:15 p. m.,8,h,Choque,may/11/2019 09:15 p. m.,1,1,1,2,1,Calle 77 Sur X Carrera 54,143
10970,A00000363,abr/30/2019 06:20 a. m.,3,d,Choque,abr/30/2019 06:20 a. m.,1,1,1,1,1,Carrera 50 X Calle 80 Sur,143
10971,A00000364,may/01/2019 11:00 p. m.,27,h,Choque,may/01/2019 11:00 p. m.,1,1,1,1,1,Carrera 54 X Calle 76 Sur,143
10980,A00000085,feb/01/2019 06:20 p. m.,2,h,Caida Ocupante,feb/01/2019 06:20 p. m.,1,1,1,1,1,Carrera 50 X Calle 98 Sur,140
10981,A00000090,feb/02/2019 08:30 p. m.,27,h,Caida Ocupante,feb/02/2019 08:30 p. m.,1,1,1,1,1,Carrera 54 X Calle 74AA Sur,140
10982,A00000093,feb/02/2019 05:50 a. m.,23,h,Caida Ocupante,feb/02/2019 05:50 a. m.,1,1,1,1,1,Carrera 54 X Calle 80 Sur,140
10983,A00000094,feb/02/2019 07:15 a. m.,15,h,Caida Ocupante,feb/02/2019 07:15 a. m.,1,1,1,1,1,Calle 73 Sur X Carrera 63A,140
10984,A00000095,feb/02/2019 09:20 a. m.,23,h,Caida Ocupante,feb/02/2019 09:20 a. m.,1,1,1,2,1,Calle 80 Sur X Carrera 55,140
10985,A00000097,feb/03/2019 03:30 a. m.,23,h,Caida Ocupante,feb/03/2019 03:30 a. m.,1,1,1,1,1,Calle 80 Sur X Carrera 55,140
10986,A00000099,feb/03/2019 05:40 p. m.,3,h,Caida Ocupante,feb/03/2019 05:40 p. m.,1,1,1,1,1,Calle 79 Sur X Carrera 50,140
10987,A00000101,feb/04/2019 12:30 a. m.,7,h,Caida Ocupante,feb/04/2019 12:30 a. m.,1,1,1,1,1,Calle 82 Sur X Carrera 57,140
10988,A00000104,feb/04/2019 11:50 a. m.,3,h,Caida Ocupante,feb/04/2019 11:50 a. m.,1,1,1,1,1,Carrera 50 X Calle 83 Sur,140
10989,A00000109,feb/05/2019 01:30 p. m.,3,h,Atropello,feb/05/2019 01:30 p. m.,1,1,5,1,1,Carrera 50 X Calle 97B Sur,409
10990,A00000110,feb/05/2019 07:00 a. m.,3,h,Caida Ocupante,feb/05/2019 07:00 a. m.,1,1,1,1,1,Carrera 50 X Calle 97 Sur,140
10991,A00000113,feb/05/2019 08:40 p. m.,26,h,Caida Ocupante,feb/05/2019 08:40 p. m.,1,1,1,1,1,Calle 80 Sur X Carrera 66,140
10992,A00000121,feb/08/2019 06:50 p. m.,14,h,Caida Ocupante,feb/08/2019 06:50 p. m.,1,1,1,1,1,Calle 87 Sur X Carrera 56,140
10999,A00000954,nov/26/2018 06:50 p. m.,27,h,Atropello,nov/26/2018 06:50 p. m.,1,1,1,1,1,Carrera 54 X Calle 75AA Sur,143
11079,A00000432,may/27/2019 10:00 a. m.,3,h,Atropello,may/27/2019 10:00 a. m.,1,1,1,1,1,Carrera 50 X Calle 96 Sur,409
11080,A00000433,may/28/2019 10:40 a. m.,8,d,Choque,may/28/2019 10:40 a. m.,1,1,1,1,1,Calle 77 Sur X Carrera 55,143
11129,A00000919,nov/14/2018 05:00 p. m.,26,d,Otro,nov/14/2018 05:00 p. m.,1,1,1,1,1,Calle 81 Sur X Carrera 65,143
9652,A00000225,mar/14/2018 07:45 a. m.,15,d,Choque,mar/14/2018 07:45 a. m.,1,1,1,1,1,Carrera 62A X Calle 74 Sur,143
9653,A00000227,mar/15/2018 02:30 p. m.,3,d,Choque,mar/15/2018 02:30 p. m.,1,1,1,1,1,Carrera 47 X Calle 100 Sur,143
9685,A0000092,feb/02/2018 06:00 p. m.,8,d,Choque,feb/02/2018 06:00 p. m.,1,1,1,1,2,Carrera 55 X Calle 79 Sur,143
9700,A000829166,jul/02/2018 02:20 a. m.,3,h,Atropello,jul/02/2018 02:20 a. m.,1,1,1,1,1,Carrera 50 X Calle 80 Sur,409
9701,A000829167,jul/02/2018 09:30 p. m.,12,h,Otro,jul/02/2018 09:30 p. m.,1,1,1,1,2,Carrera 51 X Calle 97 Sur,140
9702,A000829168,jul/03/2018 06:55 a. m.,23,h,Choque,jul/03/2018 06:55 a. m.,1,1,1,1,1,Carrera 54 X Calle 79C Sur,143
9703,A000829169,jul/03/2018 08:00 a. m.,11,h,Caida Ocupante,jul/03/2018 08:00 a. m.,1,1,1,1,1,Carrera 63C X Calle 73 Sur,140
9704,A000829178,jul/04/2018 09:10 a. m.,3,d,Choque,jul/04/2018 09:10 a. m.,1,1,1,8,1,Carrera 48 X Calle 79C Sur,143
9705,A000829174,jul/07/2018 05:55 a. m.,15,d,Choque,jul/07/2018 05:55 a. m.,1,1,1,1,1,Carrera 62A X Calle 74 Sur,143
9752,A000829209,jul/17/2018 03:40 p. m.,15,d,Otro,jul/17/2018 03:40 p. m.,1,1,1,1,1,Carrera 62A X Calle 73 Sur,143
9753,A000829202,jul/15/2018 08:30 p. m.,20,d,Choque,jul/15/2018 08:30 p. m.,1,1,1,1,1,Calle 81 Sur X Carrera 65,143
9754,A000829200,jul/15/2018 10:15 a. m.,25,h,Choque,jul/15/2018 10:15 a. m.,1,1,1,1,1,Calle 80 Sur X Carrera 59,143
9755,A000829212,jul/17/2018 06:00 p. m.,13,h,Choque,jul/17/2018 06:00 p. m.,1,1,1,1,1,Carrera 50 X Calle 98 Sur,143
9756,A000829211,jul/17/2018 08:00 p. m.,27,d,Choque,jul/17/2018 08:00 p. m.,1,1,1,2,1,Calle 75 Sur X Carrera 53,143
9910,A000829292,ago/13/2018 06:30 a. m.,14,d,Choque,ago/13/2018 06:30 a. m.,1,1,1,2,1,Carrera 50 X Calle 83D Sur,143
9945,A000829306,ago/18/2018 07:40 a. m.,14,h,Choque,ago/18/2018 07:40 a. m.,1,1,1,1,1,Calle 87 Sur X Carrera 60,143
9946,A000829307,ago/19/2018 10:20 a. m.,3,h,Choque,ago/19/2018 10:20 a. m.,1,1,1,1,1,Carrera 50 X Calle 98 Sur,143
9947,A000829308,ago/20/2018 06:00 a. m.,1,h,Caida Ocupante,ago/20/2018 06:00 a. m.,1,1,1,1,1,Calle 80 Sur X Carrera 61,140
9971,A00000706,sept/02/2018 02:20 a. m.,2,d,Choque,sept/02/2018 02:20 a. m.,1,1,1,1,1,Carrera 50 X Calle 100B Sur,143
9976,A00000691,ago/27/2018 07:20 p. m.,3,d,Choque,ago/27/2018 07:20 p. m.,1,1,1,1,1,Carrera 50 X Calle 79 Sur,143
9977,A00000690,ago/28/2018 05:15 p. m.,23,h,Caida Ocupante,ago/28/2018 05:15 p. m.,1,1,1,1,1,Carrera 55 X Calle 79 Sur,143
9978,A00000688,ago/27/2018 07:10 a. m.,18,d,Choque,ago/27/2018 07:10 a. m.,1,1,1,1,1,Carrera 50A X Calle 77 Sur,143
9979,A00000687,ago/27/2018 05:40 a. m.,23,h,Choque,ago/27/2018 05:40 a. m.,1,1,1,1,2,Carrera 52A X Calle 78A Sur,143
9980,A00000686,ago/27/2018 07:00 p. m.,19,d,Choque,ago/27/2018 07:00 p. m.,1,1,1,1,1,Calle 78 Sur X Carrera 57,143
10016,A00000139,feb/17/2018 08:15 a. m.,14,d,Choque,feb/17/2018 08:15 a. m.,1,1,1,1,1,Calle 84 Sur X Carrera 55DD,143
10017,A0000083,ene/31/2018 05:30 p. m.,2,h,Atropello,ene/31/2018 05:30 p. m.,1,1,1,1,1,Carrera 50 X Calle 98 Sur,409
10018,A0000086,feb/01/2018 04:40 a. m.,14,h,Choque,feb/01/2018 04:40 a. m.,1,1,1,1,1,Calle 88AA Sur X Carrera 50,143
10019,A00000387,may/14/2018 08:20 p. m.,3,h,Atropello,may/14/2018 08:20 p. m.,1,1,1,1,1,Carrera 50 X Calle 79B Sur,143
10020,A00000327,abr/23/2018 11:50 a. m.,15,d,Choque,abr/23/2018 11:50 a. m.,1,1,1,10,1,Calle 74 Sur X Carrera 57,143
10022,A00000358,may/03/2018 02:15 p. m.,22,d,Choque,may/03/2018 02:15 p. m.,1,1,1,1,1,Calle 82 Sur X Carrera 57B,143
10023,A00000220,mar/09/2018 02:30 p. m.,3,h,Choque,mar/09/2018 02:30 p. m.,1,1,1,1,1,Carrera 50 X Calle 48 Sur,143
10024,A00000279,abr/05/2018 11:30 a. m.,18,d,Choque,abr/05/2018 11:30 a. m.,1,1,1,2,1,Calle 75AB Sur X Carrera 52,143
10052,A00000378,may/12/2018 05:00 p. m.,3,d,Choque,may/12/2018 05:00 p. m.,1,1,1,1,1,Carrera 50 X Calle 79 Sur,143
10053,A00000184,mar/06/2018 09:10 a. m.,23,d,Choque,mar/06/2018 09:10 a. m.,1,1,1,1,1,Carrera 54 X Calle 79 Sur,143
10054,A00000300,abr/14/2018 12:40 a. m.,2,d,Choque,abr/14/2018 12:40 a. m.,1,1,1,2,1,Carrera 50 X Calle 100 Sur,143
9232,A00000477,may/15/2017 11:00 p. m.,19,h,Caida Ocupante,may/15/2017 11:00 p. m.,1,1,1,1,1,Carrera 60 X Calle 76 Sur,140
10183,A00000391,may/15/2018 11:00 a. m.,23,d,Choque,may/15/2018 11:00 a. m.,1,1,1,2,1,Calle 79 Sur X Carrera 53,143
10184,A00000174,mar/04/2018 11:00 p. m.,23,h,Caida Ocupante,mar/04/2018 11:00 p. m.,1,1,1,1,1,Calle 79C Sur X Carrera 50,140
10185,A00000257,mar/28/2018 06:30 p. m.,23,h,Choque,mar/28/2018 06:30 p. m.,1,1,1,1,1,Calle 79 Sur X Carrera 50,143
10186,A00000413,may/23/2018 06:40 p. m.,3,d,Choque,may/23/2018 06:40 p. m.,1,1,1,2,1,Carrera 50 X Calle 100 Sur,143
10187,A00000143,feb/18/2018 05:10 p. m.,11,h,Atropello,feb/18/2018 05:10 p. m.,1,1,1,11,1,Calle 74 Sur X Carrera 66,409
10188,A00000249,mar/24/2018 12:10 p. m.,2,h,Atropello,mar/24/2018 12:10 p. m.,1,1,1,1,1,Calle 100B Sur X Carrera 50,409
10219,A0000002,ene/02/2018 11:10 a. m.,2,h,Caida Ocupante,ene/02/2018 11:10 a. m.,1,1,1,1,1,Calle 100 Sur X Carrera 46,140