NRO_RADICADO,NUMERO_EXPEDIENTE,FECHA_ACCIDENTE,ID_ZONA,GRAVEDAD,DESC_CLASE_ACCIDENTE,HORA_ACCIDENTE,AREA,SECTOR,ZONA,DISENO,ESTADO_TIEMPO,VIA_ACCID,POSIBLE_CAUSA
10238,A00000393,abr/23/2017 08:40 p. m.,3,h,Atropello,abr/23/2017 08:40 p. m.,1,1,1,1,1,Carrera 50 X Calle 96 Sur,409
10239,A00000382,abr/18/2017 07:00 p. m.,15,h,Caida Ocupante,18/04/0201 07:00:00 p.m.,1,1,1,1,1,Calle 74 Sur X Carrera 63AA,140
10240,A00000374,abr/15/2017 07:20 p. m.,24,d,Choque,abr/15/2017 07:20 p. m.,1,1,1,1,1,Carrera 62 X Calle 83A Sur,140
10241,A00000347,abr/07/2017 07:00 p. m.,12,h,Caida Ocupante,abr/07/2017 07:00 p. m.,1,1,1,1,1,Calle 94 Sur X Carrera 49,140
10242,A00000348,abr/07/2017 10:40 p. m.,1,h,Caida Ocupante,abr/07/2017 10:40 p. m.,1,1,1,1,1,Carrera 61 X Calle 80 Sur,140
10243,A00000351,abr/08/2017 08:00 a. m.,3,h,Caida Ocupante,abr/08/2017 08:00 a. m.,1,1,1,1,1,Carrera 55 X Calle 83 Sur,140
10244,A00000352,abr/08/2017 09:00 p. m.,1,d,Choque,abr/08/2017 09:00 p. m.,1,1,1,1,1,Carrera 56D X Calle 77 Sur,143
10245,A00000361,abr/07/2017 01:10 p. m.,15,h,Caida Ocupante,abr/07/2017 01:10 p. m.,1,1,1,1,1,Carrera 63C X Calle 73 Sur,140
10341,A00000906,nov/06/2018 06:25 p. m.,10,h,Choque,nov/06/2018 06:25 p. m.,1,1,1,2,1,Calle 77 Sur X Carrera 59,143
10556,A00000875,oct/26/2018 07:30 a. m.,21,h,Atropello,oct/26/2018 07:30 a. m.,1,1,1,1,1,Calle 83A Sur X Carrera 60,409
10557,A00000872,oct/26/2018 06:50 a. m.,18,h,Choque,oct/26/2018 06:50 a. m.,1,1,1,1,1,Calle 77 Sur X Carrera 50,140
10558,A00000871,oct/26/2018 02:50 p. m.,7,h,Otro,oct/26/2018 02:50 p. m.,1,1,1,1,1,Calle 80 Sur X Carrera 56,140
10719,A00000941,nov/23/2018 06:15 a. m.,3,h,Choque,nov/23/2018 06:15 a. m.,1,1,1,1,1,Carrera 50 X Calle 92 Sur,143
10720,A00000921,nov/16/2018 09:30 a. m.,14,d,Choque,nov/16/2018 09:30 a. m.,1,1,1,1,1,Calle 87 Sur X Carrera 60,143
10735,A00000249,mar/24/2019 06:30 p. m.,14,d,Choque,mar/24/2019 06:30 p. m.,1,1,1,1,1,Calle 87 Sur X Carrera 55,143
10736,A00000250,mar/25/2019 04:35 p. m.,3,h,Caida Ocupante,mar/25/2019 04:35 p. m.,1,1,1,1,1,Carrera 50 X Calle 80 Sur,143
10737,A00000251,mar/25/2019 08:47 a. m.,26,h,Caida Ocupante,mar/25/2019 08:47 a. m.,1,1,1,1,1,Calle 96B Sur X Carrera 55,143
10738,A00000252,mar/25/2019 11:00 a. m.,27,h,Choque,mar/25/2019 11:00 a. m.,1,1,1,1,1,Calle 77 Sur X Carrera 53,143
10739,A00000253,mar/26/2019 06:10 a. m.,23,h,Caida Ocupante,mar/26/2019 06:10 a. m.,1,1,1,1,1,Calle 80 Sur X Carrera 52,143
10740,A00000254,mar/26/2019 01:10 p. m.,19,h,Caida Ocupante,mar/26/2019 01:10 p. m.,1,1,1,1,1,Calle 77 Sur X Carrera 56,143
10741,A00000256,mar/28/2019 04:40 p. m.,19,h,Caida Ocupante,mar/28/2019 04:40 p. m.,1,1,1,1,1,Calle 77 Sur X Carrera 61,143
10748,A00000155,feb/20/2019 04:00 p. m.,3,d,Choque,feb/20/2019 04:00 p. m.,1,1,1,1,1,Carrera 50 X Calle 76D Sur,143
10750,A00000260,mar/28/2019 12:40 p. m.,3,h,Atropello,mar/28/2019 12:40 p. m.,1,1,1,1,1,Calle 96 Sur X Carrera 50AA,143
10926,A00000989,dic/07/2018 01:10 p. m.,2,h,Atropello,dic/07/2018 01:10 p. m.,1,1,1,1,1,Calle 100 Sur X Carrera 48,143
10948,A00000377,abr/06/2019 07:20 a. m.,27,h,Choque,abr/06/2019 07:20 a. m.,1,1,1,2,1,Carrera 54 X Calle 77 Sur,143
10949,A00000378,may/06/2019 09:15 a. m.,9,d,Choque,may/06/2019 09:15 a. m.,1,1,1,1,1,Calle 74B Sur X Carrera 60,143
10950,A00000379,may/06/2019 10:00 a. m.,26,d,Choque,may/06/2019 10:00 a. m.,1,1,1,1,1,Calle 81 Sur X Carrera 66,143
10995,A00000054,ene/23/2019 09:50 p. m.,3,h,Choque,ene/23/2019 09:50 p. m.,1,1,1,1,1,Carrera 51 X Calle 98 Sur,143
10996,A00001050,dic/28/2018 05:00 p. m.,3,h,Atropello,dic/28/2018 05:00 p. m.,1,1,1,1,1,Calle 96 Sur X Carrera 51,143
10997,A00000056,ene/23/2019 07:00 a. m.,2,d,Choque,ene/23/2019 07:00 a. m.,1,1,1,1,1,Carrera 50 X Calle 100 Sur,143
11002,A00000966,dic/01/2018 01:00 p. m.,8,h,Choque,dic/01/2018 01:00 p. m.,1,1,1,1,1,Carrera 55 X Calle 79 Sur,143
11046,A00000406,may/17/2019 06:50 p. m.,3,d,Choque,may/17/2019 06:50 p. m.,1,1,1,1,1,Calle 96 Sur X Carrera 51,143
11047,A00000407,may/17/2019 10:35 p. m.,14,h,Caida Ocupante,may/17/2019 10:35 p. m.,1,1,1,1,1,Carrera 55 X Calle 87 Sur,143
11101,A00000459,jun/06/2019 05:00 p. m.,4,d,Choque,jun/06/2019 05:00 p. m.,1,1,1,1,1,Carrera 48C X Calle 79C Sur,143
11102,A00000460,jun/06/2019 06:00 p. m.,2,h,Caida Ocupante,jun/06/2019 06:00 p. m.,1,1,1,1,1,Carrera 50 X Calle 100 Sur,143
11131,A00000476,jun/12/2019 10:30 p. m.,3,h,Choque,jun/12/2019 10:30 p. m.,1,1,1,1,1,Carrera 50 X Calle 77 Sur,143
11133,A00000490,jun/15/2019 06:50 a. m.,3,h,Caida Ocupante,jun/15/2019 06:50 a. m.,1,1,1,1,1,Carrera 50 X Calle 93 Sur,140
11134,A00000489,jun/15/2019 05:15 a. m.,19,d,Choque,jun/15/2019 05:15 a. m.,1,1,1,1,1,Carrera 54 X Calle 75AB Sur,143
11135,A00000491,jun/16/2019 12:15 a. m.,3,h,Caida Ocupante,jun/16/2019 12:15 a. m.,1,1,1,1,1,Carrera 50 X Calle 97A Sur,140
11165,A00000135,feb/15/2019 05:20 p. m.,3,d,Choque,feb/15/2019 05:20 p. m.,1,1,1,1,1,Carrera 50 X Calle 79A Sur,143
11225,A00000549,jun/30/2019 11:00 a. m.,3,d,Choque,jun/30/2019 11:00 a. m.,1,1,1,1,1,Carrera 50 X Calle 48,143
11226,A00000547,jul/06/2019 10:20 p. m.,3,d,Choque,jul/06/2019 10:20 p. m.,1,1,1,1,1,Carrera 50 X Calle 96 Sur,143
11227,A00000518,jul/05/2019 08:10 p. m.,3,d,Choque,jul/05/2019 08:10 p. m.,1,1,1,1,1,Carrera 50 X Calle 97B Sur,143
11243,A00000566,jul/14/2019 11:15 a. m.,3,h,Choque,jul/14/2019 11:15 a. m.,1,1,1,1,1,Carrera 50 X Calle 97B Sur,143
11247,A00000578,jul/19/2019 04:00 p. m.,4,d,Choque,jul/19/2019 04:00 p. m.,1,1,1,1,1,Calle 79A Sur X Carrera 49,143
11248,A00000579,jul/20/2019 04:30 p. m.,2,h,Choque,jul/20/2019 04:30 p. m.,1,1,1,2,1,Calle 100 Sur X Carrera 50,143
11249,A00000577,jul/19/2019 11:50 a. m.,22,d,Choque,jul/19/2019 11:50 a. m.,1,1,1,1,1,Carrera 59 X Calle 82 Sur,143
11250,A00000901,nov/03/2018 02:40 p. m.,3,d,Choque,nov/03/2018 02:40 p. m.,1,1,1,1,1,Carrera 50 X Calle 79C Sur,143
11299,A00000626,ago/02/2019 05:45 a. m.,2,h,Caida Ocupante,ago/02/2019 05:45 a. m.,1,1,1,1,1,Calle 100 Sur X Carrera 48,140
11300,A00000627,ago/02/2019 09:30 p. m.,1,d,Choque,ago/02/2019 09:30 p. m.,1,1,1,2,1,Calle 79 Sur X Carrera 60,143
11301,A00000631,ago/04/2019 09:40 a. m.,11,h,Caida Ocupante,ago/04/2019 09:40 a. m.,1,1,1,1,1,Calle 81 Sur X Carrera 66,140
11302,A00000630,ago/03/2019 04:50 p. m.,2,h,Atropello,ago/03/2019 04:50 p. m.,1,1,1,1,1,Carrera 50 X Calle 100 Sur,409
11303,A00000609,jul/29/2019 12:30 p. m.,2,h,Choque,jul/29/2019 12:30 p. m.,1,1,1,1,1,Carrera 50 X Calle 79B Sur,143
11304,A00000610,jul/30/2019 05:20 a. m.,19,h,Choque,jul/30/2019 05:20 a. m.,1,1,1,2,1,Calle 77 X Carrera 54,143
11305,A00000611,jul/29/2019 08:30 p. m.,2,d,Choque,jul/29/2019 08:30 p. m.,1,1,1,1,1,Calle 77 X Carrera 54,143
11306,A00000612,jul/30/2019 02:15 p. m.,23,d,Choque,jul/30/2019 02:15 p. m.,1,1,1,1,1,Calle 79 Sur X Carrera 52,143
11307,A00000613,jul/30/2019 02:40 p. m.,4,h,Choque,jul/30/2019 02:40 p. m.,1,1,1,1,1,Carrera 48 X Calle 79C Sur,143
11308,A00000614,jul/30/2019 03:00 p. m.,2,d,Choque,jul/30/2019 03:00 p. m.,1,1,1,1,1,Carrera 47 X Calle 100 Sur,143
11309,A00000615,jul/31/2019 02:40 p. m.,15,d,Choque,jul/31/2019 02:40 p. m.,1,1,1,1,1,Calle 73 X Carrera 64,143
11310,A00000616,jul/31/2019 12:00 p. m.,2,h,Caida Ocupante,jul/31/2019 12:00 p. m.,1,1,1,1,1,Carrera 50 X Calle 98 Sur,140
11311,A00000617,jul/31/2019 12:00 p. m.,3,h,Atropello,jul/31/2019 12:00 p. m.,1,1,1,1,1,Carrera 50 X Calle 79 Sur,409
9595,A00000014,ene/09/2018 06:45 a. m.,14,h,Choque,ene/09/2018 06:45 a. m.,1,1,1,1,1,Carrera 50 X Calle 88A Sur,143
9598,A0000024,ene/10/2018 09:55 a. m.,23,d,Choque,ene/10/2018 09:55 a. m.,1,1,1,1,1,Carrera 55 X Calle 79 Sur,143
9621,A000829121,jun/15/2018 02:00 p. m.,10,d,Choque,jun/15/2018 02:00 p. m.,1,1,1,1,1,Carrera 59 X Calle 79 Sur,143
9625,A000829122,jun/15/2018 12:00 a. m.,2,h,Caida Ocupante,jun/15/2018 12:00 a. m.,1,1,1,1,1,Carrera 50 X Calle 98 Sur,140
9628,A000829123,jun/16/2018 01:40 p. m.,12,h,Choque,jun/16/2018 01:40 p. m.,1,1,1,1,1,Carrera 50 X Calle 96A Sur,143
9630,A000829124,jun/15/2018 04:45 p. m.,3,h,Choque,jun/15/2018 04:45 p. m.,1,1,1,1,1,Calle 100 Sur X Carrera 47,143
9631,A000829125,jun/16/2018 10:30 p. m.,5,h,Atropello,jun/16/2018 10:30 p. m.,1,1,1,1,1,Calle 95 Sur X Carrera 57,409
9662,A00001033,nov/16/2017 11:15 a. m.,3,d,Choque,nov/16/2017 11:15 a. m.,1,1,1,1,1,Calle 79B Sur X Carrera 50,143
9715,A00000189,mar/06/2018 05:55 p. m.,4,d,Choque,mar/06/2018 05:55 p. m.,1,1,1,1,1,Carrera 50 X Calle 79C Sur,143
9717,A00000266,abr/01/2018 09:40 p. m.,3,d,Choque,abr/01/2018 09:40 p. m.,1,1,1,1,1,Carrera 50 X Calle 102 Sur,143
9718,A00000118,feb/12/2018 07:00 a. m.,23,d,Choque,feb/12/2018 07:00 a. m.,1,1,1,1,1,Calle 78A Sur X Carrera 52,143
9719,A00000124,feb/12/2018 06:45 p. m.,23,h,Choque,feb/12/2018 06:45 p. m.,1,1,1,1,1,Carrera 53 X Calle 78 Sur,143
9721,A00001114,dic/09/2017 02:30 p. m.,26,h,Caida Ocupante,dic/09/2017 02:30 p. m.,1,1,1,1,1,Calle 83A Sur X Carrera 59,502
9778,A000829201,jul/15/2018 09:20 p. m.,21,h,Caida Ocupante,jul/15/2018 09:20 p. m.,1,1,1,1,1,Calle 81 Sur X Carrera 65,140
9779,A000829204,jul/16/2018 04:30 p. m.,20,h,Atropello,jul/16/2018 04:30 p. m.,1,1,1,1,1,Carrera 63 X Calle 79 Sur,409
9780,A000829205,jul/16/2018 04:30 p. m.,18,d,Choque,jul/16/2018 04:30 p. m.,1,1,1,1,1,Carrera 50 X Calle 77 Sur,143
9781,A000829206,jul/15/2018 09:00 p. m.,2,h,Caida Ocupante,jul/15/2018 09:00 p. m.,1,1,1,1,1,Calle 100 Sur X Carrera 49,140
9782,A000829207,jul/16/2018 05:35 p. m.,7,h,Caida Ocupante,jul/16/2018 05:35 p. m.,1,1,1,1,1,Calle 82 Sur X Carrera 55,140
9783,A000829208,jul/16/2018 10:10 p. m.,2,d,Volcamiento,jul/16/2018 10:10 p. m.,1,1,1,1,1,Calle 100 Sur X Carrera 65,143
9784,A000829210,jul/17/2018 05:00 p. m.,2,h,Choque,jul/17/2018 05:00 p. m.,1,1,1,1,1,Carrera 50 X Calle 94 Sur,143
9785,A000829198,jul/14/2018 06:00 p. m.,3,h,Atropello,jul/14/2018 06:00 p. m.,1,1,1,1,1,Carrera 50 X Calle 87 Sur,409
9787,A000829214,jul/17/2018 01:30 p. m.,23,d,Choque,jul/17/2018 01:30 p. m.,1,1,1,1,1,Carrera 53 X Calle 77 Sur,143
9792,A000829216,jul/18/2018 06:50 p. m.,3,d,Choque,jul/18/2018 06:50 p. m.,1,1,1,1,1,Carrera 50 X Calle 79C Sur,143
9793,A000829219,jul/19/2018 05:30 p. m.,11,h,Caida Ocupante,jul/19/2018 05:30 p. m.,1,1,1,1,1,Calle 74 Sur X Carrera 66,143
9794,A000829203,jul/14/2018 04:30 a. m.,3,h,Choque,jul/14/2018 04:30 a. m.,1,1,1,1,1,Carrera 50 X Calle 97B Sur,143
9848,A000829252,jul/30/2018 05:30 p. m.,23,d,Choque,jul/30/2018 05:30 p. m.,1,1,1,10,1,Calle 80A Sur X Carrera 56D,143
9849,A000829256,jul/31/2018 08:20 a. m.,14,h,Choque,jul/31/2018 08:20 a. m.,1,1,1,2,1,Carrera 50 X Calle 83 Sur,143
9850,A000829253,jul/30/2018 06:00 p. m.,2,h,Caida Ocupante,jul/30/2018 06:00 p. m.,1,1,1,1,1,Carrera 50 X Calle 102 Sur,140
9851,A000829254,jul/30/2018 05:50 p. m.,13,h,Choque,jul/30/2018 05:50 p. m.,1,1,1,2,2,Carrera 50 X Calle 97B Sur,143
9852,A000829255,jul/31/2018 10:30 a. m.,24,h,Caida Ocupante,jul/31/2018 10:30 a. m.,1,1,1,1,1,Calle 87 Sur X Carrera 65,140
9853,A000829257,jul/31/2018 06:10 a. m.,23,h,Choque,jul/31/2018 06:10 a. m.,1,1,1,2,1,Calle 77 Sur X Carrera 53,143
9854,A000829258,jul/29/2018 05:20 p. m.,23,d,Choque,jul/29/2018 05:20 p. m.,1,1,1,1,1,Calle 99 Sur X Carrera 57,143
9855,A000829259,jul/30/2018 12:22 p. m.,12,h,Caida Ocupante,jul/30/2018 12:22 p. m.,1,1,1,1,1,Carrera 50 X Calle 96 Sur,140
9856,A000829260,jul/31/2018 06:00 p. m.,15,h,Atropello,jul/31/2018 06:00 p. m.,1,1,1,1,1,Carrera 62A X Calle 74 Sur,409
9857,A000829261,jul/31/2018 06:20 a. m.,3,d,Choque,jul/31/2018 06:20 a. m.,1,1,1,2,1,Carrera 50 X Calle 79 Sur,143
9928,A000829300,ago/16/2018 06:30 a. m.,19,h,Atropello,ago/16/2018 06:30 a. m.,1,1,1,10,1,Calle 77 Sur X Carrera 60,409
9955,A00000424,may/27/2018 03:20 p. m.,14,h,Choque,may/27/2018 03:20 p. m.,1,1,1,1,1,Calle 87 Sur X Carrera 55,143
9956,A00000435,may/29/2018 11:00 a. m.,3,d,Choque,may/29/2018 11:00 a. m.,1,1,1,2,1,Calle 79C Sur X Carrera 55,143
9957,A00000276,abr/06/2018 11:10 a. m.,14,d,Choque,abr/06/2018 11:10 a. m.,1,1,1,2,1,Carrera 55 X Calle 83C Sur,143
10189,A00000243,mar/17/2018 10:15 a. m.,4,h,Choque,mar/17/2018 10:15 a. m.,1,1,1,1,1,Carrera 50 X Calle 48 Sur,143
10190,A00000253,mar/25/2018 10:50 p. m.,18,d,Choque,mar/25/2018 10:50 p. m.,1,1,1,1,1,Carrera 50A X Calle 77 Sur,140
10281,A00000314,abr/18/2018 06:30 a. m.,3,h,Atropello,abr/18/2018 06:30 a. m.,1,1,1,1,1,Carrera 50 X Calle 97 Sur,409
10283,A00000383,may/13/2018 04:20 a. m.,12,h,Atropello,may/13/2018 04:20 a. m.,1,1,1,1,1,Calle 96B Sur X Carrera 50AA,409
10285,A00000773,sept/24/2018 07:00 p. m.,19,h,Atropello,sept/24/2018 07:00 p. m.,1,1,1,1,1,Calle 77 Sur X Carrera 61,409
10286,A00000768,sept/22/2018 07:50 p. m.,22,h,Choque,sept/22/2018 07:50 p. m.,1,1,1,1,1,Calle 82 Sur X Carrera 52,143
10287,A00000842,oct/15/2018 08:00 p. m.,15,d,Choque,oct/15/2018 08:00 p. m.,1,1,1,1,1,Carrera 62 X Calle 74 Sur,143
10313,A00000162,feb/26/2018 05:10 a. m.,4,h,Choque,feb/26/2018 05:10 a. m.,1,1,1,1,1,Carrera 48 X Calle 100 Sur,140
10314,A00000791,sept/28/2018 01:05 p. m.,1,h,Atropello,sept/28/2018 01:05 p. m.,1,1,1,1,1,Calle 77 Sur X Carrera 61,409
10316,A00000796,oct/01/2018 11:40 a. m.,2,h,Choque,oct/01/2018 11:40 a. m.,1,1,1,1,1,Carrera 50 X Calle 98 Sur,143
10323,A0000035,ene/14/2018 09:30 p. m.,16,h,Atropello,ene/14/2018 09:30 p. m.,1,1,1,1,1,Calle 82 Sur X Carrera 57B,409
10324,A0000037,ene/15/2018 07:10 a. m.,22,h,Caida Ocupante,ene/15/2018 07:10 a. m.,1,1,1,1,1,Calle 82 Sur X Carrera 57,140
10391,A00000231,mar/16/2018 07:20 a. m.,3,h,Caida Ocupante,mar/16/2018 07:20 a. m.,1,1,1,1,1,Carrera 50 X Calle 88 Sur,143
10585,A00000843,oct/15/2018 07:10 a. m.,3,h,Caida Ocupante,oct/15/2018 07:10 a. m.,1,1,1,1,1,Carrera 50 X Calle 80 Sur,143
10604,A00000200,mar/06/2019 06:15 p. m.,1,h,Choque,mar/06/2019 06:15 p. m.,1,1,1,7,1,Calle 82A Sur X Carrera 55,143
10609,A00000343,abr/28/2018 06:30 a. m.,1,h,Atropello,abr/28/2018 06:30 a. m.,1,1,1,1,1,Carrera 50 X Calle 79 Sur,143
10718,A00000009,ene/05/2019 06:30 p. m.,24,h,Caida Ocupante,ene/05/2019 06:30 p. m.,1,1,1,1,1,Calle 87 Sur X Carrera 64,143
10786,A00000980,dic/05/2018 08:40 p. m.,19,d,Choque,dic/05/2018 08:40 p. m.,1,1,1,1,1,Calle 77 Sur X Carrera 54,143
10787,A00000983,dic/04/2018 07:30 a. m.,4,h,Choque,dic/04/2018 07:30 a. m.,1,1,1,1,1,Carrera 48 X Calle 98 Sur,143
10788,A00000266,mar/31/2019 04:40 p. m.,2,d,Choque,mar/31/2019 04:40 p. m.,1,1,1,1,1,Carrera 49D X Calle 100BB Sur,143
10789,A00000267,mar/31/2019 10:30 a. m.,3,h,Caida Ocupante,mar/31/2019 10:30 a. m.,1,1,1,1,1,Carrera 50 X Calle 88 Sur,143
10790,A00000268,abr/01/2019 10:30 a. m.,1,h,Atropello,abr/01/2019 10:30 a. m.,1,1,1,1,1,Carrera 62 X Calle 79 Sur,143
10791,A00000269,mar/30/2019 06:30 a. m.,4,h,Choque,mar/30/2019 06:30 a. m.,1,1,1,1,1,Carrera 48 X Calle 79C Sur,143
10800,A00001013,dic/13/2018 06:30 a. m.,23,h,Choque,dic/13/2018 06:30 a. m.,1,1,1,2,1,Calle 77 Sur X Carrera 53,143
10801,A00001015,dic/14/2018 12:40 p. m.,3,d,Choque,dic/14/2018 12:40 p. m.,1,1,1,10,1,Carrera 50 X Calle 80 Sur,143
10802,A00001016,dic/15/2018 01:00 p. m.,2,h,Choque,dic/15/2018 01:00 p. m.,1,1,1,1,1,Carrera 50 X Calle 100 Sur,143
10804,A00001019,dic/16/2018 11:20 a. m.,3,h,Caida Ocupante,dic/16/2018 11:20 a. m.,1,1,1,1,1,Carrera 50 X Calle 96 Sur,140
10805,A00001022,dic/17/2018 01:50 p. m.,18,h,Caida Ocupante,dic/17/2018 01:50 p. m.,1,1,1,1,1,Carrera 50 X Calle 77 Sur,140
10806,A00001023,dic/17/2018 06:00 p. m.,4,d,Choque,dic/17/2018 06:00 p. m.,1,1,1,1,1,Carrera 49 X Calle 79C Sur,143
10807,A00001026,dic/19/2018 07:00 a. m.,17,d,Choque,dic/19/2018 07:00 a. m.,1,1,1,2,1,Calle 80 Sur X Carrera 54,143
10912,A00000835,oct/11/2018 01:45 p. m.,2,h,Choque,oct/11/2018 01:45 p. m.,1,1,1,1,1,Calle 100B Sur X Carrera 52A,143
10913,A00000100,feb/03/2019 12:10 p. m.,3,d,Choque,feb/03/2019 12:10 p. m.,1,1,1,2,1,Carrera 50 X Calle 79 Sur,143
10914,A00000344,abr/26/2019 05:20 a. m.,18,d,Choque,abr/26/2019 05:20 a. m.,1,1,1,1,1,Calle 77 Sur X Carrera 52D,143
10915,A00000341,abr/25/2019 08:30 p. m.,3,h,Choque,abr/25/2019 08:30 p. m.,1,1,1,1,1,Carrera 50 X Calle 88A Sur,143
11058,A00000417,may/21/2019 06:40 a. m.,4,d,Choque,may/21/2019 06:40 a. m.,1,1,1,1,1,Carrera 48 X Calle 98 Sur,143
11059,A00000418,may/22/2019 06:40 a. m.,1,h,Caida Ocupante,may/22/2019 06:40 a. m.,1,1,1,1,1,Calle 81 Sur X Carrera 59,143
11130,A00000813,oct/06/2018 04:30 p. m.,26,d,Otro,oct/06/2018 04:30 p. m.,1,1,1,1,1,Calle 87 Sur X Carrera 55,143
11146,A00000174,feb/26/2019 02:50 p. m.,24,h,Choque,feb/26/2019 02:50 p. m.,1,1,1,1,1,Carrera 62 X Calle 87 Sur,143
11164,A00000125,feb/10/2019 06:00 p. m.,15,h,Atropello,feb/10/2019 06:00 p. m.,1,1,1,1,1,Carrera 62A X Calle 75AA Sur,143
11228,A00000041,ene/18/2019 01:00 p. m.,3,h,Choque,ene/18/2019 01:00 p. m.,1,1,1,1,1,Carrera 50 X Calle 94,143
11229,A00000940,nov/22/2018 06:40 a. m.,3,h,Choque,nov/22/2018 06:40 a. m.,1,1,1,1,1,Carrera 50 X Calle 79 Sur,143
11259,A00000598,jul/23/2019 07:00 a. m.,3,h,Caida Ocupante,jul/23/2019 07:00 a. m.,1,1,1,1,1,Carrera 50 X Calle 95 Sur,140
11260,A00000583,jul/21/2019 10:30 a. m.,12,h,Atropello,jul/21/2019 10:30 a. m.,1,1,1,1,1,Calle 94 Sur X Carrera 51,409
11261,A00000593,jul/22/2019 04:40 p. m.,2,h,Choque,jul/22/2019 04:40 p. m.,1,1,1,1,1,Carrera 50 X Calle 100B Sur,143
11262,A00000586,jul/17/2019 10:05 a. m.,2,d,Choque,jul/17/2019 10:05 a. m.,1,1,1,1,1,Carrera 50 X Calle 100,143
11263,A00000587,jul/22/2019 07:30 a. m.,15,d,Choque,jul/22/2019 07:30 a. m.,1,1,1,1,1,Carrera 62 X Calle 74 Sur,143
11264,A00000590,jul/22/2019 05:30 p. m.,23,h,Caida Ocupante,jul/22/2019 05:30 p. m.,1,1,1,1,1,Calle 79 X Carrera 52,140
11265,A00000591,jul/23/2019 06:00 p. m.,24,d,Choque,jul/23/2019 06:00 p. m.,1,1,1,1,1,Carrera 67A X Calle 86 Sur,140
11268,A00000157,feb/21/2019 07:00 p. m.,13,h,Choque,feb/21/2019 07:00 p. m.,1,1,1,1,1,Carrera 50 X Calle 97B Sur,143
11270,A00000105,feb/04/2019 06:30 a. m.,23,h,Choque,feb/04/2019 06:30 a. m.,1,1,1,1,1,Carrera 55 X Calle 79 Sur,143
11271,A00000057,ene/23/2019 01:30 p. m.,14,d,Choque,ene/23/2019 01:30 p. m.,1,1,1,1,1,Carrera 50 X Calle 83C Sur,143
11272,A00000103,feb/03/2019 01:30 p. m.,1,h,Atropello,feb/03/2019 01:30 p. m.,1,1,1,1,1,Carrera 61 X Calle 81 Sur,409
11348,A00000115,feb/06/2019 01:10 p. m.,3,h,Choque,feb/06/2019 01:10 p. m.,1,1,1,1,1,Carrera 50 X Calle 97B Sur,143
11349,A00000086,ene/31/2019 06:55 p. m.,7,h,Choque,ene/31/2019 06:55 p. m.,1,1,1,1,1,Calle 82A Sur X Carrera 56B,143
11375,A00000697,ago/26/2019 10:25 a. m.,8,d,Choque,ago/26/2019 10:25 a. m.,1,1,1,2,1,Calle 77 Sur X Carrera 55,143
11376,A00000671,ago/16/2019 05:10 p. m.,19,h,Caida Ocupante,ago/16/2019 05:10 p. m.,1,1,1,1,1,Calle 77 Sur X Carrera 57,140
11377,A00000672,ago/16/2019 04:20 p. m.,2,h,Choque,ago/16/2019 04:20 p. m.,1,1,1,1,1,Calle 100 Sur X Carrera 49B Sur,143
11378,A00000673,ago/16/2019 08:30 p. m.,3,h,Caida Ocupante,ago/16/2019 08:30 p. m.,1,1,1,1,1,Carrera 50 X Calle 98 Sur,143
11382,A00000674,ago/16/2019 07:00 p. m.,22,h,Otro,ago/16/2019 07:00 p. m.,1,1,1,1,1,Calle 83 Sur X Carrera 55,140
11383,A00000675,ago/16/2019 05:50 p. m.,3,h,Caida Ocupante,ago/16/2019 05:50 p. m.,1,1,1,1,1,Carrera 50 X Calle 79 Sur,140
11384,A00000676,ago/16/2019 04:30 p. m.,3,h,Choque,ago/16/2019 04:30 p. m.,1,1,1,1,1,Carrera 50 X Calle 91 Sur,143
11385,A00000677,ago/16/2019 09:30 p. m.,23,h,Choque,ago/16/2019 09:30 p. m.,1,1,1,1,1,Calle 77 Sur X Carrera 52,143
11386,A00000678,ago/17/2019 03:40 p. m.,4,d,Choque,ago/17/2019 03:40 p. m.,1,1,1,1,1,Carrera 100 X Calle 48,143
11387,A00000679,ago/18/2019 07:00 a. m.,27,h,Caida Ocupante,ago/18/2019 07:00 a. m.,1,1,1,1,1,Carrera 54 X Calle 75AB Sur,140
11388,A00000680,ago/19/2019 01:35 p. m.,3,h,Otro,ago/19/2019 01:35 p. m.,1,1,1,1,1,Carrera 50 X Calle 98 Sur,140
9665,A000829144,jun/23/2018 06:00 a. m.,2,h,Choque,jun/23/2018 06:00 a. m.,1,1,1,1,1,Carrera 50 X Calle 100 Sur,143
9669,A000829146,jun/22/2018 08:30 a. m.,3,h,Caida Ocupante,jun/22/2018 08:30 a. m.,1,1,1,1,1,Carrera 50 X Calle 99 Sur,140
9670,A000829147,jun/24/2018 07:20 p. m.,3,d,Choque,jun/24/2018 07:20 p. m.,1,1,1,1,1,Carrera 50 X Calle 100B Sur,143
9671,A000829149,jun/25/2018 06:50 a. m.,3,d,Choque,jun/25/2018 06:50 a. m.,1,1,1,1,1,Carrera 50 X Calle 79B Sur,143
9713,A000829175,jul/08/2018 11:50 a. m.,20,d,Choque,jul/08/2018 11:50 a. m.,1,1,1,2,1,Carrera 63 X Calle 79 Sur,143
9714,A000829176,jul/08/2018 02:20 a. m.,13,h,Choque,jul/08/2018 02:20 a. m.,1,1,1,1,1,Carrera 50 X Calle 98 Sur,143