NRO_RADICADO,NUMERO_EXPEDIENTE,FECHA_ACCIDENTE,ID_ZONA,GRAVEDAD,DESC_CLASE_ACCIDENTE,HORA_ACCIDENTE,AREA,SECTOR,ZONA,DISENO,ESTADO_TIEMPO,VIA_ACCID,POSIBLE_CAUSA
9758,A00000134,feb/14/2018 08:00 a. m.,4,h,Choque,feb/14/2018 08:00 a. m.,1,1,1,1,1,Carrera 48 X Calle 100 Sur,121
9810,A000829229,jul/23/2018 06:26 p. m.,2,h,Choque,jul/23/2018 06:26 p. m.,1,1,1,2,1,Carrera 100 X Calle 48 Sur,143
9811,A000829231,jul/20/2018 06:30 a. m.,4,h,Caida Ocupante,jul/20/2018 06:30 a. m.,1,1,1,1,1,Carrera 50 X Calle 79C Sur,143
9812,A000829230,jul/23/2018 08:30 a. m.,1,h,Caida Ocupante,jul/23/2018 08:30 a. m.,1,1,1,1,1,Calle 83B Sur X Carrera 56,143
9847,A00000164,feb/18/2017 05:35 p. m.,1,h,Choque,feb/18/2017 05:35 p. m.,1,1,1,1,1,Carrera 62A X Calle 74 Sur,143
10204,A00001148,dic/17/2017 05:10 p. m.,8,h,Caida Ocupante,dic/17/2017 05:10 p. m.,1,1,1,1,1,Calle 77 Sur X Carrera 55,140
10205,A00001149,dic/18/2017 06:10 p. m.,17,h,Caida Ocupante,dic/18/2017 06:10 p. m.,1,1,1,1,1,Calle 80 Sur X Carrera 57,140
10206,A00001150,dic/19/2017 07:30 p. m.,2,h,Caida Ocupante,dic/19/2017 07:30 p. m.,1,1,1,1,1,Calle 100B Sur X Carrera 52,140
10207,A00001151,dic/19/2017 11:00 a. m.,2,h,Caida Ocupante,dic/19/2017 11:00 a. m.,1,1,1,1,1,Calle 100 Sur X Carrera 49B,140
10208,A00001155,dic/20/2017 11:30 a. m.,15,h,Caida Ocupante,dic/20/2017 11:30 a. m.,1,1,1,1,1,Carrera 62 X Calle 77 Sur,140
10209,A00001158,dic/21/2017 10:00 p. m.,19,h,Choque,dic/21/2017 10:00 p. m.,1,1,1,1,1,Calle 77 Sur X Carrera 53,143
10210,A00001165,dic/22/2017 03:00 a. m.,2,h,Caida Ocupante,dic/22/2017 03:00 a. m.,1,1,1,1,1,Calle 100 Sur X Carrera 49,140
10211,A00001166,dic/22/2017 07:30 p. m.,23,h,Caida Ocupante,dic/22/2017 07:30 p. m.,1,1,1,1,1,Calle 77 Sur X Carrera 53,140
10212,A00001168,dic/22/2017 07:00 a. m.,11,h,Caida Ocupante,dic/22/2017 07:00 a. m.,1,1,1,1,1,Carrera 65 X Calle 81 Sur,140
10213,A00001170,dic/25/2017 10:20 p. m.,15,h,Atropello,dic/25/2017 10:20 p. m.,1,1,1,1,1,Carrera 62A X Calle 73 Sur,409
10214,A00001178,dic/27/2017 06:00 a. m.,2,h,Atropello,dic/27/2017 06:00 a. m.,1,1,1,1,1,Carrera 50 X Calle 98 Sur,409
10215,A00001182,dic/29/2017 06:30 p. m.,17,h,Caida Ocupante,dic/29/2017 06:30 p. m.,1,1,1,1,1,Carrera 59 X Calle 79 Sur,140
10216,A00001186,dic/30/2017 08:00 a. m.,7,h,Caida Ocupante,dic/30/2017 08:00 a. m.,1,1,1,1,1,Carrera 56D X Calle 82 Sur,140
10217,A00001187,dic/31/2017 02:00 p. m.,2,h,Atropello,dic/31/2017 02:00 p. m.,1,1,1,1,1,Carrera 50 X Calle 100 Sur,409
10218,A00001164,dic/22/2017 03:00 p. m.,3,h,Caida Ocupante,dic/22/2017 03:00 p. m.,1,1,1,1,1,Carrera 50 X Calle 94 Sur,140
10294,A00000756,sept/18/2018 11:00 a. m.,18,h,Choque,sept/18/2018 11:00 a. m.,1,1,1,2,1,Calle 75AB Sur X Carrera 62,143
10342,A00000907,nov/08/2018 07:55 a. m.,3,d,Otro,nov/08/2018 07:55 a. m.,1,1,1,1,1,Carrera 50A X Calle 89 Sur,143
10343,A00000808,oct/03/2018 04:00 p. m.,24,d,Choque,oct/03/2018 04:00 p. m.,1,1,1,1,2,Calle 87 Sur X Carrera 65A,143
10344,A00000909,nov/06/2018 04:00 p. m.,2,d,Choque,nov/06/2018 04:00 p. m.,1,1,1,1,1,Carrera 48B X Calle 99 Sur,143
10382,A00000185,mar/06/2018 07:30 a. m.,3,h,Caida Ocupante,mar/06/2018 07:30 a. m.,1,1,1,1,1,Calle 77 Sur X Carrera 50,143
10383,A00000187,mar/06/2018 05:40 a. m.,23,h,Caida Ocupante,mar/06/2018 05:40 a. m.,1,1,1,1,1,Calle 77 Sur X Carrera 53,143
10384,A00000190,mar/06/2018 08:30 p. m.,18,h,Caida Ocupante,mar/06/2018 08:30 p. m.,1,1,1,1,1,Calle 77 Sur X Carrera 52D,143
10385,A00000197,mar/08/2018 04:25 p. m.,14,h,Caida Ocupante,mar/08/2018 04:25 p. m.,1,1,1,1,1,Carrera 50 X Calle 88 Sur,143
10386,A00000201,mar/10/2018 01:30 p. m.,2,h,Choque,mar/10/2018 01:30 p. m.,1,1,1,1,1,Carrera 50 X Calle 100B Sur,143
10411,A00000261,mar/23/2018 03:40 p. m.,14,h,Caida Ocupante,mar/23/2018 03:40 p. m.,1,1,1,1,1,Carrera 55 X Calle 87 Sur,143
10412,A00000262,mar/28/2018 09:30 p. m.,5,h,Caida Ocupante,mar/28/2018 09:30 p. m.,1,1,1,1,1,Calle 89 Sur X Carrera 50,143
10413,A00000263,mar/29/2018 11:30 p. m.,3,h,Caida Ocupante,mar/29/2018 11:30 p. m.,1,1,1,1,1,Calle 87 Sur X Carrera 55D,143
10414,A00000265,mar/30/2018 09:40 p. m.,3,h,Caida Ocupante,mar/30/2018 09:40 p. m.,1,1,1,1,1,Carrera 55 X Calle 80 Sur,143
10486,A00000833,oct/10/2018 07:00 a. m.,18,d,Choque,oct/10/2018 07:00 a. m.,1,1,1,1,1,Calle 77 Sur X Carrera 50A,143
10521,A00000826,oct/05/2018 07:20 a. m.,2,d,Choque,oct/05/2018 07:20 a. m.,1,1,1,1,1,Carrera 48 X Calle 98 Sur,143
10522,A00000851,oct/20/2018 06:10 a. m.,4,d,Choque,oct/20/2018 06:10 a. m.,1,1,1,1,1,Carrera 50 X Calle 79 Sur,143
10523,A00000857,oct/20/2018 03:50 p. m.,1,d,Choque,oct/20/2018 03:50 p. m.,1,1,1,1,1,Carrera 60 X Calle 76 Sur,143
10524,A00000999,dic/10/2018 06:30 p. m.,18,h,Caida Ocupante,dic/10/2018 06:30 p. m.,1,1,1,1,1,Calle 77 Sur X Carrera 49,143
10525,A00001004,dic/07/2018 01:45 p. m.,2,d,Choque,dic/07/2018 01:45 p. m.,1,1,1,1,1,Carrera 48 X Calle 100 Sur,143
10526,A00000816,oct/05/2018 11:20 a. m.,2,d,Choque,oct/05/2018 11:20 a. m.,1,1,1,1,1,Carrera 48 X Calle 100 Sur,143
10527,A00000425,may/27/2018 03:45 p. m.,17,h,Choque,may/27/2018 03:45 p. m.,1,1,1,1,1,Carrera 55 X Calle 80 Sur,143
10528,A00000935,nov/22/2018 03:00 p. m.,2,d,Choque,nov/22/2018 03:00 p. m.,1,1,1,1,1,Calle 100 Sur X Carrera 50,143
10529,A00000821,oct/09/2018 05:00 p. m.,17,d,Choque,oct/09/2018 05:00 p. m.,1,1,1,1,1,Calle 80 Sur X Carrera 54,143
10530,A00000997,dic/09/2018 02:20 p. m.,2,h,Caida Ocupante,dic/09/2018 02:20 p. m.,1,1,1,1,1,Calle 100 Sur X Carrera 49,143
10531,A00000991,dic/07/2018 07:45 p. m.,14,h,Atropello,dic/07/2018 07:45 p. m.,1,1,1,1,1,Carrera 49 X Calle 100 Sur,143
10532,A00001029,dic/19/2018 08:15 p. m.,19,h,Caida Ocupante,dic/19/2018 08:15 p. m.,1,1,1,1,1,Carrera 54 X Calle 75 Sur,143
10560,A00000052,ene/23/2019 03:00 p. m.,15,d,Choque,ene/23/2019 03:00 p. m.,1,1,1,1,1,Calle 73 Sur X Carrera 63B,143
11312,A00000618,jul/31/2019 07:20 a. m.,14,d,Choque,jul/31/2019 07:20 a. m.,1,1,1,1,1,Carrera 49D X Calle 88C Sur,143
11313,A00000625,ago/02/2019 06:00 p. m.,2,h,Caida Ocupante,ago/02/2019 06:00 p. m.,1,1,1,1,1,Calle 100 Sur X Carrera 48,140
11314,A00000175,feb/26/2019 08:30 p. m.,8,h,Choque,feb/26/2019 08:30 p. m.,1,1,1,1,1,Carrera 55 X Calle 77 Sur,143
11315,A00000126,feb/10/2019 04:35 p. m.,23,h,Choque,feb/10/2019 04:35 p. m.,1,1,1,1,1,Calle 75AB Sur X Carrera 53,143
11346,A00000161,feb/22/2019 05:45 p. m.,3,h,Atropello,feb/22/2019 05:45 p. m.,1,1,1,1,1,Carrera 50 X Calle 77 Sur,143
11396,A00000543,jul/05/2019 01:10 p. m.,15,d,Choque,jul/05/2019 01:10 p. m.,1,1,1,1,1,Carrera 62 X Calle 75 Sur,143
11416,A00000996,dic/08/2018 11:40 a. m.,3,h,Choque,dic/08/2018 11:40 a. m.,1,1,1,1,1,Carrera 50 X Calle 80A Sur,143
11450,A00000143,feb/18/2019 05:30 p. m.,26,h,Choque,feb/18/2019 05:30 p. m.,1,1,1,1,1,Calle 81 Sur X Carrera 66,143
11466,A00000366,may/01/2019 07:50 a. m.,3,h,Choque,may/01/2019 07:50 a. m.,1,1,1,1,1,Carrera 50 X Calle 91A Sur,143
11507,A00000987,dic/03/2018 04:00 p. m.,2,d,Choque,dic/03/2018 04:00 p. m.,1,1,1,1,1,Carrera 48D X Calle 100 Sur,143
11537,A00000390,may/10/2019 11:30 a. m.,3,d,Choque,may/10/2019 11:30 a. m.,1,1,1,1,1,Carrera 50 X Calle 94B Sur,143
11538,A00000042,ene/18/2019 05:30 p. m.,3,h,Choque,ene/18/2019 05:30 p. m.,1,1,1,1,1,Carrera 50 X Calle 79 Sur,143
11563,A00000827,oct/06/2019 04:25 p. m.,3,h,Choque,oct/06/2019 04:25 p. m.,1,1,1,1,1,Carrera 50 X Calle 94 Sur,143
11564,A00000828,oct/06/2019 11:10 a. m.,3,h,Choque,oct/06/2019 11:10 a. m.,1,1,1,1,1,Carrera 50 X Calle 94 Sur,143
11565,A00000830,oct/07/2019 06:10 a. m.,14,h,Caida Ocupante,oct/07/2019 06:10 a. m.,1,1,1,1,1,Carrera 54 X Calle 79 Sur,140
11566,A00000831,oct/08/2019 02:30 p. m.,18,h,Caida Ocupante,oct/08/2019 02:30 p. m.,1,1,1,1,1,Calle 77 Sur X Carrera 52D,140
11567,A00000834,oct/09/2019 09:10 a. m.,2,d,Choque,oct/09/2019 09:10 a. m.,1,1,1,1,1,Carrera 48B X Calle 99 Sur,143
11661,A00000923,nov/05/2019 08:10 a. m.,6,d,Choque,nov/05/2019 08:10 a. m.,1,1,1,1,1,Calle 79 Sur X Carrera 49,143
11662,A00000924,nov/05/2019 04:00 p. m.,4,d,Choque,nov/05/2019 04:00 p. m.,1,1,1,1,1,Carrera 50 X Calle 79C Sur,143
11685,A00000866,oct/23/2018 08:20 a. m.,1,d,Choque,oct/23/2018 08:20 a. m.,1,1,1,1,1,Carrera 50A X Calle 77 Sur,143
11704,A00000993,dic/01/2019 04:00 a. m.,12,h,Atropello,dic/01/2019 04:00 a. m.,1,1,1,1,1,Calle 95B Sur X Carrera 52,143
11705,A00000994,dic/02/2019 02:40 p. m.,17,d,Choque,dic/02/2019 02:40 p. m.,1,1,1,1,1,Calle 80 Sur X Carrera 56,143
11706,A00000995,dic/01/2019 08:15 p. m.,4,d,Choque,dic/01/2019 08:15 p. m.,1,2,4,1,1,Carrera 48 X Calle 100,143
11707,A00000971,nov/22/2019 05:00 a. m.,3,h,Caida Ocupante,nov/22/2019 05:00 a. m.,1,1,1,1,1,Carrera 50 X Calle 92 Sur,143
11730,A00000976,nov/24/2019 01:00 p. m.,1,d,Choque,nov/24/2019 01:00 p. m.,1,1,1,1,1,Carrera 61 X Calle 77 Sur,143
11749,A000001073,dic/27/2019 02:50 p. m.,19,h,Choque,dic/27/2019 02:50 p. m.,1,1,1,1,1,Carrera 60 X Calle 76 Sur,143
11753,A0000000022,ene/13/2020 01:30 p. m.,3,h,Atropello,ene/13/2020 01:30 p. m.,1,1,1,1,1,Carrera 48 X Calle 100,143
11754,A0000000024,ene/13/2020 04:20 p. m.,3,h,Choque,ene/13/2020 04:20 p. m.,1,1,1,1,1,Carrera 50 X Calle 98AA Sur,143
11755,A0000000025,ene/13/2020 05:15 p. m.,3,d,Choque,ene/13/2020 05:15 p. m.,1,1,1,1,1,Calle 79 Sur X Carrera 49,143
11765,A00000841,oct/25/2019 12:00 p. m.,26,d,Choque,oct/25/2019 12:00 p. m.,1,1,1,1,1,Carrera 48 X Calle 100,143
11767,A000001033,dic/12/2019 02:45 p. m.,18,d,Choque,dic/12/2019 02:45 p. m.,1,1,1,1,1,Calle 77 Sur X Carrera 50,143
11768,A000001011,dic/04/2019 10:35 a. m.,17,h,Caida Ocupante,dic/04/2019 10:35 a. m.,1,1,1,1,1,Calle 80 Sur X Carrera 55,143
11769,A000001017,dic/08/2019 02:15 p. m.,2,h,Volcamiento,dic/08/2019 02:15 p. m.,1,1,1,1,1,Carrera 50 X Calle 98 Sur,143
11770,A000001028,dic/12/2019 07:30 a. m.,3,d,Volcamiento,dic/12/2019 07:30 a. m.,1,1,1,1,1,Carrera 50 X Calle 79B Sur,143
11771,A000001031,dic/10/2019 09:00 p. m.,22,h,Caida Ocupante,dic/10/2019 09:00 p. m.,1,1,1,1,1,Calle 82 Sur X Carrera 57,143
11772,A000001032,dic/14/2019 05:40 a. m.,14,h,Caida Ocupante,dic/14/2019 05:40 a. m.,1,1,1,1,1,Carrera 50 X Calle 83B Sur,143
11785,A000001081,dic/30/2019 02:00 p. m.,27,h,Volcamiento,dic/30/2019 02:00 p. m.,1,1,1,1,1,Carrera 54 X Calle 73 Sur,306
11794,A0000000187,mar/02/2020 08:40 p. m.,17,d,Choque,mar/02/2020 08:40 p. m.,1,1,1,1,1,Calle 80 Sur X Carrera 56B,143
11799,A00000931,nov/07/2019 04:00 p. m.,4,h,Choque,nov/07/2019 04:00 p. m.,1,2,1,1,1,Calle 100 X Carrera 48,103
11808,A0000000147,feb/17/2020 03:40 p. m.,25,h,Atropello,feb/17/2020 03:40 p. m.,1,1,1,2,1,Calle 80 Sur X Carrera 59,143
11809,A00000785,sept/22/2019 01:30 p. m.,1,h,Choque,sept/22/2019 01:30 p. m.,1,3,1,1,1,Calle 80 Sur X Carrera 60,143
11810,A0000000197,mar/05/2020 09:50 a. m.,1,d,Choque,mar/05/2020 09:50 a. m.,1,3,1,1,1,Carrera 60 X Calle 77 Sur,139
11811,A0000000198,mar/05/2020 10:00 a. m.,1,h,Caida Ocupante,mar/05/2020 10:00 a. m.,1,3,1,2,1,Calle 77 Sur X Carrera 60,506
11813,A0000000180,feb/27/2020 06:00 a. m.,15,h,Choque,feb/27/2020 06:00 a. m.,1,3,1,2,1,Calle 73 Sur X Carrera 63A,104
11814,A0000000181,feb/28/2020 04:30 p. m.,3,h,Choque,feb/28/2020 04:30 p. m.,1,2,1,1,1,Carrera 50 X Calle 97B Sur,143
11820,A000001016,dic/07/2019 04:15 p. m.,18,d,Choque,dic/07/2019 04:15 p. m.,1,1,1,1,1,Calle 77 X Carrera 52,143
11851,A0000000163,feb/20/2020 07:30 a. m.,23,h,Volcamiento,feb/20/2020 07:30 a. m.,1,3,1,1,1,Carrera 54 X Calle 79C Sur,303
11853,A0000000162,feb/20/2020 07:45 a. m.,23,h,Volcamiento,feb/20/2020 07:45 a. m.,1,2,1,1,1,Calle 79 Sur X Carrera 52,303
11854,A0000000161,feb/20/2020 08:40 a. m.,18,h,Choque,feb/20/2020 08:40 a. m.,1,1,1,1,1,Carrera 52A X Calle 75AB Sur,138
11855,A0000000144,feb/12/2020 04:50 p. m.,2,h,Choque,feb/12/2020 04:50 p. m.,1,2,1,1,1,Calle 100 Sur X Carrera 48,157
11856,A0000000171,feb/24/2020 09:00 p. m.,15,h,Choque,feb/24/2020 09:00 p. m.,1,1,1,1,1,Carrera 62A X Calle 74 Sur,139
11857,A0000000166,feb/21/2020 06:00 p. m.,7,h,Caida Ocupante,feb/21/2020 06:00 p. m.,1,1,1,1,1,Calle 82 Sur X Carrera 56B,303
9605,A000829112,jun/11/2018 07:30 a. m.,1,d,Choque,jun/11/2018 07:30 a. m.,1,1,1,1,1,Calle 80 Sur X Carrera 61,143
9607,A00000186,mar/06/2018 10:20 a. m.,3,h,Atropello,mar/06/2018 10:20 a. m.,1,1,1,1,1,Carrera 50 X Calle 89 Sur,409
9608,A000829096,jun/02/2018 01:50 p. m.,8,h,Choque,jun/02/2018 01:50 p. m.,1,1,1,2,1,Calle 77 Sur X Carrera 55,143
9609,A000829097,jun/02/2018 08:45 p. m.,2,h,Choque,jun/02/2018 08:45 p. m.,1,1,1,1,1,Carrera 50 X Calle 100C Sur,143
9610,A000829113,jun/11/2018 12:00 p. m.,3,h,Atropello,jun/11/2018 12:00 p. m.,1,1,1,1,1,Carrera 50 X Calle 79 Sur,409
9691,A00000226,mar/15/2018 03:00 p. m.,3,d,Choque,mar/15/2018 03:00 p. m.,1,1,1,1,1,Carrera 50 X Calle 80 Sur,143
9692,A00000062,ene/25/2018 08:45 a. m.,3,h,Choque,ene/25/2018 08:45 a. m.,1,1,1,1,1,Carrera 50 X Calle 77 Sur,143
9757,A000829191,jul/12/2018 06:00 p. m.,19,h,Caida Ocupante,jul/12/2018 06:00 p. m.,1,1,1,1,1,Calle 77 Sur X Carrera 57,140
9759,A000829196,jul/13/2018 06:00 p. m.,3,d,Choque,jul/13/2018 06:00 p. m.,1,1,1,1,1,Carrera 50 X Calle 88 Sur,143
9935,A00000965,oct/18/2017 10:10 a. m.,5,h,Choque,oct/18/2017 10:10 a. m.,1,1,1,1,1,Carrera 50 X Calle 89 Sur,143
9936,A00000408,may/22/2018 07:30 p. m.,3,d,Choque,may/22/2018 07:30 p. m.,1,1,1,1,1,Carrera 50 X Calle 100 Sur,143
9937,A00000161,feb/26/2018 11:20 a. m.,23,d,Choque,feb/26/2018 11:20 a. m.,1,1,1,10,1,Carrera 54 X Calle 79AA Sur,143
9938,A00000305,abr/15/2018 07:15 p. m.,15,d,Choque,abr/15/2018 07:15 p. m.,1,1,1,1,1,Calle 73 Sur X Carrera 63,143
10011,A00000684,ago/25/2018 01:20 p. m.,23,h,Otro,ago/25/2018 01:20 p. m.,1,1,1,1,1,Calle 79 Sur X Carrera 52,143
10012,A00000680,ago/24/2018 11:00 p. m.,18,h,Caida Ocupante,ago/24/2018 11:00 p. m.,1,1,1,1,1,Calle 77 Sur X Carrera 54,143
10013,A00000678,ago/23/2018 02:10 a. m.,3,d,Choque,ago/23/2018 02:10 a. m.,1,1,1,1,1,Carrera 100 X Calle 48 Sur,143
10147,A00001037,nov/15/2017 05:20 p. m.,3,h,Caida Ocupante,nov/15/2017 05:20 p. m.,1,1,1,1,1,Carrera 62A X Calle 74 Sur,140
10148,A00001040,nov/19/2017 05:40 p. m.,23,h,Atropello,nov/19/2017 05:40 p. m.,1,1,1,1,1,Calle 79 Sur X Carrera 52,409
10149,A00001045,nov/21/2017 12:20 p. m.,18,h,Caida Ocupante,nov/21/2017 12:20 p. m.,1,1,1,1,1,Carrera 50A X Calle 77 Sur,140
10150,A00001058,nov/23/2017 04:10 p. m.,14,h,Caida Ocupante,nov/23/2017 04:10 p. m.,1,1,1,1,1,Calle 87 Sur X Carrera 55,140
10151,A00001062,nov/22/2017 05:20 a. m.,2,h,Otro,nov/22/2017 05:20 a. m.,1,1,1,1,1,Carrera 50 X Calle 99 Sur,140
10152,A00001066,nov/28/2017 04:20 p. m.,2,h,Caida Ocupante,nov/28/2017 04:20 p. m.,1,1,1,1,1,Calle 100 Sur X Carrera 54,140
10153,A00001069,nov/25/2017 02:00 p. m.,18,h,Caida Ocupante,nov/25/2017 02:00 p. m.,1,1,1,1,1,Calle 77 Sur X Carrera 50A,140
10154,A00001074,nov/25/2017 03:40 p. m.,26,h,Choque,nov/25/2017 03:40 p. m.,1,1,1,1,1,Calle 76A Sur X Carrera 55,143
10155,A00001079,nov/30/2017 02:00 p. m.,15,h,Caida Ocupante,nov/30/2017 02:00 p. m.,1,1,1,1,1,Carrera 63 X Calle 74 Sur,140
10156,A00001084,nov/30/2017 07:55 a. m.,18,h,Caida Ocupante,nov/30/2017 07:55 a. m.,1,1,1,7,1,Calle 77 Sur X Carrera 50A,140
10157,A00001086,dic/01/2017 07:10 a. m.,3,h,Choque,dic/01/2017 07:10 a. m.,1,1,1,1,1,Carrera 50 X Calle 88A Sur,143
10263,A00000413,abr/29/2017 07:30 a. m.,3,h,Caida Ocupante,abr/29/2017 07:30 a. m.,1,1,1,1,1,Carrera 50 X Calle 93 Sur,140
10264,A00000414,abr/29/2017 11:10 p. m.,3,h,Caida Ocupante,abr/29/2017 11:10 p. m.,1,1,1,1,1,Carrera 50 X Calle 97B Sur,140
10265,A00000418,abr/29/2017 02:30 p. m.,23,h,Caida Ocupante,abr/29/2017 02:30 p. m.,1,1,1,1,1,Carrera 55 X Calle 80 Sur,140
10266,A00000422,abr/29/2017 12:40 p. m.,16,h,Caida Ocupante,abr/29/2017 12:40 p. m.,1,1,1,1,1,Calle 83B Sur X Carrera 52,140
10267,A00000384,abr/19/2017 12:30 p. m.,20,h,Atropello,abr/19/2017 12:30 p. m.,1,1,1,1,1,Calle 77 Sur X Carrera 63B,409
10268,A00000423,may/01/2017 07:40 a. m.,3,h,Caida Ocupante,may/01/2017 07:40 a. m.,1,1,1,1,1,Carrera 50 X Calle 79 Sur,140
10269,A00000425,may/02/2017 07:40 a. m.,6,h,Caida Ocupante,may/02/2017 07:40 a. m.,1,1,1,1,1,Carrera 55 X Calle 80 Sur,140
10270,A00000426,may/02/2017 04:15 p. m.,15,h,Caida Ocupante,may/02/2017 04:15 p. m.,1,1,1,1,1,Calle 74 Sur X Carrera 63,140
10271,A00000427,may/02/2017 07:45 a. m.,23,h,Otro,may/02/2017 07:45 a. m.,1,1,1,1,1,Calle 79 Sur X Carrera 52,140
10279,A00000757,sept/19/2018 08:18 p. m.,16,h,Choque,sept/19/2018 08:18 p. m.,1,1,1,1,1,Carrera 55 X Calle 83C Sur,143
10298,A00000928,nov/17/2018 10:30 a. m.,2,h,Choque,nov/17/2018 10:30 a. m.,1,1,1,1,1,Carrera 50 X Calle 101 Sur,143
10393,A00000233,mar/16/2018 06:00 p. m.,22,h,Caida Ocupante,mar/16/2018 06:00 p. m.,1,1,1,1,1,Calle 83A Sur X Carrera 60,143
10395,A00000238,mar/20/2018 08:30 p. m.,15,h,Choque,mar/20/2018 08:30 p. m.,1,1,1,1,1,Carrera 62A Sur X Calle 75 Sur,143
10406,A00000242,mar/21/2018 11:00 a. m.,18,h,Caida Ocupante,mar/21/2018 11:00 a. m.,1,1,1,1,1,Carrera 52 X Calle 77 Sur,143
10418,A00000204,mar/10/2018 03:00 p. m.,3,d,Choque,mar/10/2018 03:00 p. m.,1,1,1,1,1,Carrera 50 X Calle 77 Sur,143
10421,A00000210,mar/13/2018 02:00 p. m.,23,d,Choque,mar/13/2018 02:00 p. m.,1,1,1,1,1,Carrera 54 X Calle 79B Sur,143
10440,A00000330,abr/17/2018 04:30 p. m.,18,h,Caida Ocupante,abr/17/2018 04:30 p. m.,1,1,1,1,1,Calle 77 Sur X Carrera 52D,143
10441,A00000335,abr/26/2018 11:20 a. m.,4,h,Caida Ocupante,abr/26/2018 11:20 a. m.,1,1,1,1,1,Carrera 48 X Calle 79C Sur,143
10442,A00000339,abr/27/2018 08:30 p. m.,17,h,Caida Ocupante,abr/27/2018 08:30 p. m.,1,1,1,1,1,Calle 80 Sur X Carrera 59,143
10451,A00000847,oct/18/2018 07:00 a. m.,3,d,Choque,oct/18/2018 07:00 a. m.,1,1,1,1,1,Carrera 50 X Calle 80 Sur,143
10452,A00000366,may/07/2018 10:55 a. m.,10,h,Choque,may/07/2018 10:55 a. m.,1,1,1,1,1,Calle 79 Sur X Carrera 60,143
10453,A00000373,may/10/2018 06:33 a. m.,24,h,Caida Ocupante,may/10/2018 06:33 a. m.,1,1,1,1,1,Calle 87 Sur X Carrera 55,143
10454,A00000374,may/10/2018 05:20 p. m.,9,h,Caida Ocupante,may/10/2018 05:20 p. m.,1,1,1,1,1,Calle 75 Sur X Carrera 54,143
10455,A00000360,may/04/2018 05:50 a. m.,23,h,Caida Ocupante,may/04/2018 05:50 a. m.,1,1,1,1,1,Calle 79 Sur X Carrera 52,143
10456,A00000362,may/05/2018 09:30 a. m.,14,h,Caida Ocupante,may/05/2018 09:30 a. m.,1,1,1,1,1,Carrera 50 X Calle 90 Sur,143
10467,A00000380,may/13/2018 09:20 p. m.,9,h,Caida Ocupante,may/13/2018 09:20 p. m.,1,1,1,1,1,Calle 74 Sur X Carrera 56,143
10630,A00000188,mar/03/2019 09:20 p. m.,2,d,Volcamiento,mar/03/2019 09:20 p. m.,1,1,1,1,1,Carrera 48 X Calle 98 Sur,143
10631,A00000213,mar/13/2019 03:45 p. m.,18,h,Caida Ocupante,mar/13/2019 03:45 p. m.,1,1,1,1,1,Calle 77 Sur X Carrera 50A,143
10834,A00000993,dic/08/2018 06:40 p. m.,21,h,Atropello,dic/08/2018 06:40 p. m.,1,1,1,1,1,Calle 87 Sur X Carrera 65,143
10835,A00000846,oct/16/2018 09:50 p. m.,3,d,Choque,oct/16/2018 09:50 p. m.,1,1,1,1,1,Carrera 50 X Calle 80 Sur,143
10836,A00000982,dic/05/2018 01:40 p. m.,1,d,Choque,dic/05/2018 01:40 p. m.,1,1,1,1,1,Carrera 60 X Calle 81 Sur,143
10837,A00000870,oct/25/2018 10:20 a. m.,2,d,Choque,oct/25/2018 10:20 a. m.,1,1,1,1,1,Calle 100 Sur X Carrera 53,143
10838,A00000873,oct/26/2018 05:20 p. m.,8,h,Otro,oct/26/2018 05:20 p. m.,1,1,1,1,1,Carrera 55 X Calle 77 Sur,143
10839,A00000810,oct/03/2018 01:00 p. m.,4,d,Choque,oct/03/2018 01:00 p. m.,1,1,1,1,1,Carrera 48 X Calle 98 Sur,143
10964,A00000910,nov/08/2018 11:20 a. m.,8,h,Atropello,nov/08/2018 11:20 a. m.,1,1,1,1,1,Calle 77 Sur X Carrera 50A,143
10965,A00000911,nov/12/2018 07:50 a. m.,15,d,Choque,nov/12/2018 07:50 a. m.,1,1,1,1,1,Carrera 62A X Calle 74 Sur,143
10966,A00000176,feb/27/2019 07:30 a. m.,3,d,Choque,feb/27/2019 07:30 a. m.,1,1,1,1,1,Calle 80 Sur X Carrera 50,143
10969,A00000170,feb/25/2019 09:50 p. m.,19,h,Choque,feb/25/2019 09:50 p. m.,1,1,1,1,1,Calle 77 Sur X Carrera 55,143
10972,A00000060,ene/24/2019 06:20 p. m.,19,d,Choque,ene/24/2019 06:20 p. m.,1,1,1,1,1,Carrera 54 X Calle 75AA Sur,143
11103,A00000461,jun/06/2019 06:10 a. m.,4,h,Choque,jun/06/2019 06:10 a. m.,1,1,1,1,1,Carrera 48 X Calle 79C Sur,143
11104,A00000092,feb/02/2019 07:50 a. m.,3,h,Choque,feb/02/2019 07:50 a. m.,1,1,1,1,1,Carrera 50 X Calle 97A Sur,143
11128,A00000098,feb/03/2019 02:20 p. m.,3,h,Choque,feb/03/2019 02:20 p. m.,1,1,1,1,1,Carrera 50 X Calle 91 Sur,143