NRO_RADICADO,NUMERO_EXPEDIENTE,FECHA_ACCIDENTE,ID_ZONA,GRAVEDAD,DESC_CLASE_ACCIDENTE,HORA_ACCIDENTE,AREA,SECTOR,ZONA,DISENO,ESTADO_TIEMPO,VIA_ACCID,POSIBLE_CAUSA
11149,A00000130,feb/07/2019 04:20 p. m.,1,h,Choque,feb/07/2019 04:20 p. m.,1,1,1,1,1,Carrera 48 X Calle 100 Sur,103
11150,A00000774,sept/21/2018 08:00 a. m.,1,h,Choque,sept/21/2018 08:00 a. m.,1,3,4,1,1,Carrera 48 X Calle 100 Sur,157
11166,A00000150,feb/20/2019 09:00 a. m.,3,h,Choque,feb/20/2019 09:00 a. m.,1,1,1,1,1,Calle 80 Sur X Carrera 54,143
11170,A00000140,feb/14/2019 03:00 p. m.,3,d,Choque,feb/14/2019 03:00 p. m.,1,1,1,1,1,Carrera 50 X Calle 79 Sur,143
11273,A00001047,dic/28/2018 10:45 a. m.,3,d,Choque,dic/28/2018 10:45 a. m.,1,1,1,1,1,Carrera 50 X Calle 100 Sur,143
11358,A00000853,oct/20/2018 06:00 a. m.,19,h,Choque,oct/20/2018 06:00 a. m.,1,1,1,1,1,Calle 77 Sur X Carrera 54,143
11359,A00000114,feb/06/2019 01:10 p. m.,18,d,Choque,feb/06/2019 01:10 p. m.,1,1,1,1,1,Carrera 50 X Calle 77 Sur,143
11379,A00000112,feb/05/2019 07:20 p. m.,18,d,Choque,feb/05/2019 07:20 p. m.,1,1,1,1,1,Calle 77 Sur X Carrera 52D,143
11389,A00000681,ago/19/2019 02:50 p. m.,15,d,Choque,ago/19/2019 02:50 p. m.,1,1,1,1,1,Carrera 62 X Calle 77 Sur,143
11390,A00000682,ago/20/2019 03:50 p. m.,8,d,Choque,ago/20/2019 03:50 p. m.,1,1,1,1,1,Calle 79 Sur X Carrera 54,143
11391,A00000683,ago/21/2019 01:10 p. m.,18,h,Choque,ago/21/2019 01:10 p. m.,1,1,1,1,1,Calle 77 Sur X Carrera 50A,143
11392,A00000684,ago/21/2019 07:50 p. m.,3,h,Caida Ocupante,ago/21/2019 07:50 p. m.,1,1,1,1,1,Carrera 50 X Calle 88AA Sur,140
11395,A00000805,oct/01/2018 10:30 p. m.,3,h,Choque,oct/01/2018 10:30 p. m.,1,1,1,1,1,Carrera 50 X Calle 96 Sur,143
11397,A00000503,jun/22/2019 06:30 a. m.,9,d,Choque,jun/22/2019 06:30 a. m.,1,1,1,1,1,Calle 74 Sur X Carrera 57,143
11398,A00000303,abr/11/2019 06:40 p. m.,23,d,Choque,abr/11/2019 06:40 p. m.,1,1,1,1,1,Calle 79C Sur X Carrera 55,143
11408,A00000703,ago/27/2019 01:30 p. m.,1,d,Choque,ago/27/2019 01:30 p. m.,1,1,1,1,1,Calle 81 Sur X Carrera 60,143
11409,A00000735,sept/05/2019 05:20 p. m.,4,h,Choque,sept/05/2019 05:20 p. m.,1,1,1,1,1,Carrera 100 X Calle 48,143
11410,A00000687,ago/22/2019 09:00 a. m.,18,h,Caida Ocupante,ago/22/2019 09:00 a. m.,1,1,1,1,1,Carrera 50A X Calle 77 Sur,140
11412,A00000688,ago/23/2019 08:00 p. m.,3,d,Choque,ago/23/2019 08:00 p. m.,1,1,1,1,1,Carrera 50 X Calle 80 Sur,140
11413,A00000689,ago/23/2019 08:00 a. m.,3,h,Caida Ocupante,ago/23/2019 08:00 a. m.,1,1,1,1,1,Carrera 50 X Calle 80 Sur,140
11414,A00000690,ago/23/2019 03:30 p. m.,3,d,Choque,ago/23/2019 03:30 p. m.,1,1,1,1,1,Carrera 50 X Calle 80 Sur,143
11415,A00000691,ago/23/2019 12:40 p. m.,20,d,Choque,ago/23/2019 12:40 p. m.,1,1,1,1,1,Carrera 63 X Calle 77 Sur,143
11424,A00000556,jul/08/2019 05:10 p. m.,4,d,Choque,jul/08/2019 05:10 p. m.,1,1,1,1,1,Carrera 48 X Calle 98,143
11437,A00000580,jul/18/2019 05:40 p. m.,17,d,Choque,jul/18/2019 05:40 p. m.,1,1,1,1,1,Carrera 55 X Calle 80 Sur,143
11455,A00000551,jul/07/2019 09:00 p. m.,26,d,Choque,jul/07/2019 09:00 p. m.,1,1,1,1,1,Carrera 60 X Calle 83 Sur,143
11480,A00000552,jul/08/2019 02:10 p. m.,15,h,Choque,jul/08/2019 02:10 p. m.,1,1,1,1,1,Calle 75AA Sur X Carrera 62A,143
11525,A00000730,sept/05/2019 02:00 p. m.,3,d,Choque,sept/05/2019 02:00 p. m.,1,1,1,1,1,Carrera 50 X Calle 79 Sur,143
11533,A00000742,sept/11/2019 09:40 p. m.,8,h,Choque,sept/11/2019 09:40 p. m.,1,1,1,1,1,Calle 77 Sur X Carrera 53,143
11534,A00000926,nov/17/2018 07:00 p. m.,1,d,Choque,nov/17/2018 07:00 p. m.,1,1,1,1,1,Carrera 62 X Calle 74 Sur,143
11562,A00000739,sept/10/2019 09:30 a. m.,4,h,Choque,sept/10/2019 09:30 a. m.,1,1,1,1,1,Carrera 47 X Calle 100 Sur,143
11586,A00000661,jul/07/2019 11:40 a. m.,1,d,Choque,jul/07/2019 11:40 a. m.,1,1,1,1,1,Carrera 48 X Calle 100 Sur,121
11598,A00000870,oct/21/2019 05:20 p. m.,19,d,Choque,oct/21/2019 05:20 p. m.,1,1,1,1,1,Calle 77 Sur X Carrera 53,143
11599,A00000868,oct/19/2019 04:10 p. m.,3,h,Caida Ocupante,oct/19/2019 04:10 p. m.,1,1,1,11,1,Carrera 50 X Calle 96 Sur,140
11600,A00000869,oct/20/2019 10:10 a. m.,1,h,Choque,oct/20/2019 10:10 a. m.,1,1,1,2,1,Carrera 59 X Calle 80 Sur,143
11601,A00000871,oct/21/2019 04:40 p. m.,18,d,Choque,oct/21/2019 04:40 p. m.,1,1,1,1,1,Carrera 50 X Calle 76D Sur,143
11683,A00000970,nov/23/2019 02:40 p. m.,23,d,Choque,nov/23/2019 02:40 p. m.,1,1,1,1,1,Carrera 55 X Calle 79B Sur,143
9666,A0000077,ene/30/2018 09:20 a. m.,1,d,Choque,ene/30/2018 09:20 a. m.,1,1,1,1,1,Carrera 50 X Calle 79C Sur,143
9668,A00000918,oct/01/2017 09:25 p. m.,1,m,Caida Ocupante,oct/01/2017 09:25 p. m.,1,1,1,1,1,Carrera 50 X Calle 97A Sur,143
9921,A00000396,may/17/2018 01:30 p. m.,2,d,Choque,may/17/2018 01:30 p. m.,1,1,1,1,1,Carrera 48 X Calle 100D Sur,143
9922,A00000390,may/16/2018 07:35 a. m.,3,h,Choque,may/16/2018 07:35 a. m.,1,1,1,1,1,Carrera 50 X Calle 83C Sur,143
9923,A00000371,may/08/2018 08:10 a. m.,23,d,Choque,may/08/2018 08:10 a. m.,1,1,1,1,2,Carrera 53 X Calle 78 Sur,143
9924,A00001180,dic/28/2017 12:40 p. m.,23,d,Choque,dic/28/2017 12:40 p. m.,1,1,1,1,1,Carrera 50 X Calle 79C Sur,143
10220,A000003,ene/02/2018 10:00 a. m.,15,h,Caida Ocupante,ene/02/2018 10:00 a. m.,1,1,1,1,1,Carrera 62A X Calle 75 Sur,140
10221,A0000005,ene/03/2018 12:50 p. m.,2,d,Choque,ene/03/2018 12:50 p. m.,1,1,1,1,1,Carrera 51 X Calle 96A Sur,143
10222,A0000006,dic/03/2017 05:30 p. m.,3,h,Choque,dic/03/2017 05:30 p. m.,1,1,1,1,1,Carrera 50 X Calle 79 Sur,143
10223,A0000008,ene/05/2018 11:00 a. m.,3,h,Caida Ocupante,ene/05/2018 11:00 a. m.,1,1,1,1,1,Carrera 50 X Calle 97 Sur,140
10224,A0000010,ene/05/2018 11:00 p. m.,4,h,Caida Ocupante,ene/05/2018 11:00 p. m.,1,1,1,1,1,Carrera 50 X Calle 79C Sur,140
10225,A00000017,ene/09/2018 08:00 p. m.,1,h,Caida Ocupante,ene/09/2018 08:00 p. m.,1,1,1,1,1,Calle 79 Sur X Carrera 59,140
10226,A00000019,ene/10/2018 02:10 p. m.,1,h,Caida Ocupante,ene/10/2018 02:10 p. m.,1,1,1,1,1,Calle 80 Sur X Carrera 59,140
10227,A0000026,ene/11/2018 11:40 a. m.,1,h,Caida Ocupante,ene/11/2018 11:40 a. m.,1,1,1,1,1,Calle 77 Sur X Carrera 59A,140
10228,A0000031,ene/12/2018 07:00 a. m.,12,h,Otro,ene/12/2018 07:00 a. m.,1,1,1,1,1,Carrera 50AA X Calle 96BB Sur,140
10407,A00000250,mar/24/2018 02:30 p. m.,3,h,Caida Ocupante,mar/24/2018 02:30 p. m.,1,1,1,1,1,Carrera 50 X Calle 97 Sur,143
10561,A00000177,mar/04/2018 06:21 p. m.,15,h,Atropello,mar/04/2018 06:21 p. m.,1,1,1,1,1,Calle 73 Sur X Carrera 63AA,143
10565,A00000855,oct/20/2018 09:00 p. m.,8,h,Choque,oct/20/2018 09:00 p. m.,1,1,1,1,1,Calle 77 Sur X Carrera 53,143
10566,A00000874,oct/26/2018 11:10 a. m.,25,d,Choque,oct/26/2018 11:10 a. m.,1,1,1,1,1,Calle 80 Sur X Carrera 59,143
10577,A00000752,sept/17/2018 02:40 p. m.,19,d,Choque,sept/17/2018 02:40 p. m.,1,1,1,1,1,Calle 76 Sur X Carrera 60,143
10578,A00000802,sept/01/2018 10:40 a. m.,2,d,Choque,sept/01/2018 10:40 a. m.,1,1,1,1,1,Calle 100 Sur X Carrera 47,143
10579,A00000860,oct/21/2018 02:50 p. m.,18,h,Choque,oct/21/2018 02:50 p. m.,1,1,1,1,1,Calle 75AB Sur X Carrera 52D,143
10580,A00000869,oct/26/2018 01:40 p. m.,3,h,Choque,oct/26/2018 01:40 p. m.,1,1,1,1,1,Carrera 50 X Calle 99 Sur,143
10581,A00000849,oct/19/2018 03:00 p. m.,3,d,Choque,oct/19/2018 03:00 p. m.,1,1,1,1,1,Carrera 50 X Calle 107 Sur,143
10582,A00000190,mar/04/2019 10:50 a. m.,27,h,Atropello,mar/04/2019 10:50 a. m.,1,1,1,1,1,Carrera 54 X Calle 75AA Sur,143
10593,A00000012,ene/07/2019 11:15 a. m.,10,h,Choque,ene/07/2019 11:15 a. m.,1,1,1,1,1,Carrera 59 X Calle 77 Sur,143
10594,A00000887,oct/30/2018 02:45 p. m.,3,h,Choque,oct/30/2018 02:45 p. m.,1,1,1,1,1,Carrera 50 X Calle 94 Sur,143
10595,A00000913,nov/13/2018 06:50 a. m.,19,d,Choque,nov/13/2018 06:50 a. m.,1,1,1,1,1,Calle 77 Sur X Carrera 52,143
10648,A00000973,dic/03/2018 11:20 a. m.,2,h,Caida Ocupante,dic/03/2018 11:20 a. m.,1,1,1,1,1,Carrera 48 X Calle 100 Sur,140
10649,A00000974,dic/04/2018 04:00 p. m.,3,h,Otro,dic/04/2018 04:00 p. m.,1,1,1,1,1,Carrera 50 X Calle 96 Sur,140
10650,A00000975,dic/01/2018 12:00 p. m.,23,h,Caida Ocupante,dic/01/2018 12:00 p. m.,1,1,1,1,1,Calle 79 Sur X Carrera 54,140
10651,A00000977,dic/04/2018 06:40 p. m.,22,h,Atropello,dic/04/2018 06:40 p. m.,1,1,1,1,1,Carrera 57 X Calle 82 Sur,409
10652,A00000979,dic/06/2018 12:10 a. m.,19,h,Caida Ocupante,dic/06/2018 12:10 a. m.,1,1,1,1,1,Calle 77 Sur X Carrera 57,140
10653,A00000981,dic/05/2018 07:50 a. m.,6,h,Caida Ocupante,dic/05/2018 07:50 a. m.,1,1,1,1,1,Carrera 55 X Calle 80 Sur,140
10654,A00000985,dic/06/2018 08:20 p. m.,2,h,Caida Ocupante,dic/06/2018 08:20 p. m.,1,1,1,1,1,Carrera 50 X Calle 101 Sur,140
10655,A00000988,dic/06/2018 07:00 a. m.,3,d,Choque,dic/06/2018 07:00 a. m.,1,1,1,10,1,Carrera 50 X Calle 97B Sur,140
10656,A00000995,dic/08/2018 06:30 a. m.,2,h,Caida Ocupante,dic/08/2018 06:30 a. m.,1,1,1,1,1,Carrera 50 X Calle 101 Sur,140
10657,A00001001,dic/11/2018 10:40 a. m.,2,h,Choque,dic/11/2018 10:40 a. m.,1,1,1,1,1,Carrera 50 X Calle 99 Sur,143
10658,A00000984,dic/05/2018 09:00 p. m.,19,h,Choque,dic/05/2018 09:00 p. m.,1,1,1,1,1,Carrera 54 X Calle 77 Sur,143
10659,A00001027,dic/19/2018 09:00 p. m.,14,h,Caida Ocupante,dic/19/2018 09:00 p. m.,1,1,1,1,1,Calle 87 Sur X Carrera 55,140
10660,A00001028,dic/19/2018 01:40 p. m.,14,h,Atropello,dic/19/2018 01:40 p. m.,1,1,1,1,1,Calle 87 Sur X Carrera 55,409
10661,A00001032,dic/21/2018 09:00 p. m.,3,h,Caida Ocupante,dic/21/2018 09:00 p. m.,1,1,1,1,1,Carrera 50 X Calle 79 Sur,140
10662,A00001033,dic/21/2018 02:00 p. m.,2,h,Caida Ocupante,dic/21/2018 02:00 p. m.,1,1,1,1,1,Carrera 50 X Calle 97 Sur,140
10663,A00001034,dic/21/2018 04:30 p. m.,1,h,Caida Ocupante,dic/21/2018 04:30 p. m.,1,1,1,1,1,Calle 77 Sur X Carrera 60,140
10664,A00001037,dic/23/2018 04:00 p. m.,1,h,Caida Ocupante,dic/23/2018 04:00 p. m.,1,1,1,1,1,Calle 83A Sur X Carrera 60,140
10665,A00001040,dic/21/2018 07:20 a. m.,3,h,Caida Ocupante,dic/21/2018 07:20 a. m.,1,1,1,1,1,Carrera 50 X Calle 91 Sur,140
10666,A00001041,dic/22/2018 12:30 p. m.,3,h,Caida Ocupante,dic/22/2018 12:30 p. m.,1,1,1,1,1,Carrera 50 X Calle 79 Sur,140
10667,A00001042,dic/25/2018 05:00 p. m.,17,h,Atropello,dic/25/2018 05:00 p. m.,1,1,1,1,1,Calle 80 Sur X Carrera 58,409
10668,A00001043,dic/24/2018 12:00 a. m.,12,h,Caida Ocupante,dic/24/2018 12:00 a. m.,1,1,1,1,1,Carrera 50 X Calle 97 Sur,140
10669,A00001051,dic/29/2018 02:35 p. m.,2,h,Choque,dic/29/2018 02:35 p. m.,1,1,1,1,1,Carrera 50 X Calle 100B Sur,143
10670,A00001052,dic/29/2018 01:30 p. m.,12,h,Caida Ocupante,dic/29/2018 01:30 p. m.,1,1,1,1,1,Carrera 51 X Calle 96B Sur,140
10671,A00001055,dic/28/2018 11:50 p. m.,3,h,Caida Ocupante,dic/28/2018 11:50 p. m.,1,1,1,1,1,Carrera 50 X Calle 80 Sur,140
10792,A00000972,nov/30/2018 01:50 p. m.,4,d,Choque,nov/30/2018 01:50 p. m.,1,1,1,1,1,Carrera 48 X Calle 98 Sur,143
10793,A00000837,oct/14/2018 06:10 p. m.,2,d,Choque,oct/14/2018 06:10 p. m.,1,1,1,1,1,Calle 100C Sur X Carrera 48,143
10848,A00000964,nov/28/2018 03:05 p. m.,4,d,Choque,nov/28/2018 03:05 p. m.,1,1,1,1,1,Carrera 48 X Calle 98 Sur,143
10849,A00000953,nov/26/2018 09:30 a. m.,3,h,Choque,nov/26/2018 09:30 a. m.,1,1,1,1,1,Calle 77 Sur X Carrera 50A,143
10850,A00000027,ene/12/2019 09:20 p. m.,3,h,Caida Ocupante,ene/12/2019 09:20 p. m.,1,1,1,1,1,Carrera 62A X Calle 74A Sur,143
10851,A00000030,ene/13/2019 07:30 p. m.,3,h,Caida Ocupante,ene/13/2019 07:30 p. m.,1,1,1,1,1,Carrera 50 X Calle 101 Sur,143
10852,A00000033,ene/15/2019 01:30 p. m.,16,h,Caida Ocupante,ene/15/2019 01:30 p. m.,1,1,1,1,1,Calle 83 Sur X Carrera 56,143
10853,A00000067,ene/25/2019 06:30 a. m.,24,h,Caida Ocupante,ene/25/2019 06:30 a. m.,1,1,1,1,1,Calle 87B Sur X Carrera 63,143
10854,A00000069,ene/25/2019 06:00 p. m.,3,h,Caida Ocupante,ene/25/2019 06:00 p. m.,1,1,1,1,1,Carrera 50 X Calle 91 Sur,143
10888,A00000313,abr/12/2019 06:30 a. m.,1,d,Choque,abr/12/2019 06:30 a. m.,1,2,4,11,1,Carrera 48 X Calle 100 Sur,157
11036,A00000182,feb/28/2019 07:30 a. m.,8,d,Choque,feb/28/2019 07:30 a. m.,1,1,1,1,1,Carrera 54 X Calle 75AB Sur,143
11037,A00000159,feb/21/2019 08:50 a. m.,23,d,Choque,feb/21/2019 08:50 a. m.,1,1,1,1,1,Calle 79 Sur X Carrera 53,143
11217,A00000080,ene/30/2019 07:10 a. m.,19,h,Choque,ene/30/2019 07:10 a. m.,1,1,1,1,1,Carrera 57 X Calle 76 Sur,143
11218,A00001044,dic/26/2018 01:30 p. m.,3,h,Choque,dic/26/2018 01:30 p. m.,1,1,1,1,1,Carrera 50 X Calle 91 Sur,143
11274,A00000575,jul/18/2019 05:30 a. m.,16,h,Caida Ocupante,jul/18/2019 05:30 a. m.,1,1,1,1,1,Calle 83 Sur X Carrera 55DD,140
11275,A00000576,jul/19/2019 07:50 a. m.,23,h,Caida Ocupante,jul/19/2019 07:50 a. m.,1,1,1,1,1,Calle 79 Sur X Carrera 50,140
11281,A00000087,feb/01/2019 08:30 a. m.,2,h,Choque,feb/01/2019 08:30 a. m.,1,1,1,1,1,Carrera 50 X Calle 91 Sur,143
11282,A00000089,feb/02/2019 10:30 a. m.,2,d,Choque,feb/02/2019 10:30 a. m.,1,1,1,1,1,Calle 100 Sur X Carrera 53,143
11917,A0000000122,feb/11/2020 06:30 a. m.,26,h,Choque,feb/11/2020 06:30 a. m.,1,2,1,1,1,Carrera 54 X Calle 75AB Sur,112
11918,A0000000125,feb/12/2020 04:00 p. m.,3,d,Choque,feb/12/2020 04:00 p. m.,1,2,1,1,1,Carrera 50 X Calle 79 Sur,119
11919,A0000000126,feb/12/2020 03:45 p. m.,19,d,Choque,feb/12/2020 03:45 p. m.,1,1,1,2,1,Calle 77 Sur X Carrera 56C,112
11920,A0000000128,feb/12/2020 01:00 p. m.,3,d,Choque,feb/12/2020 01:00 p. m.,1,2,1,1,1,Carrera 50 X Calle 80 Sur,105
11921,A0000000130,feb/13/2020 11:00 a. m.,2,h,Choque,feb/13/2020 11:00 a. m.,1,3,1,1,1,Carrera 50 X Calle 100B Sur,101
11922,A0000000137,feb/15/2020 08:00 a. m.,26,h,Choque,feb/15/2020 08:00 a. m.,1,2,1,1,1,Carrera 50 X Calle 79C Sur,112
11923,A0000000134,feb/13/2020 01:00 p. m.,23,d,Choque,feb/13/2020 01:00 p. m.,1,2,1,2,1,Carrera 55 X Calle 79C Sur,112
11924,A0000000141,feb/10/2020 08:30 p. m.,2,d,Choque,feb/10/2020 08:30 p. m.,1,2,1,1,1,Carrera 48 X Calle 100 Sur,121
11925,A0000000143,feb/11/2020 02:30 p. m.,2,d,Choque,feb/11/2020 02:30 p. m.,1,2,1,1,1,Carrera 48 X Calle 100 Sur,143
11926,A0000000151,feb/18/2020 10:38 a. m.,10,d,Choque,feb/18/2020 10:38 a. m.,1,1,1,1,1,Calle 80 Sur X Carrera 57B,157
11928,A0000000154,feb/19/2020 07:10 a. m.,2,h,Choque,feb/19/2020 07:10 a. m.,1,2,1,1,1,Calle 100 Sur X Carrera 48A,112
11939,A0000000040,ene/17/2020 12:00 p. m.,14,h,Caida Ocupante,ene/17/2020 12:00 p. m.,1,1,1,1,1,Carrera 55 X Calle 84 Sur,145
11940,A0000000046,ene/19/2020 01:30 a. m.,22,h,Volcamiento,ene/19/2020 01:30 a. m.,1,1,1,2,1,Carrera 58 X Calle 81 Sur,112
11941,A0000000048,ene/20/2020 06:00 p. m.,5,h,Caida Ocupante,ene/20/2020 06:00 p. m.,1,1,1,1,1,Carrera 55 X Calle 91 Sur,157
11984,A001187639,jun/30/2020 01:30 p. m.,23,h,Caida Ocupante,jun/30/2020 01:30 p. m.,1,2,1,1,2,Carrera 59 X Calle 80 Sur,157
11985,A001187638,jun/30/2020 02:30 p. m.,17,d,Choque,jun/30/2020 02:30 p. m.,1,2,1,1,1,Calle 80 Sur X Carrera 55,104
11986,A001187637,jun/30/2020 09:35 a. m.,1,h,Caida Ocupante,jun/30/2020 09:35 a. m.,1,1,1,1,1,Calle 80 X Carrera 61,157
12023,A0000000145,feb/16/2020 10:45 p. m.,3,h,Choque,feb/16/2020 10:45 p. m.,1,1,1,1,1,Carrera 50 X Calle 88 Sur,112
12025,A0000000285,may/05/2020 01:45 p. m.,7,d,Choque,may/05/2020 01:45 p. m.,1,1,1,1,1,Calle 82A Sur X Carrera 56,157
12084,A001187726,ago/06/2020 06:50 p. m.,2,h,Choque,ago/06/2020 06:50 p. m.,1,1,1,1,1,Carrera 50 X Calle 98A Sur,101
12087,A001187721,ago/04/2020 01:30 p. m.,23,h,Choque,ago/04/2020 01:30 p. m.,1,2,1,1,1,Calle 77 Sur X Carrera 53,121
12089,A001187718,ago/02/2020 06:45 p. m.,18,h,Caida Ocupante,ago/02/2020 06:45 p. m.,1,1,1,1,1,Calle 75AB Sur X Carrera 52D,157
12091,A001187719,ago/03/2020 07:00 a. m.,26,d,Choque,ago/03/2020 07:00 a. m.,1,3,1,1,1,Calle 80 Sur X Carrera 50,121
12093,A001187722,ago/04/2020 08:40 p. m.,18,d,Choque,ago/04/2020 08:40 p. m.,1,1,1,1,1,Calle 77 Sur X Carrera 50,121
12107,A00000942,nov/12/2019 07:15 a. m.,12,h,Caida Ocupante,nov/12/2019 07:15 a. m.,1,1,1,1,1,Calle 97 Sur X Carrera 51,143
12108,A00000935,nov/08/2019 04:20 p. m.,26,h,Atropello,nov/08/2019 04:20 p. m.,1,1,1,1,1,Carrera 50 X Calle 94 Sur,143
12112,A001187724,ago/05/2020 12:00 a. m.,1,h,Choque,ago/05/2020 12:00 a. m.,1,1,1,1,1,Calle 80 Sur X Carrera 55,157
12113,A001187657,jul/09/2020 01:20 p. m.,1,d,Choque,jul/09/2020 01:20 p. m.,1,1,1,1,1,Carrera 51 X Calle 96 Sur,134
12142,A0000000256,abr/12/2020 07:30 p. m.,19,h,Choque,abr/12/2020 07:30 p. m.,1,1,1,1,1,Carrera 54 X Calle 77 Sur,157
12161,A0000000257,abr/13/2020 12:05 p. m.,3,h,Choque,abr/13/2020 12:05 p. m.,1,2,1,1,1,Carrera 50 X Calle 79C Sur,121
12162,A0000000258,abr/13/2020 04:05 p. m.,3,h,Choque,abr/13/2020 04:05 p. m.,1,2,1,1,1,Carrera 50 X Calle 80 Sur,119
12163,A0000000223,mar/13/2020 05:10 p. m.,19,d,Choque,mar/13/2020 05:10 p. m.,1,2,1,1,1,Carrera 54 X Calle 75AB Sur,145
12191,A001187640,jul/01/2020 03:00 p. m.,16,h,Volcamiento,jul/01/2020 03:00 p. m.,1,1,1,1,1,Calle 83B Sur X Carrera 55,139
12192,A001187643,jul/02/2020 10:20 p. m.,14,h,Caida Ocupante,jul/02/2020 10:20 p. m.,1,1,1,1,1,Carrera 50 X Calle 94 Sur,157
12193,A001187644,jul/04/2020 07:00 a. m.,9,h,Caida Ocupante,jul/04/2020 07:00 a. m.,1,1,1,1,1,Calle 74 Sur X Carrera 54A,157
9934,A00000693,ago/28/2018 01:30 p. m.,24,d,Choque,ago/28/2018 01:30 p. m.,1,1,1,1,1,Carrera 62 X Calle 87 Sur,143
9972,A00000704,sept/01/2018 01:30 a. m.,5,h,Atropello,sept/01/2018 01:30 a. m.,1,1,1,10,1,Carrera 55 X Calle 95B Sur,409
10007,A00000689,ago/27/2018 04:10 p. m.,23,h,Choque,ago/27/2018 04:10 p. m.,1,2,1,1,1,Calle 80 Sur X Carrera 54,121
10233,A00000375,may/11/2018 05:00 a. m.,1,d,Otro,may/11/2018 05:00 a. m.,1,1,1,1,1,Carrera 60 X Calle 77 Sur,140
10234,A00000357,abr/09/2017 11:00 a. m.,12,h,Atropello,abr/09/2017 11:00 a. m.,1,1,1,1,1,Carrera 50AA X Calle 96AA Sur,409
10235,A00000303,mar/25/2017 05:40 a. m.,2,h,Choque,mar/25/2017 05:40 a. m.,1,1,1,1,1,Carrera 50 X Calle 48 Sur,143
10236,A00000369,abr/12/2017 12:10 p. m.,4,d,Choque,abr/12/2017 12:10 p. m.,1,1,1,2,1,Carrera 49 X Calle 79D Sur,143
10237,A00000389,abr/20/2017 06:40 p. m.,16,h,Caida Ocupante,abr/20/2017 06:40 p. m.,1,1,1,10,1,Calle 83 Sur X Carrera 55,143
10328,A00000962,nov/28/2018 07:50 p. m.,15,h,Caida Ocupante,nov/28/2018 07:50 p. m.,1,1,1,1,1,Carrera 62A X Calle 74A Sur,143
10329,A00000893,nov/02/2018 10:40 p. m.,13,h,Volcamiento,nov/02/2018 10:40 p. m.,1,1,1,1,1,Carrera 50 X Calle 98 Sur,143
10330,A00000896,nov/02/2018 01:40 p. m.,2,h,Caida Ocupante,nov/02/2018 01:40 p. m.,1,1,1,1,2,Calle 100 Sur X Carrera 49,143
10337,A00000850,oct/19/2018 04:30 p. m.,14,h,Otro,oct/19/2018 04:30 p. m.,1,1,1,1,2,Carrera 50 X Calle 88 Sur,143
10338,A00000859,oct/21/2018 09:40 a. m.,19,h,Atropello,oct/21/2018 09:40 a. m.,1,1,1,1,1,Calle 77 Sur X Carrera 54,409
10339,A00000904,nov/04/2018 09:10 a. m.,18,h,Caida Ocupante,nov/04/2018 09:10 a. m.,1,1,1,1,1,Calle 75 Sur X Carrera 53,143
10468,A00000385,may/14/2018 02:00 a. m.,17,h,Caida Ocupante,may/14/2018 02:00 a. m.,1,1,1,1,1,Calle 80 Sur X Carrera 56,143
10469,A00000389,may/15/2018 08:50 p. m.,4,h,Caida Ocupante,may/15/2018 08:50 p. m.,1,1,1,1,1,Carrera 48 X Calle 79C Sur,143
10470,A00000392,may/16/2018 01:40 p. m.,3,h,Caida Ocupante,may/16/2018 01:40 p. m.,1,1,1,1,1,Carrera 50 X Calle 80 Sur,143
10471,A00000393,may/17/2018 04:30 p. m.,23,h,Caida Ocupante,may/17/2018 04:30 p. m.,1,1,1,1,1,Calle 77 Sur X Carrera 55,143
10472,A00000398,may/18/2018 10:10 p. m.,16,h,Caida Ocupante,may/18/2018 10:10 p. m.,1,1,1,1,1,Calle 83 Sur X Carrera 55,143
10473,A00000376,may/11/2018 05:45 a. m.,14,h,Volcamiento,may/11/2018 05:45 a. m.,1,1,1,1,1,Carrera 50 X Calle 90 Sur,143
10474,A00000400,may/19/2018 08:00 a. m.,2,h,Caida Ocupante,may/19/2018 08:00 a. m.,1,1,1,1,1,Carrera 48 X Calle 101 Sur,143
10475,A00000402,may/21/2018 04:00 a. m.,18,h,Caida Ocupante,may/21/2018 04:00 a. m.,1,1,1,1,1,Calle 77 Sur X Carrera 50A,143
10476,A00000403,may/21/2018 04:30 a. m.,14,h,Caida Ocupante,may/21/2018 04:30 a. m.,1,1,1,1,1,Carrera 50 X Calle 83 Sur,143
10477,A00000405,may/21/2018 06:00 a. m.,3,h,Caida Ocupante,may/21/2018 06:00 a. m.,1,1,1,1,1,Carrera 50 X Calle 79C Sur,143
10478,A00000733,sept/09/2018 07:00 p. m.,22,h,Choque,sept/09/2018 07:00 p. m.,1,1,1,1,1,Calle 83C Sur X Carrera 55,143
10479,A00000762,sept/20/2018 10:20 p. m.,23,h,Caida Ocupante,sept/20/2018 10:20 p. m.,1,1,1,1,1,Carrera 55 X Calle 79 Sur,143
10480,A00000777,sept/24/2018 08:10 a. m.,3,h,Caida Ocupante,sept/24/2018 08:10 a. m.,1,1,1,1,1,Carrera 50 X Calle 97B Sur,143