NRO_RADICADO,NUMERO_EXPEDIENTE,FECHA_ACCIDENTE,ID_ZONA,GRAVEDAD,DESC_CLASE_ACCIDENTE,HORA_ACCIDENTE,AREA,SECTOR,ZONA,DISENO,ESTADO_TIEMPO,VIA_ACCID,POSIBLE_CAUSA
10481,A00000778,sept/25/2018 11:00 a. m.,17,d,Volcamiento,sept/25/2018 11:00 a. m.,1,1,1,1,1,Calle 80 Sur X Carrera 55,143
10519,A00000827,oct/10/2018 12:20 p. m.,3,d,Otro,oct/10/2018 12:20 p. m.,1,1,1,1,1,Carrera 51 X Calle 98 Sur,143
10520,A00000761,sept/20/2018 01:00 p. m.,8,h,Choque,sept/20/2018 01:00 p. m.,1,1,1,1,1,Carrera 55 X Calle 79B Sur,143
10533,A00000432,may/30/2018 05:10 a. m.,19,h,Otro,may/30/2018 05:10 a. m.,1,1,1,1,1,Calle 77 Sur X Carrera 57,140
10534,A00000433,may/30/2018 09:40 a. m.,23,h,Caida Ocupante,may/30/2018 09:40 a. m.,1,1,1,1,1,Calle 80 Sur X Carrera 54,140
10535,A00000434,may/30/2018 08:00 p. m.,15,h,Caida Ocupante,may/30/2018 08:00 p. m.,1,1,1,1,1,Calle 73 Sur X Carrera 62A,140
10536,A00000436,may/30/2018 08:00 p. m.,9,h,Caida Ocupante,may/30/2018 08:00 p. m.,1,1,1,1,1,Calle 77 Sur X Carrera 54,140
10537,A00000440,may/31/2018 07:20 p. m.,1,h,Atropello,may/31/2018 07:20 p. m.,1,1,1,1,1,Carrera 60 X Calle 77 Sur,409
10538,A00000443,may/31/2018 05:20 p. m.,12,h,Caida Ocupante,may/31/2018 05:20 p. m.,1,1,1,1,1,Carrera 50 X Calle 96 Sur,140
10539,A00000444,may/31/2018 01:30 p. m.,18,h,Caida Ocupante,may/31/2018 01:30 p. m.,1,1,1,1,1,Calle 77 Sur X Carrera 50A,140
10541,A00000882,oct/15/2018 08:30 p. m.,2,d,Choque,oct/15/2018 08:30 p. m.,1,1,1,1,1,Carrera 48 X Calle 198 Sur,143
10549,A00000845,oct/16/2018 08:50 p. m.,4,h,Caida Ocupante,oct/16/2018 08:50 p. m.,1,1,1,1,1,Carrera 48 X Calle 79C Sur,140
10550,A00000864,oct/23/2018 05:10 p. m.,19,h,Otro,oct/23/2018 05:10 p. m.,1,1,1,1,1,Calle 77 Sur X Carrera 58,140
10567,A00000885,oct/29/2018 04:30 p. m.,3,d,Choque,oct/29/2018 04:30 p. m.,1,1,1,1,1,Carrera 50 X Calle 91 Sur,143
10617,A00000763,sept/20/2018 07:20 p. m.,15,h,Atropello,sept/20/2018 07:20 p. m.,1,1,1,1,1,Calle 74 Sur X Carrera 57,143
10618,A00000863,oct/22/2018 05:40 p. m.,5,d,Choque,oct/22/2018 05:40 p. m.,1,1,1,1,1,Carrera 55 X Calle 90 Sur,143
10619,A00000915,nov/14/2018 05:50 a. m.,3,h,Choque,nov/14/2018 05:50 a. m.,1,1,1,1,1,Carrera 50 X Calle 80 Sur,143
10620,A0000210,mar/12/2018 09:20 a. m.,1,d,Choque,mar/12/2018 09:20 a. m.,1,1,1,1,1,Carrera 60 X Calle 79 Sur,143
10621,A00000211,mar/11/2019 10:00 p. m.,6,d,Choque,mar/11/2019 10:00 p. m.,1,1,1,1,1,Carrera 55 X Calle 82 Sur,143
10632,A00000214,mar/13/2019 09:10 p. m.,3,h,Choque,mar/13/2019 09:10 p. m.,1,1,1,1,1,Carrera 50 X Calle 80 Sur,143
10633,A00000136,feb/15/2019 04:50 p. m.,3,d,Choque,feb/15/2019 04:50 p. m.,1,1,1,1,1,Carrera 50 X Calle 97AA Sur,143
10634,A00000920,nov/16/2018 03:10 p. m.,15,d,Choque,nov/16/2018 03:10 p. m.,1,1,1,1,1,Calle 74 Sur X Carrera 63,143
10640,A00000955,nov/27/2018 08:00 p. m.,6,d,Choque,nov/27/2018 08:00 p. m.,1,1,1,1,1,Calle 80 Sur X Carrera 55,143
10644,A00000783,sept/26/2018 05:25 p. m.,23,d,Choque,sept/26/2018 05:25 p. m.,1,1,1,1,1,Calle 78A Sur X Carrera 52A,143
10701,A00000222,mar/18/2019 07:40 a. m.,23,h,Caida Ocupante,mar/18/2019 07:40 a. m.,1,1,1,1,1,Carrera 55 X Calle 79B Sur,140
10703,A00000229,mar/19/2019 03:00 p. m.,2,h,Choque,mar/19/2019 03:00 p. m.,1,1,1,1,1,Calle 100 Sur X Carrera 49,143
10702,A00000022,ene/11/2019 06:30 p. m.,24,d,Choque,ene/11/2019 06:30 p. m.,1,1,1,1,1,Calle 87 Sur X Carrera 65,143
10706,A00000917,nov/14/2018 03:10 p. m.,4,h,Choque,nov/14/2018 03:10 p. m.,1,1,1,1,1,Carrera 48 X Calle 98 Sur,143
11031,A00000795,sept/29/2018 09:30 a. m.,2,h,Choque,sept/29/2018 09:30 a. m.,1,1,1,1,1,Carrera 50 X Calle 100 Sur,143
11032,A00000957,nov/27/2018 01:40 p. m.,2,d,Choque,nov/27/2018 01:40 p. m.,1,1,1,1,1,Carrera 50 X Calle 100 Sur,143
11081,A00000434,may/29/2019 07:10 a. m.,16,d,Choque,may/29/2019 07:10 a. m.,1,1,1,1,1,Calle 83C Sur X Carrera 55,143
11082,A00000435,may/29/2019 04:00 p. m.,23,h,Atropello,may/29/2019 04:00 p. m.,1,1,1,1,1,Calle 79 Sur X Carrera 49,143
11083,A00000436,may/29/2019 02:00 p. m.,14,h,Choque,may/29/2019 02:00 p. m.,1,1,1,1,1,Carrera 50 X Calle 89 Sur,143
11084,A00000437,may/29/2019 12:00 p. m.,3,d,Choque,may/29/2019 12:00 p. m.,1,1,1,1,1,Carrera 48 X Calle 98 Sur,143
11085,A00000439,may/25/2019 12:40 p. m.,4,h,Choque,may/25/2019 12:40 p. m.,1,1,1,1,1,Carrera 48 X Calle 98 Sur,143
11086,A00000440,may/30/2019 04:40 p. m.,17,h,Caida Ocupante,may/30/2019 04:40 p. m.,1,1,1,1,1,Calle 80 Sur X Carrera 57A,143
11087,A00000438,may/29/2019 02:30 p. m.,18,h,Choque,may/29/2019 02:30 p. m.,1,1,1,1,1,Calle 77 Sur X Carrera 52D,143
11088,A00000441,may/30/2019 07:00 a. m.,26,d,Choque,may/30/2019 07:00 a. m.,1,1,1,1,1,Calle 75B Sur X Carrera 52A,143
11089,A00000107,feb/04/2019 12:30 p. m.,2,h,Choque,feb/04/2019 12:30 p. m.,1,1,1,1,1,Calle 100B Sur X Carrera 50,143
11220,A00000544,jul/05/2019 08:30 a. m.,27,h,Choque,jul/05/2019 08:30 a. m.,1,1,1,1,1,Carrera 54 X Calle 75AB Sur,143
11221,A00000557,jul/10/2019 03:30 p. m.,3,h,Choque,jul/10/2019 03:30 p. m.,1,1,1,1,1,Carrera 50 X Calle 98A Sur,143
11222,A00000561,jul/11/2019 08:45 a. m.,3,d,Choque,jul/11/2019 08:45 a. m.,1,1,1,10,1,Calle 97B Sur X Carrera 50A,143
11223,A00000558,jul/10/2019 04:00 p. m.,4,d,Choque,jul/10/2019 04:00 p. m.,1,1,1,1,1,Carrera 50 X Calle 79C Sur,143
11224,A00000560,jul/11/2019 11:15 a. m.,2,d,Choque,jul/11/2019 11:15 a. m.,1,1,1,1,1,Calle 100 Sur X Carrera 52A,143
11283,A00000621,jul/31/2019 07:00 p. m.,1,d,Choque,jul/31/2019 07:00 p. m.,1,1,1,1,1,Carrera 61 X Calle 82 Sur,143
11284,A00000619,jul/31/2019 10:10 a. m.,3,h,Caida Ocupante,jul/31/2019 10:10 a. m.,1,1,1,1,1,Carrera 49 X Calle 85,140
11285,A00000620,ago/01/2019 10:00 a. m.,21,h,Volcamiento,ago/01/2019 10:00 a. m.,1,1,1,1,1,Carrera 62 X Calle 87,140
11286,A00000622,jul/31/2019 07:40 a. m.,1,h,Atropello,jul/31/2019 07:40 a. m.,1,1,1,1,1,Calle 83A Sur X Carrera 60,409
11287,A00000623,ago/01/2019 01:35 p. m.,17,h,Choque,ago/01/2019 01:35 p. m.,1,1,1,1,1,Carrera 56 X Calle 80 Sur,143
11288,A00000597,jul/22/2019 08:00 p. m.,3,d,Choque,jul/22/2019 08:00 p. m.,1,1,1,2,1,Calle 77 Sur X Carrera 50,143
11289,A00000599,jul/24/2019 02:20 p. m.,5,h,Caida Ocupante,jul/24/2019 02:20 p. m.,1,1,1,1,1,Carrera 55 X Calle 91 Sur,140
11290,A00000600,jul/24/2019 09:10 a. m.,23,d,Choque,jul/24/2019 09:10 a. m.,1,1,1,2,1,Carrera 56 X Calle 80 Sur,143
11317,A00000062,ene/24/2019 07:10 p. m.,3,h,Choque,ene/24/2019 07:10 p. m.,1,1,1,1,1,Carrera 50 X Calle 79 Sur,143
11318,A00000106,feb/02/2019 11:40 p. m.,4,h,Choque,feb/02/2019 11:40 p. m.,1,1,1,1,1,Carrera 48 X Calle 98,143
11319,A00000146,feb/20/2019 10:10 p. m.,3,h,Caida Ocupante,feb/20/2019 10:10 p. m.,1,1,1,1,1,Carrera 50 X Calle 88A Sur,143
11320,A00000158,feb/21/2019 08:30 a. m.,3,d,Choque,feb/21/2019 08:30 a. m.,1,1,1,1,1,Carrera 50 X Calle 80 Sur,143
11321,A00000166,feb/24/2019 09:30 p. m.,15,d,Choque,feb/24/2019 09:30 p. m.,1,1,1,1,1,Carrera 62 X Calle 75 Sur,143
11373,A00000665,ago/15/2019 05:40 p. m.,2,d,Choque,ago/15/2019 05:40 p. m.,1,1,1,1,1,Calle 100 Sur X Carrera 49,143
11374,A00000137,feb/17/2019 11:10 a. m.,3,h,Atropello,feb/17/2019 11:10 a. m.,1,1,1,1,1,Carrera 50 X Calle 92 Sur,143
11393,A00000961,nov/28/2018 06:20 p. m.,2,h,Choque,nov/28/2018 06:20 p. m.,1,1,1,1,1,Carrera 47 X Calle 100 Sur,143
11399,A00000108,feb/05/2019 10:30 p. m.,3,h,Atropello,feb/05/2019 10:30 p. m.,1,1,1,1,1,Carrera 50 X Calle 91 Sur,143
11454,A00000145,feb/19/2019 03:20 p. m.,8,h,Atropello,feb/19/2019 03:20 p. m.,1,1,1,1,1,Carrera 55 X Calle 77 Sur,143
11550,A00000781,sept/20/2019 06:30 p. m.,19,d,Choque,sept/20/2019 06:30 p. m.,1,1,1,1,1,Calle 77 Sur X Carrera 60,143
11686,A0000000001,ene/01/2020 12:15 p. m.,15,h,Caida Ocupante,ene/01/2020 12:15 p. m.,1,1,1,1,1,Carrera 62A X Calle 75AA Sur,115
11687,A0000000002,ene/01/2020 10:20 p. m.,2,d,Choque,ene/01/2020 10:20 p. m.,1,1,1,1,1,Carrera 50 X Calle 101 Sur,202
11688,A0000000003,ene/02/2020 04:40 a. m.,8,h,Caida Ocupante,ene/02/2020 04:40 a. m.,1,1,1,1,1,Carrera 48 X Calle 79 Sur,306
11689,A0000000004,ene/02/2020 06:40 a. m.,18,d,Choque,ene/02/2020 06:40 a. m.,1,1,1,1,1,Carrera 50 X Calle 77 Sur,143
11690,A0000000005,ene/02/2020 09:30 a. m.,2,d,Choque,ene/02/2020 09:30 a. m.,1,1,1,1,1,Calle 98 X Carrera 48,134
11691,A0000000006,ene/02/2020 01:20 p. m.,15,d,Choque,ene/02/2020 01:20 p. m.,1,1,1,1,1,Carrera 62A X Calle 74 Sur,121
11698,A000001054,dic/20/2019 07:10 a. m.,1,d,Choque,dic/20/2019 07:10 a. m.,1,1,1,1,1,Carrera 59 X Calle 80 Sur,143
11702,A00000991,nov/28/2019 09:30 p. m.,22,d,Choque,nov/28/2019 09:30 p. m.,1,1,1,1,1,Carrera 57 X Calle 80 Sur,143
11703,A00000992,dic/01/2019 06:00 a. m.,3,h,Choque,dic/01/2019 06:00 a. m.,1,1,1,1,1,Carrera 50 X Calle 91 Sur,143
11721,A00000928,nov/06/2019 06:30 p. m.,9,h,Caida Ocupante,nov/06/2019 06:30 p. m.,1,1,1,1,1,Calle 75 Sur X Carrera 54,143
11722,A00000929,nov/02/2019 07:00 p. m.,21,d,Choque,nov/02/2019 07:00 p. m.,1,1,1,1,1,Calle 87 X Carrera 64,143
11723,A00000932,nov/07/2019 11:00 a. m.,26,h,Volcamiento,nov/07/2019 11:00 a. m.,1,1,1,1,1,Carrera 55A X Calle 79C Sur,143
11733,A000001007,dic/04/2019 01:00 p. m.,5,h,Choque,dic/04/2019 01:00 p. m.,1,1,1,1,1,Carrera 52 X Calle 88 Sur,143
11734,A0000000042,ene/18/2020 03:30 p. m.,18,d,Choque,ene/18/2020 03:30 p. m.,1,1,1,1,1,Calle 77 Sur X Carrera 51,143
11739,A00000968,nov/22/2019 05:50 p. m.,8,h,Caida Ocupante,nov/22/2019 05:50 p. m.,1,1,1,1,1,Calle 77 Sur X Carrera 52,143
9658,A0000004,ene/02/2018 06:30 p. m.,1,h,Choque,ene/02/2018 06:30 p. m.,1,3,4,1,2,Carrera 48 X Calle 100 Sur,121
9707,A00001162,dic/20/2017 01:00 p. m.,3,d,Choque,dic/20/2017 01:00 p. m.,1,1,1,1,1,Carrera 50 X Calle 79C Sur,143
9708,A00000230,mar/15/2018 07:40 a. m.,2,h,Volcamiento,mar/15/2018 07:40 a. m.,1,2,1,1,1,Carrera 48 X Calle 101 Sur,143
9709,A00000205,mar/11/2018 07:00 p. m.,15,d,Choque,mar/11/2018 07:00 p. m.,1,1,1,1,1,Carrera 62A X Calle 76 Sur,143
9710,A00000224,mar/14/2018 05:30 p. m.,17,h,Choque,mar/14/2018 05:30 p. m.,1,1,1,1,1,Calle 80 Sur X Carrera 50,143
9760,A000829213,jul/18/2018 05:40 a. m.,8,d,Choque,jul/18/2018 05:40 a. m.,1,1,1,1,1,Carrera 54 X Calle 76 Sur,143
9915,A00001065,nov/27/2017 05:30 p. m.,22,d,Choque,nov/27/2017 05:30 p. m.,1,1,1,1,1,Calle 82 Sur X Carrera 58,143
9916,A00001068,nov/24/2017 05:20 p. m.,2,d,Choque,nov/24/2017 05:20 p. m.,1,1,1,1,1,Carrera 48B X Calle 99 Sur,143
9917,A00000109,feb/04/2018 01:00 p. m.,2,d,Choque,feb/04/2018 01:00 p. m.,1,1,1,1,1,Carrera 50 X Calle 48 Sur,143
9918,A00000136,feb/16/2018 06:45 a. m.,3,h,Choque,feb/16/2018 06:45 a. m.,1,1,1,1,1,Carrera 50 X Calle 83C Sur,143
9919,A00000140,feb/17/2018 10:30 p. m.,15,d,Choque,feb/17/2018 10:30 p. m.,1,1,1,1,1,Carrera 64 X Calle 73 Sur,143
9920,A00000157,feb/21/2018 10:00 p. m.,3,h,Choque,feb/21/2018 10:00 p. m.,1,1,1,1,1,Carrera 50 X Calle 48 Sur,143
9981,A00000672,ago/21/2018 09:30 a. m.,15,h,Atropello,ago/21/2018 09:30 a. m.,1,1,1,1,1,Carrera 62A X Calle 75 Sur,409
9982,A00000272,abr/03/2018 06:00 a. m.,8,h,Choque,abr/03/2018 06:00 a. m.,1,1,1,1,1,Calle 77 Sur X Carrera 55,143
9985,A00000676,ago/22/2018 12:00 p. m.,2,h,Caida Ocupante,ago/22/2018 12:00 p. m.,1,1,1,1,1,Calle 100 Sur X Carrera 50,140
9990,A00000677,ago/22/2018 08:10 a. m.,3,h,Choque,ago/22/2018 08:10 a. m.,1,1,1,1,1,Carrera 50 X Calle 101 Sur,143
9993,A00000673,ago/21/2018 09:30 a. m.,2,h,Caida Ocupante,ago/21/2018 09:30 a. m.,1,1,1,1,1,Carrera 48 X Calle 101 Sur,143
9995,A00000682,ago/26/2018 02:30 a. m.,24,h,Caida Ocupante,ago/26/2018 02:30 a. m.,1,1,1,1,1,Calle 87 Sur X Carrera 65,143
10672,A00001056,dic/29/2018 01:10 p. m.,1,h,Caida Ocupante,dic/29/2018 01:10 p. m.,1,1,1,1,1,Calle 80 Sur X Carrera 58,140
10673,A00001057,dic/22/2018 08:50 a. m.,3,h,Choque,dic/22/2018 08:50 a. m.,1,1,1,1,1,Carrera 50 X Calle 100C Sur,143
10674,A00000215,mar/14/2019 03:50 p. m.,19,h,Choque,mar/14/2019 03:50 p. m.,1,1,1,1,1,Calle 77 Sur X Carrera 57,143
10675,A00000216,mar/15/2019 03:40 p. m.,8,d,Choque,mar/15/2019 03:40 p. m.,1,1,1,1,1,Calle 77 Sur X Carrera 55,143
10676,A00000217,mar/15/2019 11:45 a. m.,3,d,Choque,mar/15/2019 11:45 a. m.,1,1,1,1,1,Carrera 50 X Calle 79C Sur,143
10677,A00000218,mar/15/2019 12:10 p. m.,3,d,Choque,mar/15/2019 12:10 p. m.,1,1,1,1,1,Carrera 50 X Calle 77 Sur,143
10678,A00000219,mar/16/2019 02:40 p. m.,8,d,Choque,mar/16/2019 02:40 p. m.,1,1,1,1,1,Carrera 55 X Calle 79 Sur,143
10679,A00000220,mar/16/2019 10:35 a. m.,23,h,Choque,mar/16/2019 10:35 a. m.,1,1,1,1,1,Calle 80 Sur X Carrera 54,143
10680,A00000933,nov/20/2018 10:00 a. m.,3,d,Choque,nov/20/2018 10:00 a. m.,1,1,1,1,1,Carrera 49 X Calle 92B Sur,143
10688,A00000221,mar/11/2019 04:50 p. m.,4,d,Choque,mar/11/2019 04:50 p. m.,1,1,1,1,1,Carrera 48 X Calle 98 Sur,143
10693,A00000231,mar/20/2019 10:10 a. m.,4,d,Choque,mar/20/2019 10:10 a. m.,1,1,1,1,1,Carrera 48 X Calle 79C Sur,143
10694,A00000936,nov/21/2018 07:00 a. m.,3,d,Choque,nov/21/2018 07:00 a. m.,1,1,1,1,1,Carrera 50 X Calle 96A Sur,143
10695,A00000937,nov/21/2018 07:15 a. m.,2,d,Choque,nov/21/2018 07:15 a. m.,1,1,1,1,1,Carrera 50 X Calle 100B Sur,143
10696,A00000232,mar/20/2019 02:55 p. m.,2,d,Choque,mar/20/2019 02:55 p. m.,1,1,1,1,1,Carrera 50 X Calle 99 Sur,143
10697,A00000785,sept/27/2018 03:00 p. m.,10,d,Choque,sept/27/2018 03:00 p. m.,1,1,1,1,1,Calle 80 Sur X Carrera 59,143
10708,A00000023,ene/11/2019 01:00 p. m.,23,d,Choque,ene/11/2019 01:00 p. m.,1,1,1,1,1,Calle 79 Sur X Carrera 52A,143
10709,A00000230,mar/20/2019 02:30 p. m.,12,d,Choque,mar/20/2019 02:30 p. m.,1,1,1,1,1,Carrera 51 X Calle 97 Sur,143
10710,A00000227,mar/19/2019 11:00 a. m.,1,d,Choque,mar/19/2019 11:00 a. m.,1,1,1,1,1,Carrera 60 X Calle 83A Sur,140
10711,A00000223,mar/17/2019 02:00 p. m.,24,h,Atropello,mar/17/2019 02:00 p. m.,1,1,1,1,1,Calle 87 Sur X Carrera 63,409
10712,A00000002,ene/01/2019 04:00 a. m.,19,d,Choque,ene/01/2019 04:00 a. m.,1,1,1,2,1,Calle 83 Sur X Carrera 55DD,143
10713,A00000003,ene/01/2019 01:20 a. m.,17,h,Choque,ene/01/2019 01:20 a. m.,1,1,1,1,1,Calle 80 Sur X Carrera 55,143
10714,A00000024,ene/11/2019 01:00 p. m.,4,d,Choque,ene/11/2019 01:00 p. m.,1,1,1,1,1,Carrera 50 X Calle 79B Sur,143
10733,A00000248,mar/24/2019 07:50 a. m.,23,h,Caida Ocupante,mar/24/2019 07:50 a. m.,1,1,1,1,1,Carrera 55 X Calle 79 Sur,143
10734,A00000255,mar/27/2019 04:00 p. m.,23,h,Caida Ocupante,mar/27/2019 04:00 p. m.,1,1,1,1,1,Carrera 55 X Calle 80 Sur,143
10742,A00000946,nov/25/2018 02:40 p. m.,15,d,Choque,nov/25/2018 02:40 p. m.,1,1,1,1,1,Carrera 62A X Calle 76 Sur,143
10765,A00000263,mar/29/2019 09:25 p. m.,23,h,Choque,mar/29/2019 09:25 p. m.,1,1,1,1,1,Carrera 52 X Calle 79 Sur,143
10769,A00000265,mar/30/2019 08:00 p. m.,24,h,Atropello,mar/30/2019 08:00 p. m.,1,1,1,1,1,Calle 87 Sur X Carrera 60,143
10770,A00000274,abr/01/2019 10:30 a. m.,2,d,Otro,abr/01/2019 10:30 a. m.,1,1,1,1,1,Carrera 48B X Calle 99 Sur,143
10772,A00001054,dic/31/2018 10:50 a. m.,11,h,Choque,dic/31/2018 10:50 a. m.,1,1,1,1,1,Calle 81 Sur X Carrera 66,143
10773,A00000812,oct/05/2018 06:50 p. m.,3,d,Choque,oct/05/2018 06:50 p. m.,1,1,1,1,1,Carrera 50 X Calle 96A Sur,143
10774,A00000270,mar/31/2019 02:30 p. m.,2,d,Choque,mar/31/2019 02:30 p. m.,1,1,1,1,1,Carrera 50 X Calle 100B Sur,143
10775,A00000272,mar/31/2019 09:10 p. m.,3,d,Choque,mar/31/2019 09:10 p. m.,1,1,1,1,1,Carrera 50 X Calle 91 Sur,143
10776,A00000273,abr/01/2019 06:45 a. m.,23,h,Caida Ocupante,abr/01/2019 06:45 a. m.,1,1,1,1,1,Carrera 55 X Calle 79 Sur,143
10810,A00001030,dic/20/2018 02:00 p. m.,24,h,Choque,dic/20/2018 02:00 p. m.,1,1,1,1,1,Carrera 60 X Calle 87 Sur,143
10811,A00001031,dic/21/2018 09:40 a. m.,4,d,Choque,dic/21/2018 09:40 a. m.,1,1,1,10,1,Carrera 48B X Calle 99 Sur,140
10596,A00000201,mar/06/2019 12:00 p. m.,1,d,Choque,mar/06/2019 12:00 p. m.,1,1,1,1,1,Calle 80 Sur X Carrera 60,143
10597,A00000007,ene/03/2019 08:15 p. m.,20,d,Choque,ene/03/2019 08:15 p. m.,1,1,1,1,1,Calle 81 Sur X Carrera 63B Sur,143
10598,A00000902,nov/03/2018 07:10 p. m.,27,d,Choque,nov/03/2018 07:10 p. m.,1,1,1,1,1,Carrera 59 X Calle 75AA Sur,143
10840,A00000178,feb/26/2019 03:50 p. m.,4,h,Volcamiento,feb/26/2019 03:50 p. m.,1,1,1,1,1,Carrera 48 X Calle 98 Sur,143
10951,A00000224,mar/18/2019 10:50 p. m.,17,h,Choque,mar/18/2019 10:50 p. m.,1,1,1,1,1,Calle 80 Sur X Carrera 55,143
11187,A00000519,jun/28/2019 07:35 a. m.,4,d,Choque,jun/28/2019 07:35 a. m.,1,1,1,1,1,Carrera 50 X Calle 79C Sur,143
11188,A00000520,jun/28/2019 09:10 a. m.,26,d,Choque,jun/28/2019 09:10 a. m.,1,1,1,2,1,Carrera 66 X Calle 74 Sur,143
11189,A00000521,jun/28/2019 10:00 p. m.,26,h,Choque,jun/28/2019 10:00 p. m.,1,1,1,1,1,Carrera 59 X Calle 77 Sur,143
11244,A00000064,ene/23/2019 10:30 a. m.,4,d,Choque,ene/23/2019 10:30 a. m.,1,1,1,1,1,Carrera 48 X Calle 98A Sur,143
11245,A00000072,ene/27/2019 12:00 p. m.,3,h,Choque,ene/27/2019 12:00 p. m.,1,1,1,1,1,Carrera 50 X Calle 100B,143
11467,A00000744,sept/11/2019 12:00 p. m.,19,d,Choque,sept/11/2019 12:00 p. m.,1,1,1,1,1,Carrera 57 X Calle 75AA Sur,143
11468,A00000745,sept/12/2019 06:40 a. m.,18,h,Otro,sept/12/2019 06:40 a. m.,1,1,1,1,1,Calle 77 Sur X Carrera 52,140
11469,A00000746,sept/07/2019 10:30 p. m.,4,d,Choque,sept/07/2019 10:30 p. m.,1,1,1,1,1,Carrera 50 X Calle 48,140
11470,A00000747,sept/07/2019 11:30 p. m.,4,d,Choque,sept/07/2019 11:30 p. m.,1,1,1,1,1,Carrera 50 X Calle 48,143
11471,A00000750,sept/11/2019 03:15 p. m.,3,h,Choque,sept/11/2019 03:15 p. m.,1,1,1,1,1,Calle 79 Sur X Carrera 50,143
11472,A00000748,sept/11/2019 07:40 p. m.,3,d,Choque,sept/11/2019 07:40 p. m.,1,1,1,1,1,Carrera 50 X Calle 79C Sur,143
11473,A00000749,sept/11/2019 05:00 p. m.,2,h,Choque,sept/11/2019 05:00 p. m.,1,1,1,1,1,Carrera 48 X Calle 100 Sur,143
11806,A0000000138,feb/15/2020 02:10 p. m.,18,d,Choque,feb/15/2020 02:10 p. m.,1,1,1,1,1,Calle 77 Sur X Carrera 50A,121
12037,A0000000096,feb/03/2020 01:20 p. m.,26,h,Caida Ocupante,feb/03/2020 01:20 p. m.,1,1,1,1,1,Calle 75 Sur X Carrera 50D,143
12038,A0000000100,feb/04/2020 01:45 p. m.,2,h,Caida Ocupante,feb/04/2020 01:45 p. m.,1,1,1,1,1,Carrera 50 X Calle 100B,139
12039,A0000000101,feb/05/2020 10:00 p. m.,3,h,Caida Ocupante,feb/05/2020 10:00 p. m.,1,1,1,1,1,Carrera 50 X Calle 79 Sur,143
12040,A0000000104,feb/05/2020 10:30 p. m.,22,h,Caida Ocupante,feb/05/2020 10:30 p. m.,1,1,1,1,1,Calle 82 Sur X Carrera 57,143
12041,A0000000152,feb/18/2020 08:30 p. m.,26,h,Caida Ocupante,feb/18/2020 08:30 p. m.,1,1,1,1,1,Calle 81 Sur X Carrera 66,143
12044,A0000000148,feb/17/2020 09:45 p. m.,22,h,Caida Ocupante,feb/17/2020 09:45 p. m.,1,1,1,1,1,Carrera 56CC X Calle 83 Sur,143
12045,A0000000153,feb/18/2020 07:00 p. m.,19,h,Caida Ocupante,feb/18/2020 07:00 p. m.,1,1,1,1,1,Calle 77 Sur X Carrera 57,143
12046,A0000000155,feb/19/2020 06:30 a. m.,4,h,Atropello,feb/19/2020 06:30 a. m.,1,1,1,1,1,Carrera 50 X Calle 79C Sur,143
12048,A0000000156,feb/19/2020 11:00 a. m.,18,h,Caida Ocupante,feb/19/2020 11:00 a. m.,1,1,1,1,1,Calle 77 Sur X Carrera 50A,143
12050,A0000000157,feb/20/2020 08:00 a. m.,7,h,Caida Ocupante,feb/20/2020 08:00 a. m.,1,1,1,1,1,Calle 82 Sur X Carrera 56D,143
12052,A0000000159,feb/20/2020 08:00 a. m.,23,h,Volcamiento,feb/20/2020 08:00 a. m.,1,1,1,1,1,Calle 79 Sur X Carrera 52,143
12096,A00000959,nov/19/2019 10:50 a. m.,3,d,Choque,nov/19/2019 10:50 a. m.,1,1,1,1,1,Carrera 50 X Calle 79C Sur,143
12213,A001187700,jul/25/2020 11:15 a. m.,4,d,Choque,jul/25/2020 11:15 a. m.,1,3,4,1,2,Carrera 48 X Calle 100 Sur,121
12222,A001187680,jul/16/2020 11:55 a. m.,3,h,Choque,jul/16/2020 11:55 a. m.,1,1,1,1,1,Carrera 50 X Calle 98A Sur,157
12223,A001187682,jul/17/2020 06:00 a. m.,27,h,Choque,jul/17/2020 06:00 a. m.,1,1,1,1,1,Carrera 55 X Calle 80 Sur,139
12224,A001187684,jul/18/2020 08:40 p. m.,2,h,Caida Ocupante,jul/18/2020 08:40 p. m.,1,1,1,1,1,Carrera 50 X Calle 100B Sur,157
12226,A001187645,jul/03/2020 07:00 p. m.,1,d,Choque,jul/03/2020 07:00 p. m.,1,1,1,1,1,Carrera 50 X Calle 100B Sur,134
12227,A001187670,jul/14/2020 09:00 p. m.,3,d,Choque,jul/14/2020 09:00 p. m.,1,1,1,1,1,Carrera 50 X Calle 97B Sur,122
12228,A001187678,jul/16/2020 08:25 a. m.,1,d,Choque,jul/16/2020 08:25 a. m.,1,1,1,1,1,Calle 77 Sur X Carrera 57,157
12241,A0000000267,abr/24/2020 02:30 p. m.,7,h,Choque,abr/24/2020 02:30 p. m.,1,1,1,2,1,Calle 82 Sur X Carrera 56B,121
12242,A0000000268,abr/25/2020 08:40 a. m.,3,h,Caida Ocupante,abr/25/2020 08:40 a. m.,1,1,1,1,1,Carrera 50 X Calle 93B Sur,157