NRO_RADICADO,NUMERO_EXPEDIENTE,FECHA_ACCIDENTE,ID_ZONA,GRAVEDAD,DESC_CLASE_ACCIDENTE,HORA_ACCIDENTE,AREA,SECTOR,ZONA,DISENO,ESTADO_TIEMPO,VIA_ACCID,POSIBLE_CAUSA
12243,A0000000269,abr/26/2020 02:30 p. m.,3,h,Choque,abr/26/2020 02:30 p. m.,1,2,1,1,1,Carrera 50 X Calle 80 Sur,112
12255,A0000000270,abr/27/2020 04:00 p. m.,13,h,Choque,abr/27/2020 04:00 p. m.,1,2,1,1,1,Carrera 50 X Calle 91 Sur,121
12256,A000000500,ago/11/2020 06:40 p. m.,19,h,Caida Ocupante,ago/11/2020 06:40 p. m.,1,1,1,1,1,Calle 75B X Carrera 54,157
12281,A0000000295,may/08/2020 04:30 p. m.,11,h,Caida Ocupante,may/08/2020 04:30 p. m.,1,1,1,1,1,Calle 73 Sur X Carrera 63,112
12282,A0000000298,may/09/2020 10:30 a. m.,11,h,Otro,may/09/2020 10:30 a. m.,1,1,1,1,1,Calle 73 Sur X Carrera 66D,411
12283,A0000000297,may/09/2020 09:00 a. m.,11,h,Caida Ocupante,may/09/2020 09:00 a. m.,1,1,1,1,1,Calle 73 X Carrera 66,157
12284,A0000000299,may/09/2020 01:30 p. m.,2,d,Choque,may/09/2020 01:30 p. m.,1,3,1,2,1,Calle 100 Sur X Carrera 49D,112
12285,A000000301,may/10/2020 10:22 p. m.,26,h,Caida Ocupante,may/10/2020 10:22 p. m.,1,1,1,1,1,Calle 74 Sur X Carrera 57,157
12286,A000000302,may/12/2020 03:40 a. m.,26,h,Caida Ocupante,may/12/2020 03:40 a. m.,1,1,1,1,1,Carrera 54 X Calle 95 Sur,112
12287,A000000303,may/11/2020 09:40 a. m.,8,h,Atropello,may/11/2020 09:40 a. m.,1,3,1,1,1,Carrera 55 X Calle 77 Sur,157
12288,A000000305,may/13/2020 12:52 p. m.,14,h,Choque,may/13/2020 12:52 p. m.,1,2,1,1,1,Carrera 50 X Calle 91 Sur,101
12289,A000000307,may/14/2020 09:00 a. m.,4,d,Choque,may/14/2020 09:00 a. m.,1,3,1,1,1,Carrera 48 X Calle 100B Sur,145
12290,A000000309,may/16/2020 06:00 a. m.,26,h,Caida Ocupante,may/16/2020 06:00 a. m.,1,1,1,1,1,Calle 80 Sur X Carrera 63,112
9786,A00000297,abr/12/2018 07:40 a. m.,23,h,Choque,abr/12/2018 07:40 a. m.,1,1,1,1,1,Calle 80 Sur X Carrera 54,143
9788,A00000280,abr/05/2018 06:00 a. m.,14,h,Atropello,abr/05/2018 06:00 a. m.,1,1,1,1,1,Carrera 50 X Calle 83C Sur,409
9789,A00000294,abr/10/2018 03:00 p. m.,19,h,Choque,abr/10/2018 03:00 p. m.,1,1,1,1,1,Calle 77 Sur X Carrera 59,143
9790,A00000303,abr/12/2018 08:20 a. m.,2,d,Choque,abr/12/2018 08:20 a. m.,1,1,1,1,1,Carrera 50 X Calle 98 Sur,143
9791,A00000217,mar/14/2018 07:20 a. m.,2,h,Atropello,mar/14/2018 07:20 a. m.,1,1,1,1,1,Carrera 50 X Calle 94B Sur,143
9799,A00000281,abr/06/2018 03:30 p. m.,4,d,Choque,abr/06/2018 03:30 p. m.,1,1,1,1,1,Carrera 50 X Calle 48 Sur,143
9800,A00000222,mar/14/2018 06:00 a. m.,4,h,Choque,mar/14/2018 06:00 a. m.,1,1,1,1,1,Carrera 50 X Calle 48 Sur,143
9801,A00000282,abr/06/2018 03:00 p. m.,14,d,Choque,abr/06/2018 03:00 p. m.,1,1,1,1,1,Carrera 55 X Calle 87 Sur,143
9807,A00000169,feb/28/2018 06:40 p. m.,14,h,Choque,feb/28/2018 06:40 p. m.,1,1,1,1,1,Calle 80 Sur X Carrera 52,143
10348,A0000057,ene/23/2018 10:40 a. m.,7,h,Atropello,ene/23/2018 10:40 a. m.,1,1,1,1,1,Calle 87 Sur X Carrera 55,409
10349,A0000069,ene/27/2018 07:30 p. m.,2,h,Atropello,ene/27/2018 07:30 p. m.,1,1,1,1,1,Calle 94 Sur X Carrera 55,409
10350,A00000070,ene/28/2018 10:10 a. m.,1,h,Choque,ene/28/2018 10:10 a. m.,1,1,1,1,1,Carrera 61 X Calle 81 Sur,143
10545,A00000043,ene/19/2019 04:10 p. m.,3,d,Choque,ene/19/2019 04:10 p. m.,1,1,1,1,1,Carrera 50 X Calle 98 Sur,143
10704,A00000228,mar/19/2019 10:00 a. m.,24,d,Choque,mar/19/2019 10:00 a. m.,1,1,1,1,1,Calle 87 Sur X Carrera 67,143
10705,A00000233,mar/20/2019 07:50 p. m.,27,d,Choque,mar/20/2019 07:50 p. m.,1,1,1,1,1,Carrera 54 X Calle 75AA Sur,143
10707,A00000234,mar/20/2019 08:00 a. m.,24,h,Choque,mar/20/2019 08:00 a. m.,1,1,1,2,1,Carrera 62 X Calle 87 Sur,143
10746,A00000004,ene/03/2019 12:40 p. m.,23,d,Choque,ene/03/2019 12:40 p. m.,1,1,1,1,1,Carrera 50 X Calle 79B Sur,143
10747,A00000005,ene/03/2019 03:45 p. m.,17,d,Choque,ene/03/2019 03:45 p. m.,1,1,1,1,1,Calle 80 Sur X Carrera 57,143
10749,A00000010,ene/05/2019 04:10 p. m.,3,h,Choque,ene/05/2019 04:10 p. m.,1,1,1,1,1,Carrera 50 X Calle 79 Sur,143
10751,A00000013,ene/08/2019 05:00 p. m.,23,d,Choque,ene/08/2019 05:00 p. m.,1,1,1,1,1,Carrera 54 X Calle 80 Sur,140
10752,A00000014,ene/08/2019 05:30 p. m.,3,d,Choque,ene/08/2019 05:30 p. m.,1,1,1,1,1,Carrera 50 X Calle 79 Sur,143
10753,A00000016,ene/09/2019 07:25 p. m.,3,h,Choque,ene/09/2019 07:25 p. m.,1,1,1,1,1,Carrera 50 X Calle 80 Sur,143
10754,A00000017,ene/09/2019 05:10 p. m.,3,h,Choque,ene/09/2019 05:10 p. m.,1,1,1,1,1,Carrera 50 X Calle 79 Sur,143
10755,A00000020,ene/10/2019 12:50 p. m.,18,h,Choque,ene/10/2019 12:50 p. m.,1,1,1,1,1,Carrera 50 X Calle 77 Sur,143
10756,A00000028,ene/13/2019 04:15 p. m.,9,d,Choque,ene/13/2019 04:15 p. m.,1,1,1,1,1,Calle 74 Sur X Carrera 54A,143
10758,A00000029,ene/13/2019 07:00 p. m.,1,h,Choque,ene/13/2019 07:00 p. m.,1,1,1,1,1,Calle 80 Sur X Carrera 61,143
10759,A00000031,ene/13/2019 04:00 p. m.,12,d,Choque,ene/13/2019 04:00 p. m.,1,1,1,10,1,Carrera 50 X Calle 95 Sur,140
10761,A00000261,mar/25/2019 02:00 a. m.,22,h,Caida Ocupante,mar/25/2019 02:00 a. m.,1,1,1,1,1,Calle 82 Sur X Carrera 57,143
10762,A00000262,mar/29/2019 12:50 p. m.,26,d,Choque,mar/29/2019 12:50 p. m.,1,1,1,1,1,Calle 74 Sur X Carrera 66D,143
10763,A00000034,ene/16/2019 01:00 p. m.,14,d,Choque,ene/16/2019 01:00 p. m.,1,1,1,1,1,Carrera 55 X Calle 88 Sur,143
10764,A00000036,ene/16/2019 06:40 a. m.,3,d,Choque,ene/16/2019 06:40 a. m.,1,1,1,1,1,Carrera 50 X Calle 79C Sur,143
10766,A00000037,ene/17/2019 07:20 a. m.,23,d,Choque,ene/17/2019 07:20 a. m.,1,1,1,2,1,Carrera 55 X Calle 79C Sur,143
10767,A00000039,ene/17/2019 01:55 p. m.,4,d,Choque,ene/17/2019 01:55 p. m.,1,1,1,2,1,Calle 48 Sur X Carrera 50,143
10768,A00000040,ene/17/2019 02:00 p. m.,27,h,Choque,ene/17/2019 02:00 p. m.,1,1,1,1,1,Calle 75AB Sur X Carrera 53,143
10779,A00001000,dic/10/2018 12:35 p. m.,18,h,Choque,dic/10/2018 12:35 p. m.,1,1,1,2,1,Calle 76 Sur X Carrera 53,143
10780,A00001003,dic/01/2018 08:40 a. m.,3,d,Choque,dic/01/2018 08:40 a. m.,1,1,1,1,1,Carrera 50 X Calle 100 Sur,143
10781,A00001005,dic/09/2018 07:10 p. m.,4,h,Choque,dic/09/2018 07:10 p. m.,1,1,1,1,1,Carrera 50 X Calle 48 Sur,143
10782,A00001006,dic/11/2018 09:20 a. m.,3,d,Choque,dic/11/2018 09:20 a. m.,1,1,1,1,1,Carrera 50 X Calle 79 Sur,143
10783,A00001009,dic/12/2018 06:50 a. m.,18,d,Choque,dic/12/2018 06:50 a. m.,1,1,1,1,1,Calle 77 Sur X Carrera 50A,143
10784,A00001011,dic/12/2018 03:30 p. m.,18,h,Choque,dic/12/2018 03:30 p. m.,1,1,1,7,1,Calle 77 Sur X Carrera 52D,143
10785,A00001012,dic/13/2018 07:00 p. m.,24,d,Choque,dic/13/2018 07:00 p. m.,1,1,1,1,1,Carrera 62 X Calle 86 Sur,143
10826,A00000292,abr/07/2019 12:10 p. m.,7,d,Volcamiento,abr/07/2019 12:10 p. m.,1,1,1,1,1,Carrera 56B X Calle 82A Sur,143
10827,A00000291,abr/07/2019 02:20 p. m.,26,h,Caida Ocupante,abr/07/2019 02:20 p. m.,1,1,1,1,1,Carrera 55B X Calle 79BB Sur,143
10828,A00000881,oct/27/2018 11:00 a. m.,24,d,Choque,oct/27/2018 11:00 a. m.,1,1,1,1,1,Calle 87 Sur X Carrera 64A,143
10856,A00000151,feb/20/2019 03:20 p. m.,23,d,Choque,feb/20/2019 03:20 p. m.,1,1,1,1,1,Calle 80 Sur X Carrera 54,143
10857,A00000077,ene/29/2019 07:40 a. m.,5,h,Caida Ocupante,ene/29/2019 07:40 a. m.,1,1,1,1,1,Carrera 55 X Calle 91 Sur,143
10858,A00000079,ene/28/2019 11:40 a. m.,5,h,Caida Ocupante,ene/28/2019 11:40 a. m.,1,1,1,1,1,Calle 88 Sur X Carrera 50,143
10866,A00000986,dic/06/2018 04:50 p. m.,23,d,Choque,dic/06/2018 04:50 p. m.,1,1,1,1,1,Carrera 50 X Calle 79B Sur,143
10867,A00000304,abr/11/2019 06:00 p. m.,18,d,Choque,abr/11/2019 06:00 p. m.,1,1,1,1,1,Carrera 52A X Calle 77 Sur,143
10868,A00000305,abr/13/2019 08:20 p. m.,15,h,Atropello,abr/13/2019 08:20 p. m.,1,1,1,1,1,Calle 73 Sur X Carrera 63AA,143
10869,A00000306,abr/13/2019 12:50 p. m.,15,d,Choque,abr/13/2019 12:50 p. m.,1,1,1,1,1,Carrera 62A X Calle 75B Sur,143
10870,A00000307,abr/14/2019 08:30 a. m.,23,h,Caida Ocupante,abr/14/2019 08:30 a. m.,1,1,1,1,1,Carrera 55 X Calle 79 Sur,143
11171,A00000502,jun/21/2019 08:30 p. m.,18,d,Choque,jun/21/2019 08:30 p. m.,1,1,1,1,1,Calle 77 Sur X Carrera 50,143
11172,A00000504,jun/22/2019 06:45 p. m.,7,h,Caida Ocupante,jun/22/2019 06:45 p. m.,1,1,1,1,1,Calle 82A Sur X Carrera 56,140
11173,A00000505,jun/23/2019 12:50 a. m.,3,h,Otro,jun/23/2019 12:50 a. m.,1,1,1,1,1,Carrera 50 X Calle 80 Sur,140
11174,A00000506,jun/23/2019 08:10 a. m.,3,h,Choque,jun/23/2019 08:10 a. m.,1,1,1,1,1,Carrera 50 X Calle 98D Sur,143
11175,A00000507,jun/25/2019 07:15 p. m.,1,h,Atropello,jun/25/2019 07:15 p. m.,1,1,1,1,1,Calle 80 Sur X Carrera 59,409
11176,A00000508,jun/25/2019 02:30 p. m.,2,d,Choque,jun/25/2019 02:30 p. m.,1,1,1,1,1,Calle 100 Sur X Carrera 50,143
11177,A00000509,jun/25/2019 05:40 p. m.,3,h,Otro,jun/25/2019 05:40 p. m.,1,1,1,1,1,Carrera 50 X Calle 98 Sur,140
11230,A00000570,jul/15/2019 09:20 a. m.,2,h,Caida Ocupante,jul/15/2019 09:20 a. m.,1,1,1,1,1,Calle 100 Sur X Carrera 50,140
11231,A00000571,jul/15/2019 02:10 p. m.,2,d,Choque,jul/15/2019 02:10 p. m.,1,1,1,1,1,Carrera 50 X Calle 100B Sur,143
11232,A00000569,jul/15/2019 02:10 p. m.,3,d,Choque,jul/15/2019 02:10 p. m.,1,1,1,1,1,Carrera 50 X Calle 97 Sur,143
11233,A00000565,jul/13/2019 04:10 p. m.,3,h,Atropello,jul/13/2019 04:10 p. m.,1,1,1,1,1,Carrera 50 X Calle 77 Sur,409
11234,A00000567,jul/14/2019 10:40 p. m.,19,h,Choque,jul/14/2019 10:40 p. m.,1,1,1,2,1,Calle 77 Sur X Carrera 57,143
11235,A00000568,jul/15/2019 07:30 p. m.,14,h,Otro,jul/15/2019 07:30 p. m.,1,1,1,1,1,Carrera 50 X Calle 80 Sur,140
11236,A00000564,jul/13/2019 08:10 p. m.,19,h,Choque,jul/13/2019 08:10 p. m.,1,1,1,1,1,Calle 77 Sur X Carrera 55,143
11347,A00000119,feb/07/2019 09:00 a. m.,23,h,Caida Ocupante,feb/07/2019 09:00 a. m.,1,1,1,1,1,Calle 80 X Carrera 55 Sur,143
11604,A00000481,jun/14/2019 06:00 p. m.,3,h,Atropello,jun/14/2019 06:00 p. m.,1,1,1,1,1,Carrera 50 X Calle 93,143
11740,A00000973,nov/25/2019 12:10 a. m.,3,h,Choque,nov/25/2019 12:10 a. m.,1,1,1,1,1,Carrera 49B X Calle 88A Sur,143
11745,A000001018,dic/08/2019 07:30 p. m.,2,d,Choque,dic/08/2019 07:30 p. m.,1,1,1,1,1,Carrera 50 X Calle 100 Sur,143
11746,A0000000016,ene/08/2020 10:00 a. m.,15,h,Choque,ene/08/2020 10:00 a. m.,1,1,1,1,1,Calle 73 Sur X Carrera 63AA,143
11747,A0000000018,ene/10/2020 05:00 p. m.,15,h,Caida Ocupante,ene/10/2020 05:00 p. m.,1,1,1,1,1,Calle 77 Sur X Carrera 62,143
11748,A0000000019,ene/10/2020 05:40 a. m.,15,h,Choque,ene/10/2020 05:40 a. m.,1,1,1,1,1,Calle 73 Sur X Carrera 63AA,143
11752,A000001044,dic/16/2019 07:00 a. m.,4,d,Choque,dic/16/2019 07:00 a. m.,1,1,1,1,1,Carrera 48 X Calle 100,143
11763,A0000000014,ene/07/2020 09:00 p. m.,1,h,Choque,ene/07/2020 09:00 p. m.,1,1,1,1,1,Carrera 55 X Calle 79 Sur,157
11777,A000001077,dic/30/2019 05:30 p. m.,22,d,Choque,dic/30/2019 05:30 p. m.,1,1,1,1,1,Carrera 56 X Calle 80 Sur,143
11778,A000001052,dic/20/2019 09:00 a. m.,5,h,Caida Ocupante,dic/20/2019 09:00 a. m.,1,1,1,1,1,Carrera 60 X Calle 87 Sur,143
11779,A000001053,dic/20/2019 05:50 a. m.,18,h,Caida Ocupante,dic/20/2019 05:50 a. m.,1,1,1,1,1,Calle 77 Sur X Carrera 52,143
11780,A000001055,dic/20/2019 02:30 p. m.,5,h,Caida Ocupante,dic/20/2019 02:30 p. m.,1,1,1,1,1,Calle 95 Sur X Carrera 55,143
11781,A0000000164,feb/21/2020 07:00 a. m.,14,h,Otro,feb/21/2020 07:00 a. m.,1,2,1,1,1,Carrera 50 X Calle 83 Sur,157
11783,A00000962,nov/20/2019 05:50 a. m.,19,d,Choque,nov/20/2019 05:50 a. m.,1,2,1,2,1,Calle 77 Sur X Carrera 54,143
11789,A0000000115,feb/09/2020 07:50 p. m.,8,d,Choque,feb/09/2020 07:50 p. m.,1,1,1,1,1,Calle 77 Sur X Carrera 55,143
11812,A0000000199,mar/06/2020 04:55 a. m.,2,d,Choque,mar/06/2020 04:55 a. m.,1,2,1,1,1,Calle 100 Sur X Carrera 49D,157
11818,A0000000183,feb/28/2020 08:20 p. m.,3,h,Choque,feb/28/2020 08:20 p. m.,1,1,1,1,1,Carrera 50 X Calle 78 Sur,121
11819,A0000000131,feb/15/2020 12:00 p. m.,2,d,Choque,feb/15/2020 12:00 p. m.,1,3,1,2,1,Carrera 50 X Calle 100 Sur,143
11828,A000001068,dic/25/2019 09:10 p. m.,2,d,Volcamiento,dic/25/2019 09:10 p. m.,1,2,1,1,1,Calle 100 Sur X Carrera 48,157
11829,A0000000174,ene/26/2020 11:10 a. m.,4,d,Choque,ene/26/2020 11:10 a. m.,1,2,1,1,1,Calle 100 Sur X Carrera 48,121
11830,A0000000179,feb/27/2020 01:00 p. m.,2,h,Choque,feb/27/2020 01:00 p. m.,1,2,1,1,1,Calle 100 Sur X Carrera 48D,157
11832,A0000000172,feb/25/2020 12:50 a. m.,5,h,Caida Ocupante,feb/25/2020 12:50 a. m.,1,1,1,1,1,Calle 98 Sur X Carrera 55,157
11833,A0000000173,feb/25/2020 03:20 p. m.,3,d,Choque,feb/25/2020 03:20 p. m.,1,3,1,1,1,Carrera 50 X Calle 79 Sur,121
11834,A00000940,nov/10/2019 01:30 p. m.,3,d,Choque,nov/10/2019 01:30 p. m.,1,1,1,1,1,Carrera 50 X Calle 79 Sur,121
11835,A000001048,dic/18/2019 08:00 p. m.,15,h,Caida Ocupante,dic/18/2019 08:00 p. m.,1,1,1,1,1,Calle 75B Sur X Carrera 62A,143
11836,A000001023,dic/11/2019 11:50 a. m.,3,d,Choque,dic/11/2019 11:50 a. m.,1,1,1,1,1,Carrera 50 X Calle 89 Sur,145
11866,A0000000202,mar/08/2020 11:40 a. m.,12,h,Choque,mar/08/2020 11:40 a. m.,1,3,1,2,1,Carrera 50 X Calle 96A Sur,143
11867,A0000000204,mar/06/2020 05:45 p. m.,2,d,Choque,mar/06/2020 05:45 p. m.,1,1,1,1,1,Calle 100B Sur X Carrera 50,143
11868,A0000000205,mar/09/2020 03:30 a. m.,3,h,Choque,mar/09/2020 03:30 a. m.,1,2,1,1,1,Carrera 50 X Calle 79C,114
11869,A0000000206,mar/09/2020 01:01 p. m.,3,h,Choque,mar/09/2020 01:01 p. m.,1,2,1,1,1,Carrera 50 X Calle 79C Sur,112
11870,A0000000207,mar/09/2020 02:00 p. m.,19,h,Caida Ocupante,mar/09/2020 02:00 p. m.,1,2,1,2,1,Calle 77 Sur X Carrera 54,157
11871,A0000000208,mar/09/2020 04:00 p. m.,2,h,Choque,mar/09/2020 04:00 p. m.,1,2,1,1,1,Carrera 50 X Calle 97B Sur,104
11872,A0000000209,mar/09/2020 09:30 p. m.,3,h,Caida Ocupante,mar/09/2020 09:30 p. m.,1,1,1,1,1,Carrera 50 X Calle 98B Sur,157
11875,A0000000214,mar/12/2020 07:30 p. m.,19,d,Choque,mar/12/2020 07:30 p. m.,1,1,1,1,1,Carrera 54 X Calle 77 Sur,121
11876,A0000000215,mar/13/2020 03:00 p. m.,3,h,Caida Ocupante,mar/13/2020 03:00 p. m.,1,2,1,1,1,Carrera 50 X Calle 98 Sur,212
11877,A0000000210,mar/10/2020 05:55 p. m.,2,d,Choque,mar/10/2020 05:55 p. m.,1,1,1,2,1,Calle 100 Sur X Carrera 49D,132
11878,A0000000177,feb/26/2020 07:30 p. m.,3,d,Choque,feb/26/2020 07:30 p. m.,1,3,1,1,1,Carrera 50 X Calle 78 Sur,105
10635,A00001007,dic/12/2018 09:30 a. m.,9,h,Caida Ocupante,dic/12/2018 09:30 a. m.,1,1,1,1,1,Calle 74 Sur X Carrera 57,140
10636,A00001008,dic/12/2018 10:10 p. m.,2,h,Caida Ocupante,dic/12/2018 10:10 p. m.,1,1,1,1,1,Carrera 50 X Calle 98A Sur,140
10637,A00001010,dic/13/2018 05:50 a. m.,23,h,Caida Ocupante,dic/13/2018 05:50 a. m.,1,1,1,1,1,Carrera 50 X Calle 79 Sur,140
10638,A00001014,dic/14/2018 05:00 p. m.,1,h,Caida Ocupante,dic/14/2018 05:00 p. m.,1,1,1,1,1,Calle 81 Sur X Carrera 60,140
10639,A00001017,dic/15/2018 02:40 a. m.,20,h,Atropello,dic/15/2018 02:40 a. m.,1,1,1,1,1,Carrera 62 X Calle 80 Sur,409
10641,A00001018,dic/15/2018 09:20 p. m.,2,h,Otro,dic/15/2018 09:20 p. m.,1,1,1,1,1,Carrera 50 X Calle 98 Sur,140
10642,A00001020,dic/16/2018 01:00 p. m.,3,h,Atropello,dic/16/2018 01:00 p. m.,1,1,1,1,1,Carrera 50 X Calle 77 Sur,409
10643,A00001021,dic/16/2018 03:50 p. m.,3,h,Caida Ocupante,dic/16/2018 03:50 p. m.,1,1,1,1,1,Carrera 50 X Calle 98 Sur,140
10645,A00001024,dic/17/2018 12:40 p. m.,2,h,Caida Ocupante,dic/17/2018 12:40 p. m.,1,1,1,1,1,Calle 100B Sur X Carrera 66,140
10646,A00001025,dic/17/2018 08:00 p. m.,19,h,Caida Ocupante,dic/17/2018 08:00 p. m.,1,1,1,1,1,Calle 77 Sur X Carrera 57D,140
10647,A00000970,dic/03/2018 09:00 a. m.,1,h,Caida Ocupante,dic/03/2018 09:00 a. m.,1,1,1,1,1,Calle 81 Sur X Carrera 63,140
10812,A00001035,dic/22/2018 04:00 p. m.,3,d,Choque,dic/22/2018 04:00 p. m.,1,1,1,1,1,Carrera 50 X Calle 79C Sur,143
10814,A00001036,dic/22/2018 07:00 a. m.,3,h,Atropello,dic/22/2018 07:00 a. m.,1,1,1,1,1,Carrera 50 X Calle 79 Sur,409
10817,A00001038,dic/25/2018 02:00 a. m.,23,h,Caida Ocupante,dic/25/2018 02:00 a. m.,1,1,1,1,1,Calle 79 Sur X Carrera 52,140
10818,A00001039,dic/05/2018 09:40 a. m.,2,m,Volcamiento,dic/05/2018 09:40 a. m.,1,1,1,1,1,Carrera 50 X Calle 100B Sur,140
10841,A00000290,abr/06/2019 03:00 a. m.,3,d,Choque,abr/06/2019 03:00 a. m.,1,1,1,1,1,Calle 80 Sur X Carrera 56,143
10842,A00000965,nov/30/2018 06:30 a. m.,26,d,Choque,nov/30/2018 06:30 a. m.,1,1,1,1,1,Calle 87 Sur X Carrera 55 Sur,143
10855,A00000894,nov/02/2018 09:50 p. m.,3,d,Choque,nov/02/2018 09:50 p. m.,1,1,1,1,1,Carrera 50 X Calle 80 Sur,143
10910,A00000971,dic/30/2018 06:20 p. m.,2,h,Volcamiento,dic/30/2018 06:20 p. m.,1,1,1,1,1,Carrera 48 X Calle 98 Sur,143
10911,A00000177,feb/27/2019 06:50 a. m.,4,d,Choque,feb/27/2019 06:50 a. m.,1,1,1,1,1,Carrera 48 X Calle 79C Sur,143
10916,A00000342,abr/26/2019 06:00 a. m.,19,d,Choque,abr/26/2019 06:00 a. m.,1,1,1,2,1,Calle 77 Sur X Carrera 57B,143
10917,A00000343,abr/26/2019 01:00 p. m.,23,d,Choque,abr/26/2019 01:00 p. m.,1,1,1,1,1,Carrera 52 X Calle 79 Sur,140
10918,A00000345,abr/26/2019 04:30 p. m.,20,d,Choque,abr/26/2019 04:30 p. m.,1,1,1,1,1,Carrera 63 X Calle 80 Sur,143
10919,A00000346,abr/26/2019 06:00 p. m.,3,h,Otro,abr/26/2019 06:00 p. m.,1,1,1,1,1,Carrera 50 X Calle 94B Sur,140
10920,A00000347,abr/27/2019 07:40 a. m.,3,h,Otro,abr/27/2019 07:40 a. m.,1,1,1,1,1,Carrera 50 X Calle 83 Sur,140
10921,A00000348,abr/27/2019 09:30 a. m.,14,h,Atropello,abr/27/2019 09:30 a. m.,1,1,1,1,1,Carrera 55 X Calle 83C Sur,409
10922,A00000349,abr/27/2019 01:00 p. m.,4,d,Choque,abr/27/2019 01:00 p. m.,1,1,1,1,1,Carrera 50 X Calle 79C Sur,143
10923,A00000350,abr/28/2019 07:35 p. m.,3,h,Caida Ocupante,abr/28/2019 07:35 p. m.,1,1,1,1,1,Carrera 49D X Calle 94 Sur,140
10924,A00000351,abr/28/2019 07:57 a. m.,3,h,Caida Ocupante,abr/28/2019 07:57 a. m.,1,1,1,1,1,Carrera 50 X Calle 95 Sur,143
10925,A00000352,abr/28/2019 10:20 a. m.,2,h,Atropello,abr/28/2019 10:20 a. m.,1,1,1,1,1,Carrera 50 X Calle 100B Sur,409
11000,A00000373,may/04/2019 03:00 p. m.,2,d,Choque,may/04/2019 03:00 p. m.,1,1,1,1,1,Carrera 50 X Calle 101 Sur,143
11001,A00000365,may/02/2019 04:20 a. m.,24,h,Choque,may/02/2019 04:20 a. m.,1,1,1,1,1,Carrera 65B X Calle 87 Sur,143
11003,A00001046,dic/27/2018 04:10 p. m.,18,h,Choque,dic/27/2018 04:10 p. m.,1,1,1,1,1,Carrera 50 X Calle 77 Sur,143
11005,A00000074,ene/23/2019 01:45 p. m.,3,d,Choque,ene/23/2019 01:45 p. m.,1,1,1,1,1,Calle 80 Sur X Carrera 50,143
11006,A00000404,may/16/2019 06:05 a. m.,23,h,Choque,may/16/2019 06:05 a. m.,1,1,1,1,1,Carrera 53 X Calle 75AB Sur,143
11007,A00000400,may/14/2019 07:00 a. m.,3,h,Choque,may/14/2019 07:00 a. m.,1,1,1,1,1,Carrera 50 X Calle 79 Sur,143
11008,A00000403,may/12/2019 02:10 a. m.,4,h,Volcamiento,may/12/2019 02:10 a. m.,1,1,1,1,1,Carrera 50 X Calle 48 Sur,140
11009,A00000367,may/02/2019 01:10 p. m.,16,h,Atropello,may/02/2019 01:10 p. m.,1,1,1,1,1,Calle 83C Sur X Carrera 55,409
11010,A00000368,may/02/2019 01:40 p. m.,18,h,Choque,may/02/2019 01:40 p. m.,1,1,1,1,1,Carrera 50 X Calle 77 Sur,143
11011,A00000369,may/03/2019 09:00 a. m.,17,d,Choque,may/03/2019 09:00 a. m.,1,1,1,2,1,Calle 80 Sur X Carrera 55,143
11012,A00000370,may/03/2019 06:40 p. m.,3,d,Choque,may/03/2019 06:40 p. m.,1,1,1,1,1,Carrera 50 X Calle 91 Sur,143
11013,A00000371,may/03/2019 05:30 p. m.,2,d,Choque,may/03/2019 05:30 p. m.,1,1,1,1,1,Calle 100 Sur X Carrera 49BB,143
11014,A00000372,may/03/2019 07:30 a. m.,2,d,Choque,may/03/2019 07:30 a. m.,1,1,1,1,1,Calle 99 Sur X Carrera 49D,143
11025,A00000958,nov/27/2018 10:40 a. m.,3,d,Choque,nov/27/2018 10:40 a. m.,1,1,1,1,1,Carrera 50 X Calle 77 Sur,143
11026,A00000947,nov/24/2018 06:55 p. m.,2,d,Choque,nov/24/2018 06:55 p. m.,1,1,1,1,1,Carrera 50 X Calle 100B Sur,143
11027,A00000055,ene/23/2019 01:00 p. m.,20,d,Choque,ene/23/2019 01:00 p. m.,1,1,1,1,1,Calle 77 Sur X Carrera 62,143
11066,A00000424,may/24/2019 11:00 a. m.,3,d,Choque,may/24/2019 11:00 a. m.,1,1,1,1,1,Calle 97B Sur X Carrera 50,143
11067,A00000425,may/24/2019 05:30 p. m.,18,d,Choque,may/24/2019 05:30 p. m.,1,1,1,1,1,Carrera 50 X Calle 77A Sur,143
11068,A00000426,may/25/2019 09:50 p. m.,3,d,Choque,may/25/2019 09:50 p. m.,1,1,1,1,1,Carrera 50 X Calle 79 Sur,143
11069,A00000427,may/24/2019 12:50 p. m.,23,d,Choque,may/24/2019 12:50 p. m.,1,1,1,1,1,Calle 79 Sur X Carrera 50,143
11070,A00000078,ene/28/2019 03:20 p. m.,7,h,Choque,ene/28/2019 03:20 p. m.,1,1,1,1,1,Calle 82A Sur X Carrera 56,143
11071,A00000048,ene/22/2019 01:20 p. m.,9,h,Choque,ene/22/2019 01:20 p. m.,1,1,1,1,1,Calle 75 Sur X Carrera 54,143
11178,A00000111,feb/05/2019 09:30 p. m.,2,d,Choque,feb/05/2019 09:30 p. m.,1,1,1,1,1,Calle 100 Sur X Carrera 48,143