NRO_RADICADO,NUMERO_EXPEDIENTE,FECHA_ACCIDENTE,ID_ZONA,GRAVEDAD,DESC_CLASE_ACCIDENTE,HORA_ACCIDENTE,AREA,SECTOR,ZONA,DISENO,ESTADO_TIEMPO,VIA_ACCID,POSIBLE_CAUSA
11179,A00000169,feb/25/2019 03:30 p. m.,18,d,Choque,feb/25/2019 03:30 p. m.,1,1,1,1,1,Calle 77 Sur X Carrera 50A,143
11253,A00000595,jul/22/2019 09:50 a. m.,19,h,Caida Ocupante,jul/22/2019 09:50 a. m.,1,1,1,1,1,Calle 77 Sur X Carrera 50A,140
11254,A00000596,jul/22/2019 12:20 p. m.,23,d,Choque,jul/22/2019 12:20 p. m.,1,1,1,2,1,Carrera 48 X Calle 79C Sur,143
11255,A00000574,jul/17/2019 08:30 a. m.,23,h,Otro,jul/17/2019 08:30 a. m.,1,1,1,1,1,Calle 79 Sur X Carrera 53,140
11256,A00000594,jul/23/2019 05:00 p. m.,24,d,Choque,jul/23/2019 05:00 p. m.,1,1,1,1,1,Calle 87 Sur X Carrera 61,143
11257,A00000588,jul/22/2019 03:00 p. m.,3,d,Choque,jul/22/2019 03:00 p. m.,1,1,1,1,1,Carrera 50 X Calle 100B Sur,140
11483,A00000770,sept/18/2019 07:40 a. m.,19,h,Choque,sept/18/2019 07:40 a. m.,1,1,1,2,1,Calle 77 Sur X Carrera 59,143
11484,A00000754,sept/13/2019 03:30 p. m.,2,h,Choque,sept/13/2019 03:30 p. m.,1,1,1,1,1,Carrera 50 X Calle 100B Sur,143
11485,A00000761,sept/14/2019 11:40 a. m.,4,d,Choque,sept/14/2019 11:40 a. m.,1,1,1,1,1,Carrera 48 X Calle 79C Sur,143
11486,A00000762,sept/14/2019 10:30 p. m.,18,h,Caida Ocupante,sept/14/2019 10:30 p. m.,1,1,1,5,1,Carrera 50 X Calle 77 Sur,140
11487,A00000763,sept/14/2019 07:00 a. m.,11,h,Choque,sept/14/2019 07:00 a. m.,1,1,1,1,1,Calle 73 Sur X Carrera 64,143
11488,A00000764,sept/14/2019 06:00 a. m.,18,d,Choque,sept/14/2019 06:00 a. m.,1,1,1,1,1,Calle 77 Sur X Carrera 50A,143
11489,A00000765,sept/15/2019 03:10 a. m.,3,h,Caida Ocupante,sept/15/2019 03:10 a. m.,1,1,1,1,1,Carrera 50 X Calle 80 Sur,140
11490,A00000766,sept/16/2019 05:40 a. m.,15,h,Caida Ocupante,sept/16/2019 05:40 a. m.,1,1,1,1,1,Carrera 62A X Calle 74 Sur,140
11491,A00000767,sept/16/2019 06:50 a. m.,12,h,Choque,sept/16/2019 06:50 a. m.,1,1,1,1,1,Carrera 50 X Calle 95 Sur,143
11492,A00000771,sept/18/2019 07:40 a. m.,19,h,Caida Ocupante,sept/18/2019 07:40 a. m.,1,1,1,1,1,Calle 75AB Sur X Carrera 57,140
12291,A000000310,may/15/2020 04:00 p. m.,14,h,Choque,may/15/2020 04:00 p. m.,1,1,1,1,1,Carrera 50 X Calle 91 Sur,121
12294,A000000318,may/19/2020 10:45 a. m.,17,h,Caida Ocupante,may/19/2020 10:45 a. m.,1,1,1,1,1,Carrera 55 X Calle 80 Sur,303
12327,A00000961,nov/19/2019 05:10 p. m.,19,d,Choque,nov/19/2019 05:10 p. m.,1,3,1,1,1,Calle 77 Sur X Carrera 60,106
12328,A000001063,dic/23/2019 01:40 p. m.,26,h,Choque,dic/23/2019 01:40 p. m.,1,1,1,2,1,Carrera 55 X Calle 793 Sur,106
12329,A0000000031,ene/16/2020 05:30 a. m.,2,d,Choque,ene/16/2020 05:30 a. m.,1,1,1,1,1,Calle 100 Sur X Carrera 52A,112
12345,A000000514,ago/14/2020 02:10 p. m.,5,d,Choque,ago/14/2020 02:10 p. m.,1,1,1,1,1,Calle 96B Sur X Carrera 55,121
12347,A000000511,ago/14/2020 10:00 a. m.,18,d,Choque,ago/14/2020 10:00 a. m.,1,1,1,1,1,Carrera 52D X Calle 75AB Sur,121
12349,A000000513,ago/14/2020 07:10 p. m.,12,h,Volcamiento,ago/14/2020 07:10 p. m.,1,1,1,1,1,Calle 96B Sur X Carrera 55,202
12350,A000000519,ago/18/2020 06:20 p. m.,4,d,Choque,ago/18/2020 06:20 p. m.,1,2,1,1,2,Carrera 48 X Calle 100 Sur,121
12353,A000000540,ago/22/2020 02:30 p. m.,4,d,Choque,ago/22/2020 02:30 p. m.,1,2,1,1,1,Carrera 48 X Calle 100 Sur,132
12354,A000000541,ago/25/2020 04:40 p. m.,2,d,Choque,ago/25/2020 04:40 p. m.,1,3,1,1,1,Carrera 50 X Calle 100 Sur,112
12355,A000000542,ago/26/2020 04:00 p. m.,4,d,Choque,ago/26/2020 04:00 p. m.,1,2,1,1,1,Carrera 48 X Calle 100 Sur,157
12356,A000000543,ago/26/2020 08:00 p. m.,8,h,Choque,ago/26/2020 08:00 p. m.,1,2,1,1,1,Carrera 55 X Calle 79 Sur,112
12357,A000000544,ago/26/2020 06:20 a. m.,2,h,Caida Ocupante,ago/26/2020 06:20 a. m.,1,1,1,1,1,Carrera 50 X Calle 100B Sur,132
12370,A000000560,sept/01/2020 11:15 a. m.,19,d,Choque,sept/01/2020 11:15 a. m.,1,2,1,1,1,Carrera 54 X Calle 75AB Sur,112
12371,A000000561,sept/01/2020 08:00 a. m.,3,h,Caida Ocupante,sept/01/2020 08:00 a. m.,1,3,1,1,1,Carrera 50 X Calle 80 Sur,143
12384,A000001037,dic/13/2019 06:55 p. m.,2,d,Choque,dic/13/2019 06:55 p. m.,1,2,2,1,1,Calle 100 Sur X Carrera 48,112
12399,A0000000098,feb/04/2020 07:20 p. m.,4,d,Choque,feb/04/2020 07:20 p. m.,1,1,1,1,1,Carrera 50 X Calle 79 Sur,112
12402,A000001034,dic/15/2019 03:15 a. m.,14,d,Choque,dic/15/2019 03:15 a. m.,1,1,1,1,1,Carrera 50 X Calle 100B Sur,114
12428,A000000581,sept/09/2020 12:10 p. m.,10,d,Choque,sept/09/2020 12:10 p. m.,1,1,1,2,1,Carrera 59 X Calle 80 Sur,121
12429,A000000582,sept/10/2020 05:45 p. m.,3,h,Choque,sept/10/2020 05:45 p. m.,1,1,1,1,1,Carrera 50 X Calle 92 Sur,157
12430,A000000583,sept/10/2020 01:20 p. m.,14,h,Caida Ocupante,sept/10/2020 01:20 p. m.,1,1,1,1,1,Calle 87 Sur X Carrera 60,139
12431,A000000584,sept/10/2020 08:30 p. m.,2,h,Caida Ocupante,sept/10/2020 08:30 p. m.,1,1,1,1,1,Calle 100B Sur X Carrera 48BB,112
12440,A0000000077,ene/26/2020 03:10 p. m.,2,d,Choque,ene/26/2020 03:10 p. m.,1,3,4,1,1,Calle 100 X Carrera 48,121
12441,A000000570,sept/06/2020 07:30 p. m.,14,h,Caida Ocupante,sept/06/2020 07:30 p. m.,1,1,1,1,1,Carrera 50 X Calle 91 Sur,119
12442,A000000571,sept/07/2020 06:00 p. m.,5,h,Caida Ocupante,sept/07/2020 06:00 p. m.,1,1,1,1,1,Calle 95 Sur X Carrera 52,157
12443,A000000572,sept/07/2020 03:30 p. m.,2,h,Caida Ocupante,sept/07/2020 03:30 p. m.,1,1,1,1,1,Calle 99 Sur X Carrera 52,157
12444,A000000573,sept/08/2020 07:10 a. m.,2,d,Choque,sept/08/2020 07:10 a. m.,1,3,1,1,1,Calle 100 Sur X Carrera 50,121
12445,A000000576,sept/09/2020 05:50 a. m.,2,h,Caida Ocupante,sept/09/2020 05:50 a. m.,1,1,1,1,1,Carrera 50 X Calle 102 Sur,157
12446,A000000574,sept/08/2020 02:45 p. m.,23,d,Choque,sept/08/2020 02:45 p. m.,1,1,1,2,1,Calle 79 Sur X Carrera 53,139
12447,A000000577,sept/09/2020 08:00 a. m.,14,h,Choque,sept/09/2020 08:00 a. m.,1,2,1,1,1,Carrera 50 X Calle 80 Sur,112
12448,A000000579,sept/09/2020 03:00 p. m.,18,h,Caida Ocupante,sept/09/2020 03:00 p. m.,1,1,1,2,1,Carrera 52 X Calle 75AB,119
12449,A000000810,nov/21/2020 01:00 p. m.,18,d,Choque,nov/21/2020 01:00 p. m.,1,1,1,1,1,Calle 77 Sur X Carrera 51,157
12450,A000000811,nov/21/2020 11:05 a. m.,3,d,Choque,nov/21/2020 11:05 a. m.,1,1,1,1,1,Carrera 50 X Calle 91 Sur,157
12482,A000000770,nov/04/2020 07:15 a. m.,18,d,Choque,nov/04/2020 07:15 a. m.,1,2,1,1,1,Calle 77 Sur X Carrera 52,121
6838,A000213462,may/19/2015 06:20 p. m.,18,h,Caida Ocupante,may/19/2015 06:20 p. m.,1,1,1,1,1,Carrera 52 X Calle 77 Sur,140
6839,A000213411,may/04/2015 10:50 a. m.,3,d,Choque,may/04/2015 10:50 a. m.,1,2,1,1,1,Carrera 50 X Calle 77 Sur,143
6840,A000213435,may/11/2015 05:20 p. m.,3,d,Choque,may/11/2015 05:20 p. m.,1,1,1,1,1,Carrera 50 X Calle 79 Sur,143
6841,A000213397,abr/27/2015 02:30 p. m.,1,d,Choque,abr/27/2015 02:30 p. m.,1,1,1,1,1,Calle 77 Sur X Carrera 59,143
6842,A000213436,may/11/2015 06:40 a. m.,6,d,Choque,may/11/2015 06:40 a. m.,1,1,1,1,1,Carrera 55 X Calle 80 Sur,143
6843,A000213434,may/11/2015 06:20 p. m.,4,d,Choque,may/11/2015 06:20 p. m.,1,1,1,1,1,Carrera 48 X Calle 79C Sur,143
6844,A000213375,abr/19/2015 03:40 a. m.,3,d,Choque,abr/19/2015 03:40 a. m.,1,2,1,1,1,Carrera 50 X Calle 79 Sur,143
6845,A000213442,may/10/2015 09:00 a. m.,14,d,Choque,may/10/2015 09:00 a. m.,1,1,1,1,1,Carrera 55E X Calle 83 Sur,143
6846,A000213450,may/16/2015 12:10 a. m.,3,h,Caida Ocupante,may/16/2015 12:10 a. m.,1,2,1,1,1,Carrera 50 X Calle 78 Sur,140
6847,A000213449,may/15/2015 08:30 p. m.,2,h,Atropello,may/15/2015 08:30 p. m.,1,1,1,1,1,Carrera 50 X Calle 100B Sur,409
6848,A000213441,may/13/2015 04:10 p. m.,23,d,Choque,may/13/2015 04:10 p. m.,1,1,1,1,1,Calle 79C Sur X Carrera 52,143
6849,A000213404,abr/30/2015 10:15 a. m.,4,d,Choque,abr/30/2015 10:15 a. m.,1,1,1,1,1,Carrera 50 X Calle 79 Sur,143
6850,A000213410,may/01/2015 10:00 a. m.,14,h,Caida Ocupante,may/01/2015 10:00 a. m.,1,1,1,1,1,Calle 88 Sur X Carrera 53,140
6851,A000213427,may/09/2015 07:40 p. m.,19,d,Choque,may/09/2015 07:40 p. m.,1,1,1,1,1,Carrera 59 X Calle 77 Sur,143
6852,A000213457,may/17/2015 01:40 p. m.,2,h,Atropello,may/17/2015 01:40 p. m.,1,1,1,1,1,Calle 100C Sur X Carrera 48C,409
6853,A000213454,may/18/2015 12:10 a. m.,13,d,Choque,may/18/2015 12:10 a. m.,1,1,1,1,1,Carrera 50 X Calle 97 Sur,143
6854,A000213439,may/12/2015 01:00 p. m.,3,d,Choque,may/12/2015 01:00 p. m.,1,2,1,1,1,Carrera 50 X Calle 78 Sur,143
6855,A000213414,may/06/2015 07:50 p. m.,23,d,Choque,may/06/2015 07:50 p. m.,1,2,1,1,1,Carrera 55 X Calle 79B Sur,143
6856,A000213453,may/18/2015 02:25 p. m.,9,h,Choque,may/18/2015 02:25 p. m.,1,1,1,1,1,Calle 75 Sur X Carrera 54,143
6878,A000213489,jun/02/2015 03:45 p. m.,15,h,Atropello,jun/02/2015 03:45 p. m.,1,1,1,1,1,Carrera 62A X Calle 75AA Sur,406
6879,A000213477,may/28/2015 01:00 a. m.,2,h,Atropello,may/28/2015 01:00 a. m.,1,1,1,1,1,Carrera 50 X Calle 98 Sur,409
6880,A000213488,jun/01/2015 08:30 p. m.,13,h,Choque,jun/01/2015 08:30 p. m.,1,2,1,1,1,Carrera 50 X Calle 98 Sur,143
7030,A000265889,may/15/2015 07:20 a. m.,3,h,Caida Ocupante,may/15/2015 07:20 a. m.,1,1,1,1,1,Carrera 50 X Calle 97B Sur,140
7031,A000265902,jul/10/2015 08:30 p. m.,3,h,Atropello,jul/10/2015 08:30 p. m.,1,1,1,1,1,Carrera 50 X Calle 84 Sur,409
7032,A000265899,jul/09/2015 08:10 a. m.,14,h,Atropello,jul/09/2015 08:10 a. m.,1,1,1,1,1,Carrera 50 X Calle 83 Sur,409
7034,A000265897,jul/08/2015 07:30 p. m.,13,h,Caida Ocupante,jul/08/2015 07:30 p. m.,1,1,1,1,1,Carrera 50 X Calle 97 Sur,140
7035,A000265916,jul/15/2015 08:30 a. m.,15,h,Atropello,jul/15/2015 08:30 a. m.,1,1,1,1,1,Carrera 62A X Calle 73 Sur,409
7036,A000265914,jul/16/2015 07:30 a. m.,9,h,Caida Ocupante,jul/16/2015 07:30 a. m.,1,1,1,1,1,Calle 75 Sur X Carrera 54,140
7037,A000265917,jul/16/2015 07:00 a. m.,14,h,Caida Ocupante,jul/16/2015 07:00 a. m.,1,1,1,1,1,Carrera 55 X Calle 83 Sur,143
7038,A000265940,jul/21/2015 04:30 p. m.,3,d,Choque,jul/21/2015 04:30 p. m.,1,1,1,1,1,Carrera 54 X Calle 79C Sur,143
7039,A000265938,jul/21/2015 09:50 a. m.,7,h,Caida Ocupante,jul/21/2015 09:50 a. m.,1,1,1,1,1,Calle 81 Sur X Carrera 57,140
7040,A000265900,jul/09/2015 03:20 p. m.,5,d,Choque,jul/09/2015 03:20 p. m.,1,1,1,1,1,Carrera 54 X Calle 96 Sur,143
7041,A000265934,jul/17/2015 06:20 p. m.,3,d,Choque,jul/17/2015 06:20 p. m.,1,2,1,1,1,Carrera 50 X Calle 79C Sur,143
7057,A000265891,jul/06/2015 03:00 p. m.,5,h,Atropello,jul/06/2015 03:00 p. m.,1,1,1,1,1,Calle 95 Sur X Carrera 55,409
7058,A000265939,jul/21/2015 07:30 a. m.,5,h,Caida Ocupante,jul/21/2015 07:30 a. m.,1,1,1,1,1,Carrera 51 X Calle 91 Sur,140
7059,A00000532,jul/17/2015 07:40 a. m.,4,h,Otro,jul/17/2015 07:40 a. m.,1,1,1,1,1,Carrera 48 X Calle 98 Sur,140
7060,A000265919,jul/17/2015 05:30 a. m.,3,h,Caida Ocupante,jul/17/2015 05:30 a. m.,1,2,1,1,1,Carrera 50 X Calle 80 Sur,140
7061,A000265915,jul/15/2015 01:10 a. m.,1,h,Caida Ocupante,jul/15/2015 01:10 a. m.,1,1,1,1,1,Calle 80 Sur X Carrera 60,140
7062,A000265913,jul/15/2015 07:30 a. m.,3,h,Caida Ocupante,jul/15/2015 07:30 a. m.,1,1,1,1,1,Carrera 50 X Calle 100B Sur,140
7063,A000265930,jul/16/2015 06:50 p. m.,1,h,Caida Ocupante,jul/16/2015 06:50 p. m.,1,1,1,1,1,Calle 80 Sur X Carrera 60,140
7064,A00000571,jul/27/2015 02:15 p. m.,3,d,Choque,jul/27/2015 02:15 p. m.,1,1,1,1,1,Carrera 50 X Calle 78 Sur,143
7065,A000265953,jul/26/2015 01:10 p. m.,1,d,Choque,jul/26/2015 01:10 p. m.,1,1,1,1,1,Calle 82 Sur X Carrera 62,143
7066,A000265954,jul/27/2015 05:40 p. m.,3,h,Caida Ocupante,jul/27/2015 05:40 p. m.,1,1,1,1,1,Carrera 50 X Calle 99 Sur,140
7067,A000265952,jul/26/2015 10:15 a. m.,3,h,Caida Ocupante,jul/26/2015 10:15 a. m.,1,1,1,1,1,Carrera 50 X Calle 95 Sur,140
7068,A000265948,jul/24/2015 08:00 a. m.,22,h,Caida Ocupante,jul/24/2015 08:00 a. m.,1,1,1,1,1,Calle 82 Sur X Carrera 57,140
7069,A000265957,jul/28/2015 03:30 p. m.,4,d,Choque,jul/28/2015 03:30 p. m.,1,2,1,1,1,Carrera 48 X Calle 98 Sur,143
7070,A00000574,jul/26/2015 11:20 a. m.,2,h,Atropello,jul/26/2015 11:20 a. m.,1,1,1,1,1,Carrera 50 X Calle 98 Sur,409
7071,A000265956,jul/26/2015 01:10 p. m.,3,h,Caida Ocupante,jul/26/2015 01:10 p. m.,1,1,1,1,1,Carrera 50 X Calle 88AA Sur,140
7072,A000265932,jul/17/2015 09:50 p. m.,4,h,Atropello,jul/17/2015 09:50 p. m.,1,1,1,1,1,Carrera 48 X Calle 98 Sur,409
7073,A000265951,jul/26/2015 11:30 a. m.,19,d,Choque,jul/26/2015 11:30 a. m.,1,1,1,1,1,Calle 77 Sur X Carrera 55,143
7074,A000265929,jul/20/2015 01:00 p. m.,3,d,Choque,jul/20/2015 01:00 p. m.,1,1,1,1,1,Carrera 50 X Calle 101 Sur,143
7075,A000265918,jul/16/2015 07:20 p. m.,6,d,Choque,jul/16/2015 07:20 p. m.,1,1,1,1,1,Carrera 55 X Calle 81 Sur,143
7076,A000265898,jul/09/2015 07:50 a. m.,3,d,Choque,jul/09/2015 07:50 a. m.,1,1,1,2,1,Calle 79 Sur X Carrera 50,143
7627,A000419330,ene/30/2016 10:30 p. m.,14,d,Volcamiento,ene/30/2016 10:30 p. m.,1,1,1,1,1,Calle 87 Sur X Carrera 55,140
7641,A000419335,ene/27/2016 01:40 p. m.,15,h,Choque,ene/27/2016 01:40 p. m.,1,1,1,1,1,Carrera 62A X Calle 73 Sur,143
7642,A000078,ene/30/2016 09:20 a. m.,1,h,Choque,ene/30/2016 09:20 a. m.,1,1,1,1,1,Calle 81 Sur X Carrera 64,143
7681,A000419373,feb/13/2016 12:00 p. m.,2,h,Atropello,feb/13/2016 12:00 p. m.,1,1,1,1,1,Calle 100 Sur X Carrera 57,409
7682,A000419378,feb/13/2016 04:10 p. m.,23,h,Caida Ocupante,feb/13/2016 04:10 p. m.,1,1,1,1,1,Carrera 54 X Calle 75 Sur,140
7683,A000419364,feb/10/2016 10:50 a. m.,3,d,Choque,feb/10/2016 10:50 a. m.,1,2,1,1,1,Carrera 50 X Calle 79B Sur,143
7684,A000419374,feb/13/2016 11:20 a. m.,2,h,Caida Ocupante,feb/13/2016 11:20 a. m.,1,1,1,1,1,Calle 100 Sur X Carrera 57,140
7685,A000331433,ene/21/2016 10:20 a. m.,23,h,Volcamiento,ene/21/2016 10:20 a. m.,1,2,1,1,1,Carrera 55 X Calle 79 Sur,140
7686,A000419318,ene/26/2016 09:40 a. m.,3,d,Choque,ene/26/2016 09:40 a. m.,1,1,1,1,1,Carrera 50 X Calle 79C Sur,140
7687,A00000134,feb/14/2016 02:00 a. m.,6,h,Atropello,feb/14/2016 02:00 a. m.,1,1,1,1,1,Carrera 55 X Calle 83 Sur,409
7688,A000419381,feb/16/2016 07:20 a. m.,3,h,Choque,feb/16/2016 07:20 a. m.,1,2,1,1,1,Carrera 54 X Calle 80 Sur,143
7689,A000419380,feb/15/2016 06:20 p. m.,4,h,Caida Ocupante,feb/15/2016 06:20 p. m.,1,2,1,1,1,Carrera 48 X Calle 101 Sur,140
7690,A000419379,feb/14/2016 05:10 p. m.,15,h,Choque,feb/14/2016 05:10 p. m.,1,1,1,1,1,Carrera 62A X Calle 75B Sur,143
7695,A000419385,feb/17/2016 01:50 p. m.,4,d,Choque,feb/17/2016 01:50 p. m.,1,1,1,1,1,Carrera 48 X Calle 98 Sur,143
7696,A000419386,feb/17/2016 05:20 p. m.,2,h,Choque,feb/17/2016 05:20 p. m.,1,2,1,1,1,Carrera 48 X Calle 101 Sur,140
7719,A000419409,feb/24/2016 08:30 a. m.,2,d,Choque,feb/24/2016 08:30 a. m.,1,1,1,1,1,Carrera 49B X Calle 100 Sur,143
7720,A000419406,feb/22/2016 08:20 p. m.,4,d,Choque,feb/22/2016 08:20 p. m.,1,2,1,1,1,Carrera 48 X Calle 98A Sur,143
7721,A000419411,feb/25/2016 06:30 a. m.,1,h,Atropello,feb/25/2016 06:30 a. m.,1,1,1,1,1,Carrera 61 X Calle 80 Sur,409
7722,A000419412,feb/25/2016 08:30 a. m.,4,d,Choque,feb/25/2016 08:30 a. m.,1,1,1,1,1,Carrera 48 X Calle 79C Sur,143
7723,A000419413,feb/27/2016 07:30 a. m.,4,d,Choque,feb/27/2016 07:30 a. m.,1,2,1,1,1,Carrera 48 X Calle 79C Sur,143
7724,A00000172,feb/27/2016 06:10 p. m.,15,h,Otro,feb/27/2016 06:10 p. m.,1,1,1,1,1,Carrera 62A X Calle 74 Sur,140
7252,A000273415,sept/25/2015 05:30 p. m.,1,d,Choque,sept/25/2015 05:30 p. m.,1,1,1,2,1,Carrera 62 X Calle 83 Sur,143
7253,A000273416,sept/26/2015 04:25 p. m.,12,h,Caida Ocupante,sept/26/2015 04:25 p. m.,1,1,1,1,1,Calle 95 Sur X Carrera 57,140
7254,A000273417,sept/27/2015 10:00 a. m.,15,h,Caida Ocupante,sept/27/2015 10:00 a. m.,1,1,1,1,1,Carrera 63 X Calle 75A Sur,140
7255,A000273406,sept/22/2015 06:00 a. m.,5,h,Caida Ocupante,sept/22/2015 06:00 a. m.,1,1,1,1,1,Calle 88 Sur X Carrera 52,140
7256,A00000758,sept/26/2015 07:30 p. m.,16,h,Atropello,sept/26/2015 07:30 p. m.,1,1,1,1,1,Carrera 56 X Calle 83 Sur,409
7257,A000273410,sept/17/2015 10:30 a. m.,19,h,Caida Ocupante,sept/17/2015 10:30 a. m.,1,1,1,1,1,Carrera 60 X Calle 77 Sur,140
7258,A000273413,sept/25/2015 11:30 a. m.,4,h,Caida Ocupante,sept/25/2015 11:30 a. m.,1,2,1,1,1,Carrera 48 X Calle 98 Sur,140
7263,A000273412,sept/23/2015 04:00 p. m.,2,d,Choque,sept/23/2015 04:00 p. m.,1,2,1,1,1,Calle 100D Sur X Carrera 50,143
7264,A000273414,sept/25/2015 07:00 p. m.,14,h,Choque,sept/25/2015 07:00 p. m.,1,1,1,1,1,Carrera 55 X Calle 87 Sur,143
7265,A00000755,sept/27/2015 09:50 p. m.,23,h,Choque,sept/27/2015 09:50 p. m.,1,1,1,1,1,Carrera 52A X Calle 78A Sur,143
7266,A000273418,sept/20/2015 12:35 p. m.,17,d,Choque,sept/20/2015 12:35 p. m.,1,1,1,1,1,Calle 80 Sur X Carrera 58,143
7267,A000273419,sept/24/2015 08:10 p. m.,2,h,Choque,sept/24/2015 08:10 p. m.,1,1,1,1,1,Carrera 50 X Calle 100B Sur,143
7293,A00000773,oct/03/2015 08:50 a. m.,2,h,Atropello,oct/03/2015 08:50 a. m.,1,1,1,1,1,Carrera 50 X Calle 99 Sur,409
7294,A000273435,oct/03/2015 04:30 p. m.,3,d,Choque,oct/03/2015 04:30 p. m.,1,1,1,1,1,Carrera 48 X Calle 79C Sur,143
7295,A000273437,oct/03/2015 11:00 a. m.,2,d,Choque,oct/03/2015 11:00 a. m.,1,1,1,1,1,Carrera 59 X Calle 100 Sur,143
7296,A000273436,oct/02/2015 06:40 a. m.,2,h,Choque,oct/02/2015 06:40 a. m.,1,2,1,1,1,Carrera 50 X Calle 100B Sur,143
7297,A000273433,oct/01/2015 12:50 p. m.,3,h,Choque,oct/01/2015 12:50 p. m.,1,1,1,1,1,Carrera 50 X Calle 96 Sur,143
7362,A000273498,oct/25/2015 08:00 p. m.,3,d,Choque,oct/25/2015 08:00 p. m.,1,1,1,1,1,Carrera 50 X Calle 80 Sur,143
7363,A000273502,oct/27/2015 06:50 p. m.,5,h,Choque,oct/27/2015 06:50 p. m.,1,1,1,1,1,Carrera 55 X Calle 91 Sur,143
7364,A00000847,oct/28/2015 07:00 p. m.,3,h,Otro,oct/28/2015 07:00 p. m.,1,1,1,1,1,Carrera 50 X Calle 77 Sur,140
7365,A000273497,oct/28/2015 07:00 p. m.,7,d,Choque,oct/28/2015 07:00 p. m.,1,1,1,1,1,Calle 80 Sur X Carrera 57,143
7366,A000273499,oct/27/2015 12:40 p. m.,3,h,Caida Ocupante,oct/27/2015 12:40 p. m.,1,1,1,1,1,Calle 98 Sur X Carrera 51,140
7367,A000273501,oct/28/2015 06:50 p. m.,18,d,Choque,oct/28/2015 06:50 p. m.,1,1,1,1,1,Carrera 50 X Calle 77 Sur,143
7389,A000331255,nov/06/2015 04:30 p. m.,4,d,Choque,nov/06/2015 04:30 p. m.,1,1,1,1,1,Carrera 48 X Calle 100C Sur,143
7390,A00000877,nov/08/2015 05:30 a. m.,3,h,Caida Ocupante,nov/08/2015 05:30 a. m.,1,2,1,1,1,Carrera 50 X Calle 79 Sur,140
7391,A000331256,nov/08/2015 09:50 a. m.,3,h,Caida Ocupante,nov/08/2015 09:50 a. m.,1,1,1,1,1,Carrera 50 X Calle 92 Sur,140
7392,A00000878,nov/08/2015 04:20 a. m.,3,h,Caida Ocupante,nov/08/2015 04:20 a. m.,1,2,1,1,1,Carrera 50 X Calle 79 Sur,140
7393,A000331264,nov/07/2015 08:50 a. m.,4,h,Caida Ocupante,nov/07/2015 08:50 a. m.,1,1,1,1,1,Carrera 48 X Calle 98 Sur,140
7394,A000331252,nov/05/2015 08:00 p. m.,1,h,Atropello,nov/05/2015 08:00 p. m.,1,1,1,1,1,Carrera 62 X Calle 86 Sur,409
7395,A000331267,nov/12/2015 07:30 p. m.,12,h,Caida Ocupante,nov/12/2015 07:30 p. m.,1,1,1,1,1,Calle 95 Sur X Carrera 52,140
7396,A00000888,nov/07/2015 11:30 a. m.,1,h,Atropello,nov/07/2015 11:30 a. m.,1,1,1,1,1,Carrera 63 X Calle 81 Sur,409
8384,A00000822,sept/25/2016 10:40 p. m.,2,h,Caida Ocupante,sept/25/2016 10:40 p. m.,1,1,1,1,1,Carrera 50 X Calle 98 Sur,140
8385,A00000824,sept/28/2016 06:30 a. m.,3,h,Caida Ocupante,sept/28/2016 06:30 a. m.,1,1,1,1,1,Carrera 50 X Calle 91 Sur,140
8386,A00000825,sept/28/2016 07:00 a. m.,1,h,Caida Ocupante,sept/28/2016 07:00 a. m.,1,1,1,1,1,Carrera 60 X Calle 82 Sur,140
8420,A00000863,oct/09/2016 03:30 p. m.,2,h,Atropello,oct/09/2016 03:30 p. m.,1,1,1,1,1,Carrera 49CC X Calle 100 Sur,409
8421,A00000864,oct/10/2016 07:00 a. m.,2,h,Caida Ocupante,oct/10/2016 07:00 a. m.,1,1,1,1,1,Carrera 50 X Calle 94 Sur,140
8422,A00000865,oct/06/2016 06:00 p. m.,23,h,Caida Ocupante,oct/06/2016 06:00 p. m.,1,1,1,1,1,Carrera 54 X Calle 80 Sur,140
8427,A00000870,oct/10/2016 12:45 p. m.,19,h,Choque,oct/10/2016 12:45 p. m.,1,1,1,2,1,Carrera 54 X Calle 75AA Sur,140
8438,A00000873,oct/12/2016 06:40 a. m.,18,h,Choque,oct/12/2016 06:40 a. m.,1,1,1,1,1,Calle 77 Sur X Carrera 50,143
8439,A00000875,oct/11/2016 11:50 a. m.,3,h,Choque,oct/11/2016 11:50 a. m.,1,1,1,1,1,Carrera 50 X Calle 99 Sur,143
8484,A00000927,oct/25/2016 10:55 a. m.,3,h,Choque,oct/25/2016 10:55 a. m.,1,1,1,1,1,Carrera 50 X Calle 100 Sur,143
8485,A00000928,oct/25/2016 11:40 a. m.,3,h,Atropello,oct/25/2016 11:40 a. m.,1,1,1,1,1,Carrera 50 X Calle 100 Sur,409
8486,A00000951,oct/31/2016 02:00 p. m.,12,h,Caida Ocupante,oct/31/2016 02:00 p. m.,1,1,1,1,1,Carrera 50 X Calle 95 Sur,143