NRO_RADICADO,NUMERO_EXPEDIENTE,FECHA_ACCIDENTE,ID_ZONA,GRAVEDAD,DESC_CLASE_ACCIDENTE,HORA_ACCIDENTE,AREA,SECTOR,ZONA,DISENO,ESTADO_TIEMPO,VIA_ACCID,POSIBLE_CAUSA
8504,A00000935,oct/27/2016 02:10 p. m.,14,d,Choque,oct/27/2016 02:10 p. m.,1,1,1,2,1,Carrera 55 X Calle 83 Sur,143
8517,A00000958,nov/02/2016 05:10 p. m.,3,d,Choque,nov/02/2016 05:10 p. m.,1,1,1,1,1,Carrera 50 X Calle 94 Sur,143
8518,A00000960,nov/01/2016 09:30 p. m.,3,h,Caida Ocupante,nov/01/2016 09:30 p. m.,1,1,1,1,1,Carrera 50 X Calle 79C Sur,140
8519,A0000963,nov/01/2016 11:40 a. m.,24,h,Caida Ocupante,nov/01/2016 11:40 a. m.,1,1,1,1,1,Carrera 62 X Calle 83A Sur,140
8520,A00000964,nov/03/2016 09:20 a. m.,3,d,Choque,nov/03/2016 09:20 a. m.,1,1,1,1,1,Carrera 50 X Calle 83C Sur,143
8553,A00000995,nov/12/2016 11:35 a. m.,19,h,Choque,nov/12/2016 11:35 a. m.,1,1,1,1,1,Calle 77 Sur X Carrera 56D,143
8062,A000421069,jun/12/2016 03:45 p. m.,14,d,Choque,jun/12/2016 03:45 p. m.,1,1,1,1,1,Calle 80 Sur X Carrera 50,143
8071,A000458905,jun/17/2016 09:20 a. m.,2,d,Choque,jun/17/2016 09:20 a. m.,1,1,1,1,1,Carrera 48 X Calle 100 Sur,143
8072,A000421043,jun/02/2016 04:00 p. m.,1,h,Choque,jun/02/2016 04:00 p. m.,1,1,1,1,1,Carrera 60 X Calle 76 Sur,143
8112,A000458903,jun/17/2016 07:50 a. m.,12,d,Choque,jun/17/2016 07:50 a. m.,1,1,1,1,1,Carrera 50 X Calle 96 Sur,143
8113,A000458943,jun/29/2016 09:00 p. m.,13,h,Atropello,jun/29/2016 09:00 p. m.,1,1,1,1,1,Carrera 49D X Calle 96 Sur,409
8114,A000458944,jun/27/2016 11:50 a. m.,13,h,Caida Ocupante,jun/27/2016 11:50 a. m.,1,1,1,1,1,Carrera 50 X Calle 97 Sur,140
8115,A000458945,jun/28/2016 03:20 p. m.,23,h,Caida Ocupante,jun/28/2016 03:20 p. m.,1,1,1,1,1,Carrera 52 X Calle 79 Sur,140
8116,A000458952,jun/30/2016 06:50 p. m.,3,h,Caida Ocupante,jun/30/2016 06:50 p. m.,1,1,1,1,1,Carrera 50 X Calle 94 Sur,140
8117,A000458938,jun/25/2016 10:30 p. m.,1,d,Choque,jun/25/2016 10:30 p. m.,1,1,1,1,1,Calle 81 Sur X Carrera 61,143
8146,A000458967,jul/07/2016 10:10 p. m.,17,h,Choque,jul/07/2016 10:10 p. m.,1,1,1,2,1,Carrera 59 X Calle 80 Sur,143
8147,A00000586,jul/06/2016 01:40 p. m.,27,h,Atropello,jul/06/2016 01:40 p. m.,1,1,1,1,1,Carrera 54 X Calle 75AA Sur,409
7942,A000420953,may/05/2016 06:30 a. m.,4,h,Choque,may/05/2016 06:30 a. m.,1,2,1,1,1,Carrera 48 X Calle 100 Sur,143
8166,A000458990,jul/16/2016 10:45 a. m.,4,d,Choque,jul/16/2016 10:45 a. m.,1,1,1,1,1,Carrera 48 X Calle 97 Sur,143
8167,A00000610,jul/18/2016 11:00 a. m.,15,d,Choque,jul/18/2016 11:00 a. m.,1,1,1,1,1,Carrera 60 X Calle 76 Sur,143
8168,A000458992,jul/20/2016 08:00 p. m.,2,h,Caida Ocupante,jul/20/2016 08:00 p. m.,1,1,1,1,1,Carrera 48 X Calle 100B Sur,140
8169,A00000613,jul/19/2016 05:00 p. m.,1,d,Otro,jul/19/2016 05:00 p. m.,1,1,1,1,1,Carrera 60 X Calle 80 Sur,217
8170,A000458993,jul/18/2016 09:30 p. m.,22,h,Caida Ocupante,jul/18/2016 09:30 p. m.,1,1,1,1,1,Calle 80 Sur X Carrera 57,140
8171,A000458994,jul/20/2016 03:30 p. m.,2,h,Caida Ocupante,jul/20/2016 03:30 p. m.,1,1,1,1,1,Calle 98 Sur X Carrera 50,140
8172,A000458996,jul/23/2016 06:00 p. m.,2,h,Caida Ocupante,jul/23/2016 06:00 p. m.,1,1,1,1,1,Carrera 57 X Calle 100B Sur,140
8173,A000458997,jul/23/2016 05:10 p. m.,2,h,Caida Ocupante,jul/23/2016 05:10 p. m.,1,1,1,1,1,Carrera 50 X Calle 97B Sur,140
8174,A000458998,jul/22/2016 09:30 a. m.,3,d,Choque,jul/22/2016 09:30 a. m.,1,1,1,1,1,Carrera 50 X Calle 80 Sur,143
8175,A000459000,jul/25/2016 06:10 a. m.,3,h,Choque,jul/25/2016 06:10 a. m.,1,1,1,1,1,Carrera 50 X Calle 98A Sur,143
8176,A000459001,jul/25/2016 07:10 a. m.,3,h,Caida Ocupante,jul/25/2016 07:10 a. m.,1,1,1,1,1,Carrera 50 X Calle 90 Sur,140
8177,A00000623,jul/25/2016 06:40 a. m.,14,h,Otro,jul/25/2016 06:40 a. m.,1,1,1,1,1,Carrera 55 X Calle 88 Sur,157
8213,A000459014,ago/01/2016 07:00 a. m.,1,d,Choque,ago/01/2016 07:00 a. m.,1,1,1,1,1,Carrera 62A X Calle 75 Sur,143
8226,A000459051,ago/16/2016 06:30 p. m.,17,d,Choque,ago/16/2016 06:30 p. m.,1,1,1,2,1,Carrera 55 X Calle 80 Sur,143
8227,A000459029,ago/03/2016 10:35 a. m.,19,h,Atropello,ago/03/2016 10:35 a. m.,1,1,1,1,1,Carrera 54 X Calle 77 Sur,409
8228,A000459050,ago/14/2016 12:00 a. m.,4,d,Choque,ago/14/2016 12:00 a. m.,1,2,1,1,1,Carrera 48 X Calle 100D Sur,143
8229,A000459052,ago/16/2016 06:00 a. m.,3,h,Caida Ocupante,ago/16/2016 06:00 a. m.,1,1,1,1,1,Carrera 50A X Calle 77 Sur,140
8230,A000459054,ago/17/2016 08:00 a. m.,22,h,Caida Ocupante,ago/17/2016 08:00 a. m.,1,1,1,1,1,Carrera 56 X Calle 80 Sur,140
8231,A000459053,ago/14/2016 06:00 a. m.,4,h,Caida Ocupante,ago/14/2016 06:00 a. m.,1,1,1,1,1,Carrera 48 X Calle 100 Sur,140
8232,A000459033,ago/06/2016 11:30 a. m.,3,d,Choque,ago/06/2016 11:30 a. m.,1,1,1,1,1,Carrera 50 X Calle 79 Sur,143
8278,A000459086,ago/26/2016 05:20 a. m.,3,h,Caida Ocupante,ago/26/2016 05:20 a. m.,1,1,1,1,1,Carrera 50 X Calle 91 Sur,140
8279,A00000729,ago/30/2016 07:10 a. m.,8,d,Choque,ago/30/2016 07:10 a. m.,1,1,1,1,1,Carrera 54 X Calle 75AB Sur,143
8280,A000459093,ago/27/2016 02:10 p. m.,3,d,Choque,ago/27/2016 02:10 p. m.,1,1,1,1,1,Carrera 50 X Calle 77 Sur,143
8511,A00000953,nov/01/2016 01:00 p. m.,1,h,Atropello,nov/01/2016 01:00 p. m.,1,1,1,1,1,Carrera 61 X Calle 81 Sur,409
8512,A0000956,nov/02/2016 05:40 p. m.,4,h,Choque,nov/02/2016 05:40 p. m.,1,1,1,1,1,Carrera 48 X Calle 98A Sur,143
8513,A00000957,nov/01/2016 09:20 p. m.,3,h,Caida Ocupante,nov/01/2016 09:20 p. m.,1,1,1,1,1,Carrera 50 X Calle 48 Sur,140
8514,A00000967,nov/04/2016 05:40 p. m.,3,h,Choque,nov/04/2016 05:40 p. m.,1,1,1,1,1,Carrera 50 X Calle 98A Sur,143
8532,A00000976,nov/10/2016 05:00 p. m.,3,h,Atropello,nov/10/2016 05:00 p. m.,1,1,1,1,1,Carrera 50 X Calle 101D Sur,409
8559,A00000988,nov/12/2016 08:30 p. m.,10,h,Choque,nov/12/2016 08:30 p. m.,1,1,1,2,1,Carrera 58 X Calle 80 Sur,143
8562,A00001004,nov/10/2016 10:20 a. m.,3,h,Caida Ocupante,nov/10/2016 10:20 a. m.,1,1,1,1,1,Carrera 50 X Calle 92 Sur,140
8563,A00001005,nov/11/2016 09:00 a. m.,2,d,Choque,nov/11/2016 09:00 a. m.,1,1,1,1,1,Carrera 50 X Calle 48 Sur,143
8564,A00001007,nov/14/2016 11:20 a. m.,21,h,Caida Ocupante,nov/14/2016 11:20 a. m.,1,1,1,1,1,Carrera 60 X Calle 87 Sur,140
8565,A00001008,nov/16/2016 02:00 p. m.,3,d,Choque,nov/16/2016 02:00 p. m.,1,1,1,1,1,Carrera 50 X Calle 98A Sur,143
8566,A00001009,nov/16/2016 06:10 a. m.,2,d,Choque,nov/16/2016 06:10 a. m.,1,1,1,1,1,Calle 100B Sur X Carrera 49,143
8572,A00000883,oct/13/2016 04:40 p. m.,3,d,Choque,oct/13/2016 04:40 p. m.,1,1,1,1,1,Carrera 50 X Calle 79 Sur,143
8573,A00001020,nov/22/2016 07:30 p. m.,3,h,Caida Ocupante,nov/22/2016 07:30 p. m.,1,1,1,1,1,Carrera 50 X Calle 99 Sur,140
8584,A00001010,nov/18/2016 03:40 p. m.,2,h,Choque,nov/18/2016 03:40 p. m.,1,1,1,1,1,Carrera 48 X Calle 100B Sur,143
8585,A0001027,nov/24/2016 08:00 p. m.,19,h,Caida Ocupante,nov/24/2016 08:00 p. m.,1,1,1,1,1,Calle 77 Sur X Carrera 54,140
8586,A00001028,nov/25/2016 04:20 p. m.,22,h,Atropello,nov/25/2016 04:20 p. m.,1,1,1,1,1,Carrera 57 X Calle 82 Sur,409
8587,A00001029,nov/26/2016 03:40 p. m.,16,d,Choque,nov/26/2016 03:40 p. m.,1,1,1,1,1,Carrera 60 X Calle 83A Sur,143
8281,A000459064,ago/18/2016 06:00 p. m.,27,h,Choque,ago/18/2016 06:00 p. m.,1,1,1,1,1,Carrera 57 X Calle 75AA Sur,143
8282,A000459094,ago/27/2016 01:50 p. m.,19,h,Choque,ago/27/2016 01:50 p. m.,1,1,1,2,1,Calle 77 Sur X Carrera 59,143
8283,A000459096,ago/31/2016 06:50 a. m.,3,h,Choque,ago/31/2016 06:50 a. m.,1,1,1,1,1,Carrera 50 X Calle 92 Sur,143
8284,A000459098,ago/29/2016 01:30 p. m.,14,d,Choque,ago/29/2016 01:30 p. m.,1,1,1,1,1,Carrera 50 X Calle 83C Sur,143
8285,A000459099,ago/30/2016 07:20 p. m.,16,h,Atropello,ago/30/2016 07:20 p. m.,1,1,1,1,1,Carrera 55EE X Calle 83 Sur,409
8286,A000459100,ago/30/2016 05:40 a. m.,22,h,Caida Ocupante,ago/30/2016 05:40 a. m.,1,1,1,1,1,Carrera 56 X Calle 82 Sur,140
8287,A00000727,ago/25/2016 01:20 p. m.,16,d,Choque,ago/25/2016 01:20 p. m.,1,1,1,1,1,Carrera 55DD X Calle 83 Sur,143
8298,A00000738,sept/01/2016 09:10 a. m.,20,h,Caida Ocupante,sept/01/2016 09:10 a. m.,1,1,1,1,1,Carrera 54 X Calle 80 Sur,140
8299,A00000739,sept/02/2016 02:55 p. m.,20,h,Atropello,sept/02/2016 02:55 p. m.,1,1,1,1,1,Carrera 63 X Calle 79 Sur,409
8300,A00000740,sept/02/2016 06:00 p. m.,1,d,Choque,sept/02/2016 06:00 p. m.,1,1,1,1,1,Carrera 61 X Calle 79 Sur,143
8304,A00000744,sept/05/2016 07:00 p. m.,15,h,Choque,sept/05/2016 07:00 p. m.,1,1,1,1,1,Calle 73 Sur X Carrera 63AA,143
8305,A00000745,sept/05/2016 08:00 a. m.,20,d,Choque,sept/05/2016 08:00 a. m.,1,1,1,1,1,Carrera 63 X Calle 80 Sur,143
8306,A00000746,sept/06/2016 04:30 p. m.,19,d,Choque,sept/06/2016 04:30 p. m.,1,1,1,1,1,Carrera 59 X Calle 77 Sur,143
8307,A00000749,sept/07/2016 11:30 a. m.,3,h,Caida Ocupante,sept/07/2016 11:30 a. m.,1,1,1,1,1,Carrera 50 X Calle 90 Sur,140
8365,A00000805,sept/20/2016 07:20 a. m.,4,d,Choque,sept/20/2016 07:20 a. m.,1,1,1,1,1,Carrera 48 X Calle 98A Sur,143
8366,A00000806,sept/20/2016 06:10 p. m.,2,d,Choque,sept/20/2016 06:10 p. m.,1,1,1,2,1,Carrera 48 X Calle 100 Sur,143
8367,A00000808,sept/21/2016 12:30 p. m.,1,h,Caida Ocupante,sept/21/2016 12:30 p. m.,1,1,1,2,1,Carrera 60 X Calle 77 Sur,140
8376,A00000815,sept/23/2016 08:30 a. m.,3,h,Atropello,sept/23/2016 08:30 a. m.,1,1,1,1,1,Carrera 50 X Calle 77 Sur,409
8392,A00000832,sept/29/2016 04:30 p. m.,3,h,Choque,sept/29/2016 04:30 p. m.,1,1,1,1,1,Carrera 50 X Calle 79C Sur,143
8393,A00000833,sept/30/2016 11:30 a. m.,18,h,Atropello,sept/30/2016 11:30 a. m.,1,1,1,1,1,Carrera 50 X Calle 77 Sur,409
8394,A00000835,oct/01/2016 06:50 a. m.,18,h,Caida Ocupante,oct/01/2016 06:50 a. m.,1,1,1,1,1,Calle 77 Sur X Carrera 52,140
8395,A00000834,oct/01/2016 12:30 p. m.,2,m,Atropello,oct/01/2016 12:30 p. m.,1,1,1,1,1,Carrera 50 X Calle 98A Sur,409
8396,A00000836,oct/03/2016 01:30 a. m.,3,h,Caida Ocupante,oct/03/2016 01:30 a. m.,1,1,1,1,1,Carrera 50 X Calle 80 Sur,140
8405,A00000847,oct/03/2016 02:00 p. m.,1,d,Choque,oct/03/2016 02:00 p. m.,1,1,1,1,1,Carrera 59B X Calle 77 Sur,143
8406,A00000849,oct/05/2016 07:00 a. m.,3,h,Atropello,oct/05/2016 07:00 a. m.,1,1,1,1,1,Carrera 49 X Calle 79 Sur,409
8410,A00000854,oct/04/2016 03:30 p. m.,3,h,Caida Ocupante,oct/04/2016 03:30 p. m.,1,1,1,1,1,Carrera 50 X Calle 83 Sur,140
8411,A00000853,oct/03/2016 12:20 p. m.,6,h,Atropello,oct/03/2016 12:20 p. m.,1,1,1,1,1,Carrera 55 X Calle 80 Sur,409
8412,A00000855,oct/05/2016 12:50 p. m.,6,d,Choque,oct/05/2016 12:50 p. m.,1,1,1,2,1,Calle 80 Sur X Carrera 55,143
8413,A00000856,oct/05/2016 07:50 p. m.,2,h,Caida Ocupante,oct/05/2016 07:50 p. m.,1,1,1,1,1,Carrera 49 X Calle 100 Sur,140
8414,A00000857,oct/06/2016 07:00 p. m.,15,d,Choque,oct/06/2016 07:00 p. m.,1,1,1,1,1,Calle 74 Sur X Carrera 63,143
8415,A00000858,oct/07/2016 05:40 p. m.,2,h,Choque,oct/07/2016 05:40 p. m.,1,1,1,2,1,Carrera 50 X Calle 100 Sur,143
8428,A00000871,oct/11/2016 10:20 p. m.,17,h,Choque,oct/11/2016 10:20 p. m.,1,1,1,1,1,Calle 80 Sur X Carrera 57B,143
8450,A00000891,oct/15/2016 03:15 p. m.,4,d,Choque,oct/15/2016 03:15 p. m.,1,1,1,1,1,Carrera 50 X Calle 79C Sur,143
8451,A00000892,oct/16/2016 09:40 p. m.,22,d,Choque,oct/16/2016 09:40 p. m.,1,1,1,1,1,Calle 82 Sur X Carrera 57,143
8452,A00000893,oct/16/2016 10:40 p. m.,3,h,Atropello,oct/16/2016 10:40 p. m.,1,1,1,1,1,Carrera 50 X Calle 79 Sur,409
7077,A000265892,jul/06/2015 06:00 p. m.,6,d,Choque,jul/06/2015 06:00 p. m.,1,1,1,1,1,Carrera 55 X Calle 80 Sur,143
7078,A000265909,jul/13/2015 03:50 p. m.,14,d,Choque,jul/13/2015 03:50 p. m.,1,1,1,1,1,Carrera 55 X Calle 88 Sur,143
7079,A000265903,jul/10/2015 07:20 a. m.,27,d,Choque,jul/10/2015 07:20 a. m.,1,2,1,1,1,Carrera 54 X Calle 75AA Sur,143
7080,A000265893,jul/06/2015 09:30 a. m.,4,h,Choque,jul/06/2015 09:30 a. m.,1,2,1,1,1,Carrera 48 X Calle 98 Sur,143
7081,A000265949,jul/25/2015 07:50 a. m.,23,h,Choque,jul/25/2015 07:50 a. m.,1,1,1,1,1,Calle 79 Sur X Carrera 50,143
7082,A000265904,jul/10/2015 11:30 a. m.,2,d,Choque,jul/10/2015 11:30 a. m.,1,1,1,2,1,Carrera 48B X Calle 99 Sur,143
7083,A000265926,jul/10/2015 04:00 p. m.,23,h,Choque,jul/10/2015 04:00 p. m.,1,1,1,1,1,Carrera 54 X Calle 75A Sur,143
7084,A000265928,jul/20/2015 06:40 p. m.,4,d,Choque,jul/20/2015 06:40 p. m.,1,2,1,1,1,Carrera 48 X Calle 101 Sur,143
7085,A000265959,jul/27/2015 06:40 a. m.,14,h,Choque,jul/27/2015 06:40 a. m.,1,1,1,1,1,Carrera 50 X Calle 88 Sur,143
7086,A000265895,jul/07/2015 08:20 a. m.,14,h,Choque,jul/07/2015 08:20 a. m.,1,1,1,1,1,Carrera 55 X Calle 87 Sur,143
7087,A000265955,jul/25/2015 02:00 p. m.,3,d,Choque,jul/25/2015 02:00 p. m.,1,2,1,1,1,Carrera 50 X Calle 79C Sur,143
7088,A000265906,jul/11/2015 07:00 a. m.,1,d,Choque,jul/11/2015 07:00 a. m.,1,1,1,1,1,Carrera 63 X Calle 81 Sur,143
7089,A000265910,jul/13/2015 09:00 a. m.,4,d,Choque,jul/13/2015 09:00 a. m.,1,2,1,1,1,Carrera 48 X Calle 98 Sur,143
7090,A00000548,jul/19/2015 05:00 p. m.,19,d,Choque,jul/19/2015 05:00 p. m.,1,1,1,1,1,Carrera 56E X Calle 75B Sur,143
7091,A000265942,jul/22/2015 08:08 a. m.,18,d,Choque,jul/22/2015 08:08 a. m.,1,2,1,1,1,Carrera 50 X Calle 77 Sur,143
7092,A000265907,jul/11/2015 12:00 a. m.,1,d,Choque,jul/11/2015 12:00 a. m.,1,1,1,1,1,Carrera 60 X Calle 76 Sur,143
7093,A000265958,jul/28/2015 10:00 p. m.,18,h,Caida Ocupante,jul/28/2015 10:00 p. m.,1,1,1,1,1,Calle 79 Sur X Carrera 55,143
7094,A000265963,jul/29/2015 03:00 p. m.,3,d,Choque,jul/29/2015 03:00 p. m.,1,1,1,1,1,Carrera 50 X Calle 79C Sur,143
7095,A000265961,jul/28/2015 04:35 p. m.,19,h,Caida Ocupante,jul/28/2015 04:35 p. m.,1,1,1,1,1,Calle 77 Sur X Carrera 59,140
7096,A000265962,jul/29/2015 05:10 p. m.,3,h,Atropello,jul/29/2015 05:10 p. m.,1,1,1,1,1,Calle 79 Sur X Carrera 50,409
7097,A000265960,jul/27/2015 01:00 p. m.,23,d,Choque,jul/27/2015 01:00 p. m.,1,2,1,1,1,Carrera 55 X Calle 79 Sur,143
7098,A000265912,jul/11/2015 05:40 p. m.,14,d,Choque,jul/11/2015 05:40 p. m.,1,1,1,1,1,Carrera 55 X Calle 81 Sur,143
6540,A000161492,ene/16/2015 03:00 p. m.,13,h,Choque,ene/16/2015 03:00 p. m.,1,2,1,1,1,Carrera 50 X Calle 97 Sur,143
6541,A000161493,ene/16/2015 02:15 p. m.,3,d,Choque,ene/16/2015 02:15 p. m.,1,1,1,1,1,Carrera 50 X Calle 79 Sur,143
6542,A000161494,ene/17/2015 11:15 a. m.,18,h,Caida Ocupante,ene/17/2015 11:15 a. m.,1,1,1,1,1,Carrera 52A X Calle 77 Sur,140
6543,A000161495,ene/17/2015 04:00 p. m.,4,h,Caida Ocupante,ene/17/2015 04:00 p. m.,1,2,1,1,1,Carrera 48 X Calle 97 Sur,140
6544,A000161496,ene/17/2015 08:00 p. m.,15,h,Caida Ocupante,ene/17/2015 08:00 p. m.,1,1,1,1,1,Carrera 63 X Calle 74 Sur,140
6545,A000161497,ene/17/2015 01:55 p. m.,9,h,Choque,ene/17/2015 01:55 p. m.,1,1,1,1,1,Calle 74 Sur X Carrera 57,143
6546,A000161498,ene/17/2015 02:10 p. m.,15,d,Choque,ene/17/2015 02:10 p. m.,1,1,1,1,1,Carrera 62 X Calle 76 Sur,143
6547,A000161499,ene/17/2015 09:30 p. m.,15,h,Caida Ocupante,ene/17/2015 09:30 p. m.,1,1,1,1,1,Carrera 63 X Calle 73 Sur,140
6711,A000213354,abr/08/2015 09:10 a. m.,4,d,Choque,abr/08/2015 09:10 a. m.,1,2,1,1,1,Carrera 48 X Calle 100 Sur,143
6712,A000213315,mar/23/2015 06:50 p. m.,2,h,Caida Ocupante,mar/23/2015 06:50 p. m.,1,1,1,1,1,Carrera 48 X Calle 100 Sur,140
6713,A000213314,mar/22/2015 05:50 p. m.,15,d,Choque,mar/22/2015 05:50 p. m.,1,1,1,1,1,Calle 77 Sur X Carrera 62A,143
6714,A000213324,mar/25/2015 10:00 a. m.,3,d,Choque,mar/25/2015 10:00 a. m.,1,1,1,1,1,Carrera 50 X Calle 79C Sur,143
6715,A00000242,abr/02/2015 12:20 p. m.,2,h,Choque,abr/02/2015 12:20 p. m.,1,1,1,1,1,Carrera 50 X Calle 100 Sur,143
6716,A000213329,mar/27/2015 01:25 p. m.,24,d,Choque,mar/27/2015 01:25 p. m.,1,1,1,1,1,Carrera 62 X Calle 82 Sur,143
6717,A000213344,abr/02/2015 01:10 p. m.,3,h,Caida Ocupante,abr/02/2015 01:10 p. m.,1,1,1,1,1,Carrera 50 X Calle 100 Sur,140
6718,A000213325,mar/26/2015 11:30 a. m.,6,h,Caida Ocupante,mar/26/2015 11:30 a. m.,1,1,1,1,1,Carrera 55 X Calle 79C Sur,140
6719,A000213341,mar/30/2015 05:10 p. m.,14,h,Caida Ocupante,mar/30/2015 05:10 p. m.,1,1,1,1,1,Carrera 50 X Calle 88 Sur,140
6720,A000213306,mar/17/2015 06:55 p. m.,23,h,Caida Ocupante,mar/17/2015 06:55 p. m.,1,1,1,1,1,Carrera 54 X Calle 80 Sur,140
6721,A000213307,mar/17/2015 05:10 p. m.,4,h,Caida Ocupante,mar/17/2015 05:10 p. m.,1,1,1,1,1,Carrera 48 X Calle 100 Sur,140
6722,A000213303,mar/16/2015 08:00 a. m.,3,h,Caida Ocupante,mar/16/2015 08:00 a. m.,1,1,1,1,1,Carrera 50 X Calle 80 Sur,140
6723,A000213299,mar/15/2015 08:50 p. m.,3,h,Caida Ocupante,mar/15/2015 08:50 p. m.,1,1,1,1,1,Carrera 50 X Calle 79 Sur,140
6724,A000213311,mar/19/2015 06:40 p. m.,18,h,Caida Ocupante,mar/19/2015 06:40 p. m.,1,1,1,1,1,Carrera 53 X Calle 77 Sur,140
6725,A000213337,mar/28/2015 05:30 p. m.,23,h,Caida Ocupante,mar/28/2015 05:30 p. m.,1,1,1,1,1,Carrera 55 X Calle 77 Sur,140
6726,A000213340,mar/30/2015 07:00 a. m.,3,h,Caida Ocupante,mar/30/2015 07:00 a. m.,1,1,1,1,1,Carrera 50 X Calle 79 Sur,140
6727,A000213313,mar/20/2015 04:50 p. m.,23,h,Caida Ocupante,mar/20/2015 04:50 p. m.,1,1,1,1,1,Carrera 53 X Calle 77 Sur,140
6728,A000213336,mar/27/2015 11:45 a. m.,4,d,Choque,mar/27/2015 11:45 a. m.,1,2,1,1,1,Carrera 50 X Calle 79 Sur,143
6729,A000213366,abr/13/2015 07:30 p. m.,3,d,Choque,abr/13/2015 07:30 p. m.,1,1,1,1,1,Carrera 50 X Calle 79C Sur,143
6730,A000213365,abr/13/2015 04:50 p. m.,4,h,Caida Ocupante,abr/13/2015 04:50 p. m.,1,1,1,1,1,Carrera 48 X Calle 100 Sur,140
6731,A000213364,abr/13/2015 02:50 p. m.,1,d,Choque,abr/13/2015 02:50 p. m.,1,1,1,1,1,Calle 80 Sur X Carrera 59,143
6732,A000213362,abr/10/2015 09:40 p. m.,2,h,Atropello,abr/10/2015 09:40 p. m.,1,1,1,1,1,Carrera 50 X Calle 99 Sur,409
6733,A000213363,abr/12/2015 05:00 p. m.,3,h,Choque,abr/12/2015 05:00 p. m.,1,1,1,1,1,Calle 96A Sur X Carrera 50B,143
9353,A00000873,sept/15/2017 07:10 a. m.,3,h,Choque,sept/15/2017 07:10 a. m.,1,2,1,1,2,Carrera 50 X Calle 77 Sur,143
9355,A00000875,sept/18/2017 02:10 p. m.,1,d,Choque,sept/18/2017 02:10 p. m.,1,1,1,1,1,Carrera 62 X Calle 86 Sur,143
9357,A00000860,sept/12/2017 06:45 a. m.,4,h,Atropello,sept/12/2017 06:45 a. m.,1,2,4,1,1,Carrera 48 X Calle 100 Sur,143
9360,A00000905,sept/26/2017 03:30 p. m.,24,d,Choque,sept/26/2017 03:30 p. m.,1,1,1,1,1,Calle 87 Sur X Carrera 62,143
9366,A00000910,sept/30/2017 11:30 a. m.,17,h,Choque,sept/30/2017 11:30 a. m.,1,1,1,1,1,Carrera 55 X Calle 80 Sur,143
9370,A00000989,oct/30/2017 12:20 p. m.,2,d,Choque,oct/30/2017 12:20 p. m.,1,1,1,1,1,Calle 100 Sur X Carrera 49AA,143
9380,A00000996,nov/01/2017 04:30 p. m.,2,d,Choque,nov/01/2017 04:30 p. m.,1,1,1,1,1,Carrera 48 X Calle 100 Sur,143
9381,A00001004,nov/02/2017 05:45 a. m.,23,d,Choque,nov/02/2017 05:45 a. m.,1,1,5,1,1,Carrera 53 X Calle 78 Sur,143
9383,A00001005,nov/04/2017 10:50 a. m.,19,d,Choque,nov/04/2017 10:50 a. m.,1,3,5,1,1,Calle 77 Sur X Carrera 50D,143
9388,A00000997,nov/01/2017 08:10 p. m.,8,h,Choque,nov/01/2017 08:10 p. m.,1,3,1,1,1,Calle 77 Sur X Carrera 55,143
9393,A00000998,nov/01/2017 06:50 a. m.,1,h,Choque,nov/01/2017 06:50 a. m.,1,1,1,1,1,Calle 77 Sur X Carrera 60,143
9398,A00001015,nov/03/2017 01:10 p. m.,3,d,Choque,nov/03/2017 01:10 p. m.,1,1,1,1,1,Carrera 50 X Calle 79 Sur,143
9403,A00001051,nov/22/2017 06:30 a. m.,3,d,Choque,nov/22/2017 06:30 a. m.,1,1,1,2,1,Carrera 50 X Calle 83C Sur,143
9412,A00000791,ago/25/2017 11:10 a. m.,14,h,Choque,ago/25/2017 11:10 a. m.,1,1,1,2,1,Carrera 50 X Calle 88 Sur,143
9414,A00001060,nov/26/2017 11:50 a. m.,3,h,Choque,nov/26/2017 11:50 a. m.,1,1,1,1,1,Carrera 50 X Calle 100B Sur,143
9417,A00001061,nov/26/2017 08:06 a. m.,3,m,Choque,nov/26/2017 08:06 a. m.,1,1,1,1,1,Carrera 50 X Calle 94 Sur,143
9420,A00000869,sept/15/2017 05:20 p. m.,3,d,Choque,sept/15/2017 05:20 p. m.,1,1,1,1,2,Carrera 50 X Calle 79C Sur,143
8704,A00001147,dic/30/2016 10:10 p. m.,14,h,Choque,dic/30/2016 10:10 p. m.,1,1,1,1,1,Carrera 50 X Calle 91 Sur,143
8705,A00001148,dic/31/2016 10:35 p. m.,18,h,Caida Ocupante,dic/31/2016 10:35 p. m.,1,1,1,1,1,Calle 77 Sur X Carrera 52,140
8706,A00001137,dic/29/2016 06:50 a. m.,13,h,Choque,dic/29/2016 06:50 a. m.,1,1,1,1,1,Carrera 50 X Calle 97A Sur,143
8707,A00001149,dic/30/2016 07:15 a. m.,3,m,Choque,dic/30/2016 07:15 a. m.,1,1,1,1,1,Carrera 50 X Calle 91 Sur,143
8708,A000001,ene/01/2017 01:30 a. m.,17,h,Atropello,ene/01/2017 01:30 a. m.,1,1,1,1,1,Carrera 55 X Calle 81 Sur,409
8714,A000004,ene/02/2017 05:10 p. m.,5,d,Choque,ene/02/2017 05:10 p. m.,1,1,1,1,1,Carrera 55 X Calle 90 Sur,143
8715,A000003,ene/02/2017 02:00 p. m.,2,d,Choque,ene/02/2017 02:00 p. m.,1,1,1,1,1,Calle 100 Sur X Carrera 50,143