NRO_RADICADO,NUMERO_EXPEDIENTE,FECHA_ACCIDENTE,ID_ZONA,GRAVEDAD,DESC_CLASE_ACCIDENTE,HORA_ACCIDENTE,AREA,SECTOR,ZONA,DISENO,ESTADO_TIEMPO,VIA_ACCID,POSIBLE_CAUSA
8716,A000009,ene/03/2017 12:50 p. m.,3,d,Choque,ene/03/2017 12:50 p. m.,1,1,1,1,1,Carrera 50 X Calle 99 Sur,143
8717,A000010,ene/04/2017 02:30 p. m.,19,d,Choque,ene/04/2017 02:30 p. m.,1,1,1,2,1,Carrera 54 X Calle 75B Sur,143
8718,A00000011,ene/04/2017 01:20 p. m.,4,d,Choque,ene/04/2017 01:20 p. m.,1,1,1,1,1,Carrera 48 X Calle 101 Sur,143
8719,A00000012,ene/04/2017 03:30 p. m.,27,h,Choque,ene/04/2017 03:30 p. m.,1,1,1,2,1,Carrera 54 X Calle 75A Sur,143
8720,A00000013,ene/03/2017 09:30 a. m.,7,h,Atropello,ene/03/2017 09:30 a. m.,1,1,1,1,1,Carrera 55 X Calle 82A Sur,409
8721,A00000015,ene/04/2017 08:00 p. m.,2,h,Atropello,ene/04/2017 08:00 p. m.,1,1,1,1,1,Calle 100 Sur X Carrera 49,409
8722,A00000016,ene/05/2017 09:00 a. m.,4,h,Atropello,ene/05/2017 09:00 a. m.,1,1,1,1,1,Carrera 48 X Calle 98 Sur,409
8723,A00000017,ene/04/2017 11:10 p. m.,23,h,Caida Ocupante,ene/04/2017 11:10 p. m.,1,1,1,1,1,Carrera 54 X Calle 80 Sur,140
8724,A00000018,ene/06/2017 06:40 p. m.,1,h,Caida Ocupante,ene/06/2017 06:40 p. m.,1,1,1,1,1,Calle 79AA Sur X Carrera 64 Sur,140
8725,A00000019,ene/06/2017 02:50 p. m.,6,h,Choque,ene/06/2017 02:50 p. m.,1,1,1,2,1,Carrera 55 X Calle 80 Sur,143
8731,A0000025,ene/12/2017 07:40 a. m.,4,h,Caida Ocupante,ene/12/2017 07:40 a. m.,1,1,1,1,1,Carrera 48 X Calle 98 Sur,140
8732,A0000026,ene/12/2017 04:20 p. m.,17,d,Choque,ene/12/2017 04:20 p. m.,1,1,1,2,1,Calle 80 Sur X Carrera 58,143
8740,A000032,ene/16/2017 09:50 p. m.,3,h,Caida Ocupante,ene/16/2017 09:50 p. m.,1,1,1,1,1,Carrera 50 X Calle 93B Sur,140
8741,A000034,ene/17/2017 06:40 a. m.,15,h,Atropello,ene/17/2017 06:40 a. m.,1,1,1,1,1,Carrera 62A X Calle 74 Sur,409
8742,A000033,ene/16/2017 08:50 a. m.,4,h,Caida Ocupante,ene/16/2017 08:50 a. m.,1,1,1,1,1,Carrera 48 X Calle 97 Sur,140
8743,A000035,ene/17/2017 08:00 p. m.,18,h,Choque,ene/17/2017 08:00 p. m.,1,1,1,1,1,Calle 75AB Sur X Carrera 52D,143
8752,A0000041,ene/17/2017 11:30 a. m.,1,d,Choque,ene/17/2017 11:30 a. m.,1,1,1,2,1,Calle 80 Sur X Carrera 59,143
8753,A0000045,ene/19/2017 02:00 p. m.,20,h,Otro,ene/19/2017 02:00 p. m.,1,1,1,2,1,Carrera 63 X Calle 80 Sur,143
8755,A0000046,ene/20/2017 07:20 a. m.,4,h,Caida Ocupante,ene/20/2017 07:20 a. m.,1,1,1,1,1,Carrera 48 X Calle 100 Sur,140
8756,A0000047,ene/21/2017 10:50 a. m.,13,h,Choque,ene/21/2017 10:50 a. m.,1,1,1,1,1,Carrera 50 X Calle 97 Sur,143
8779,A000071,ene/25/2017 03:00 p. m.,15,d,Choque,ene/25/2017 03:00 p. m.,1,1,1,1,1,Carrera 62 X Calle 75AA Sur,143
8780,A000072,ene/25/2017 02:00 p. m.,17,d,Otro,ene/25/2017 02:00 p. m.,1,1,1,1,1,Calle 80 Sur X Carrera 61,143
8799,A0000093,ene/31/2017 08:00 p. m.,3,h,Otro,ene/31/2017 08:00 p. m.,1,1,1,1,1,Carrera 50 X Calle 92 Sur,103
8800,A0000095,ene/30/2017 01:20 p. m.,2,d,Choque,ene/30/2017 01:20 p. m.,1,1,1,1,1,Carrera 48B X Calle 99 Sur,143
8801,A00000062,ene/23/2017 09:40 p. m.,3,d,Choque,ene/23/2017 09:40 p. m.,1,1,1,1,1,Carrera 50 X Calle 79 Sur,143
8802,A000085,ene/29/2017 06:00 a. m.,3,h,Choque,ene/29/2017 06:00 a. m.,1,1,1,1,1,Carrera 50 X Calle 97B Sur,143
8803,A0000098,ene/31/2017 05:50 p. m.,2,h,Choque,ene/31/2017 05:50 p. m.,1,1,1,1,1,Carrera 50 X Calle 100 Sur,143
8804,A00000101,ene/31/2017 02:40 p. m.,4,h,Caida Ocupante,ene/31/2017 02:40 p. m.,1,1,1,1,1,Carrera 48 X Calle 101 Sur,140
8692,A00001119,dic/16/2016 12:15 p. m.,22,h,Choque,dic/16/2016 12:15 p. m.,1,1,1,1,1,Calle 82 Sur X Carrera 57,143
8693,A00001131,dic/23/2016 09:20 p. m.,18,d,Choque,dic/23/2016 09:20 p. m.,1,1,1,1,1,Calle 77 Sur X Carrera 53,143
8694,A00001136,dic/28/2016 02:10 p. m.,22,d,Choque,dic/28/2016 02:10 p. m.,1,1,1,1,1,Calle 81 Sur X Carrera 59,143
8695,A00001138,dic/29/2016 09:45 p. m.,24,d,Choque,dic/29/2016 09:45 p. m.,1,1,1,1,1,Calle 87 Sur X Carrera 56B,143
8696,A00001139,dic/29/2016 07:50 p. m.,19,h,Caida Ocupante,dic/29/2016 07:50 p. m.,1,1,1,1,1,Calle 77 Sur X Carrera 57,409
8709,A000002,ene/01/2017 06:20 a. m.,15,h,Choque,ene/01/2017 06:20 a. m.,1,1,1,1,1,Carrera 62 X Calle 75 Sur,143
8710,A000005,ene/01/2017 12:40 p. m.,18,h,Choque,ene/01/2017 12:40 p. m.,1,1,1,1,1,Carrera 55 X Calle 77 Sur,143
8711,A000006,ene/02/2017 01:30 p. m.,22,d,Choque,ene/02/2017 01:30 p. m.,1,1,1,2,1,Calle 82 Sur X Carrera 57,143
8712,A000007,ene/02/2017 05:15 p. m.,23,h,Caida Ocupante,ene/02/2017 05:15 p. m.,1,1,1,1,1,Carrera 50 X Calle 79 Sur,140
8713,A000008,ene/02/2017 09:10 p. m.,23,h,Choque,ene/02/2017 09:10 p. m.,1,1,1,2,1,Carrera 50 X Calle 79C Sur,143
8726,A00000014,ene/04/2017 10:00 p. m.,24,h,Caida Ocupante,ene/04/2017 10:00 p. m.,1,1,1,1,1,Calle 87 Sur X Carrera 65B,140
8727,A00000020,ene/09/2017 11:40 p. m.,22,h,Caida Ocupante,ene/09/2017 11:40 p. m.,1,1,1,1,1,Calle 83 Sur X Carrera 56,140
8728,A0000021,ene/10/2017 11:00 p. m.,6,d,Choque,ene/10/2017 11:00 p. m.,1,1,1,1,1,Carrera 50 X Calle 80 Sur,143
8729,A0000022,ene/06/2017 08:30 a. m.,4,h,Choque,ene/06/2017 08:30 a. m.,1,1,1,1,1,Carrera 48 X Calle 98 Sur,143
8730,A0000024,ene/12/2017 06:20 p. m.,8,h,Caida Ocupante,ene/12/2017 06:20 p. m.,1,1,1,1,1,Calle 77 Sur X Carrera 58,140
8737,A0000029,ene/16/2017 07:10 p. m.,15,d,Choque,ene/16/2017 07:10 p. m.,1,1,1,1,1,Calle 73 Sur X Carrera 63,143
8738,A0000030,ene/15/2017 09:40 a. m.,3,h,Choque,ene/15/2017 09:40 a. m.,1,1,1,1,1,Carrera 50 X Calle 93 Sur,143
8536,A00000978,nov/09/2016 11:10 a. m.,5,h,Choque,nov/09/2016 11:10 a. m.,1,1,1,1,1,Calle 96 Sur X Carrera 55A Sur,143
8537,A00000980,nov/10/2016 08:20 p. m.,2,h,Caida Ocupante,nov/10/2016 08:20 p. m.,1,1,1,1,1,Carrera 50 X Calle 99 Sur,140
8538,A00000982,nov/11/2016 08:30 p. m.,2,h,Choque,nov/11/2016 08:30 p. m.,1,1,1,1,1,Carrera 50 X Calle 100 Sur,143
8539,A00000983,nov/12/2016 04:50 p. m.,6,h,Caida Ocupante,nov/12/2016 04:50 p. m.,1,1,1,1,1,Carrera 55 X Calle 80 Sur,140
8540,A00000985,nov/12/2016 07:50 p. m.,19,h,Caida Ocupante,nov/12/2016 07:50 p. m.,1,1,1,1,1,Calle 77 Sur X Carrera 55,140
8541,A00000987,nov/12/2016 04:15 p. m.,3,h,Choque,nov/12/2016 04:15 p. m.,1,1,1,1,1,Carrera 50 X Calle 96A Sur,143
8542,A00000989,nov/13/2016 10:30 p. m.,2,h,Choque,nov/13/2016 10:30 p. m.,1,1,1,1,1,Carrera 50 X Calle 99 Sur,143
8543,A00000990,nov/13/2016 10:30 a. m.,23,h,Caida Ocupante,nov/13/2016 10:30 a. m.,1,1,1,1,1,Carrera 54 X Calle 79 Sur,143
8544,A00000992,nov/13/2016 08:20 p. m.,14,h,Caida Ocupante,nov/13/2016 08:20 p. m.,1,1,1,1,1,Carrera 50 X Calle 88 Sur,143
8547,A00000986,nov/12/2016 02:30 p. m.,3,h,Caida Ocupante,nov/12/2016 02:30 p. m.,1,1,1,1,1,Carrera 50 X Calle 101 Sur,140
8548,A00000991,nov/13/2016 07:30 p. m.,3,h,Choque,nov/13/2016 07:30 p. m.,1,1,1,1,1,Carrera 50 X Calle 96 Sur,143
8549,A00000996,nov/15/2016 05:45 p. m.,2,d,Choque,nov/15/2016 05:45 p. m.,1,1,1,1,1,Calle 100 Sur X Carrera 49D,143
8550,A00000997,nov/10/2016 05:40 p. m.,2,h,Choque,nov/10/2016 05:40 p. m.,1,1,1,1,1,Carrera 48 X Calle 101 Sur,143
8551,A00000993,nov/13/2016 05:30 p. m.,3,d,Choque,nov/13/2016 05:30 p. m.,1,1,1,1,1,Carrera 50 X Calle 80 Sur,143
8552,A00000994,nov/13/2016 10:10 p. m.,19,h,Caida Ocupante,nov/13/2016 10:10 p. m.,1,1,1,1,1,Carrera 56D X Calle 76B Sur,140
8567,A00001012,nov/16/2016 10:10 p. m.,2,d,Choque,nov/16/2016 10:10 p. m.,1,1,1,1,1,Carrera 48 X Calle 101A Sur,143
8568,A00001015,nov/14/2016 11:50 a. m.,4,h,Choque,nov/14/2016 11:50 a. m.,1,1,1,1,1,Carrera 48 X Calle 101 Sur,143
8569,A00001016,nov/19/2016 06:20 a. m.,22,h,Caida Ocupante,nov/19/2016 06:20 a. m.,1,1,1,1,1,Calle 82 Sur X Carrera 52C,140
8570,A00001017,nov/20/2016 12:30 p. m.,3,h,Choque,nov/20/2016 12:30 p. m.,1,1,1,1,1,Carrera 50 X Calle 92 Sur,143
8625,A00001065,dic/07/2016 12:00 p. m.,3,h,Choque,dic/07/2016 12:00 p. m.,1,1,1,1,1,Carrera 50 X Calle 97 Sur,143
8626,A00001067,dic/08/2016 11:30 a. m.,17,h,Choque,dic/08/2016 11:30 a. m.,1,1,1,1,1,Calle 80 Sur X Carrera 50,143
8627,A00001069,dic/09/2016 12:50 p. m.,1,d,Choque,dic/09/2016 12:50 p. m.,1,1,1,1,1,Calle 80 Sur X Carrera 61,143
8628,A00001070,dic/11/2016 10:00 p. m.,13,h,Otro,dic/11/2016 10:00 p. m.,1,1,1,1,1,Carrera 50 X Calle 97 Sur,143
8629,A00001071,dic/06/2016 12:00 p. m.,2,d,Choque,dic/06/2016 12:00 p. m.,1,1,1,1,1,Calle 100 Sur X Carrera 49,143
8630,A00001072,dic/08/2016 04:30 a. m.,24,h,Atropello,dic/08/2016 04:30 a. m.,1,1,1,1,1,Calle 87 Sur X Carrera 65,409
8658,A00001100,dic/19/2016 02:40 p. m.,19,h,Caida Ocupante,dic/19/2016 02:40 p. m.,1,1,1,1,1,Carrera 56 X Calle 77 Sur,140
8659,A00001101,dic/18/2016 06:20 p. m.,2,h,Atropello,dic/18/2016 06:20 p. m.,1,1,1,1,1,Carrera 50 X Calle 100D Sur,98
8660,A00001102,dic/16/2016 06:20 a. m.,2,h,Choque,dic/16/2016 06:20 a. m.,1,1,1,1,1,Carrera 48 X Calle 100 Sur,143
8661,A00001103,dic/19/2016 05:50 p. m.,14,d,Choque,dic/19/2016 05:50 p. m.,1,1,1,1,1,Calle 88 Sur X Carrera 55,143
8662,A00001104,dic/20/2016 06:15 p. m.,3,h,Choque,dic/20/2016 06:15 p. m.,1,1,1,1,1,Carrera 50 X Calle 88A Sur,143
8663,A00001105,dic/20/2016 09:55 p. m.,15,d,Choque,dic/20/2016 09:55 p. m.,1,1,1,2,1,Calle 76 Sur X Carrera 62A,143
8664,A00001106,dic/20/2016 10:05 p. m.,3,d,Choque,dic/20/2016 10:05 p. m.,1,1,1,1,1,Carrera 50 X Calle 80 Sur,143
8669,A00001132,dic/26/2016 07:20 p. m.,22,d,Choque,dic/26/2016 07:20 p. m.,1,1,1,2,1,Calle 82 Sur X Carrera 57,143
8670,A00001133,dic/28/2016 09:30 a. m.,3,h,Choque,dic/28/2016 09:30 a. m.,1,1,1,1,1,Carrera 50 X Calle 91 Sur,143
8671,A00001134,dic/28/2016 05:50 p. m.,15,h,Caida Ocupante,dic/28/2016 05:50 p. m.,1,1,1,1,1,Carrera 61 X Calle 24A Sur,143
8672,A00001109,dic/21/2016 11:35 p. m.,15,d,Choque,dic/21/2016 11:35 p. m.,1,1,1,1,1,Carrera 62A X Calle 74 Sur,143
9550,A0000058,ene/23/2018 03:50 p. m.,3,d,Choque,ene/23/2018 03:50 p. m.,1,1,1,1,1,Carrera 50 X Calle 88 Sur,143
9551,A0000060,ene/24/2018 06:30 p. m.,18,d,Choque,ene/24/2018 06:30 p. m.,1,1,1,1,1,Calle 77 Sur X Carrera 50A,143
9552,A00000061,ene/24/2018 08:30 a. m.,2,d,Choque,ene/24/2018 08:30 a. m.,1,2,1,1,1,Carrera 48 X Calle 100 Sur,143
9558,A0000095,feb/04/2018 07:00 a. m.,3,h,Choque,feb/04/2018 07:00 a. m.,1,1,1,2,1,Carrera 50 X Calle 79 Sur,143
9559,A00000016,ene/09/2018 07:15 a. m.,23,d,Choque,ene/09/2018 07:15 a. m.,1,1,1,1,1,Carrera 50 X Calle 79 Sur,143
9560,A00000147,feb/19/2018 05:20 p. m.,3,d,Choque,feb/19/2018 05:20 p. m.,1,1,1,1,1,Carrera 50 X Calle 79C Sur,143
9561,A00000158,feb/23/2018 08:45 p. m.,3,h,Choque,feb/23/2018 08:45 p. m.,1,1,1,1,1,Calle 100 Sur X Carrera 48,143
9562,A00000278,abr/05/2018 06:20 a. m.,3,h,Choque,abr/05/2018 06:20 a. m.,1,1,1,1,1,Calle 100 Sur X Carrera 48,143
9563,A00000107,feb/07/2018 09:40 a. m.,12,h,Choque,feb/07/2018 09:40 a. m.,1,2,1,1,1,Carrera 50 X Calle 91 Sur,143
9564,A00000112,feb/09/2018 06:30 a. m.,4,d,Choque,feb/09/2018 06:30 a. m.,1,1,1,1,1,Carrera 50 X Calle 79D Sur,143
9565,A0000054,ene/18/2018 10:50 a. m.,26,d,Otro,ene/18/2018 10:50 a. m.,1,1,1,1,1,Carrera 55 X Calle 79B Sur,143
9566,A0000068,ene/27/2018 06:45 a. m.,14,m,Choque,ene/27/2018 06:45 a. m.,1,1,1,1,1,Carrera 50 X Calle 88 Sur,143
9567,A00000160,feb/26/2018 10:10 a. m.,3,d,Choque,feb/26/2018 10:10 a. m.,1,1,1,1,1,Carrera 50 X Calle 79 Sur,143
9568,A00000145,feb/18/2018 06:50 p. m.,14,d,Choque,feb/18/2018 06:50 p. m.,1,1,1,2,1,Carrera 55 X Calle 83 Sur,143
9569,A00001063,nov/24/2017 05:50 p. m.,2,h,Caida Ocupante,nov/24/2017 05:50 p. m.,1,1,1,1,1,Carrera 49 X Calle 100 Sur,143
9570,A0000080,ene/29/2018 07:40 a. m.,4,d,Choque,ene/29/2018 07:40 a. m.,1,1,1,2,1,Carrera 50 X Calle 79C Sur,143
9571,A0000042,ene/10/2018 08:00 p. m.,4,d,Choque,ene/10/2018 08:00 p. m.,1,1,1,1,1,Carrera 48 X Calle 100 Sur,143
8849,A00000114,feb/04/2017 03:50 p. m.,14,d,Choque,feb/04/2017 03:50 p. m.,1,1,1,2,1,Carrera 55 X Calle 83 Sur,143
8850,A00000145,feb/10/2017 04:10 p. m.,14,d,Choque,feb/10/2017 04:10 p. m.,1,1,1,1,1,Carrera 50 X Calle 79 Sur,143
8851,A00000146,feb/10/2017 09:30 p. m.,19,h,Choque,feb/10/2017 09:30 p. m.,1,1,1,2,1,Carrera 55 X Calle 77 Sur,143
8852,A00000147,feb/11/2017 08:25 p. m.,3,h,Choque,feb/11/2017 08:25 p. m.,1,1,1,1,1,Carrera 50 X Calle 98 Sur,143
8853,A00000148,feb/11/2017 06:30 p. m.,6,h,Choque,feb/11/2017 06:30 p. m.,1,1,1,1,1,Carrera 55 X Calle 80 Sur,143
8854,A00000149,feb/12/2017 08:40 a. m.,3,h,Atropello,feb/12/2017 08:40 a. m.,1,1,1,1,1,Carrera 50 X Calle 78 Sur,409
8855,A00000150,feb/12/2017 01:00 p. m.,3,h,Caida Ocupante,feb/12/2017 01:00 p. m.,1,1,1,1,1,Carrera 50 X Calle 98 Sur,140
8856,A0000151,feb/13/2017 06:20 a. m.,2,h,Caida Ocupante,feb/13/2017 06:20 a. m.,1,1,1,1,1,Carrera 50 X Calle 90AA Sur,140
8857,A0000153,feb/12/2017 05:20 p. m.,5,h,Caida Ocupante,feb/12/2017 05:20 p. m.,1,1,1,1,1,Carrera 55 X Calle 88 Sur,140
8858,A0000154,feb/14/2017 06:45 a. m.,2,h,Atropello,feb/14/2017 06:45 a. m.,1,1,1,1,1,Calle 100 Sur X Carrera 50,409
8859,A0000157,feb/15/2017 06:40 p. m.,12,h,Caida Ocupante,feb/15/2017 06:40 p. m.,1,1,1,1,1,Carrera 50 X Calle 95 Sur,140
8860,A0000158,feb/15/2017 07:30 p. m.,15,h,Caida Ocupante,feb/15/2017 07:30 p. m.,1,1,1,1,1,Calle 73 Sur X Carrera 63,140
8861,A0000159,feb/15/2017 12:30 p. m.,14,d,Choque,feb/15/2017 12:30 p. m.,1,1,1,1,1,Carrera 55 X Calle 87 Sur,143
8862,A00000161,feb/17/2017 09:30 p. m.,19,d,Choque,feb/17/2017 09:30 p. m.,1,1,1,2,1,Carrera 55 X Calle 77 Sur,143
8863,A0000160,feb/15/2017 10:20 a. m.,3,d,Choque,feb/15/2017 10:20 a. m.,1,1,1,1,1,Carrera 50 X Calle 80 Sur,143
8864,A00000162,feb/17/2017 05:30 p. m.,23,h,Caida Ocupante,feb/17/2017 05:30 p. m.,1,1,1,1,1,Carrera 54 X Calle 80 Sur,140
8865,A00000163,feb/17/2017 04:30 p. m.,16,d,Choque,feb/17/2017 04:30 p. m.,1,1,1,1,1,Calle 83 Sur X Carrera 55,143
8884,A00000183,feb/24/2017 05:50 a. m.,3,h,Choque,feb/24/2017 05:50 a. m.,1,1,1,1,1,Carrera 50 X Calle 79C Sur,143
8885,A00000184,feb/23/2017 04:00 p. m.,20,d,Choque,feb/23/2017 04:00 p. m.,1,1,1,1,1,Calle 81 Sur X Carrera 63,143
8886,A00000185,feb/23/2017 05:50 a. m.,19,d,Choque,feb/23/2017 05:50 a. m.,1,1,1,1,1,Calle 77 Sur X Carrera 52A,143
8887,A00000186,feb/24/2017 07:00 p. m.,3,h,Caida Ocupante,feb/24/2017 07:00 p. m.,1,1,1,1,1,Carrera 50 X Calle 98D Sur,140
8908,A00000202,feb/25/2017 10:30 p. m.,22,h,Choque,feb/25/2017 10:30 p. m.,1,1,1,1,1,Carrera 55 X Calle 87 Sur,143
8909,A00001006,nov/12/2016 05:50 p. m.,3,h,Choque,nov/12/2016 05:50 p. m.,1,1,1,2,1,Carrera 50 X Calle 79C Sur,143
8910,A00000200,feb/27/2017 06:40 p. m.,1,d,Choque,feb/27/2017 06:40 p. m.,1,1,1,1,1,Carrera 62 X Calle 80 Sur,143
8911,A00000201,feb/28/2017 12:30 p. m.,23,h,Otro,feb/28/2017 12:30 p. m.,1,1,1,1,1,Calle 79 Sur X Carrera 52,140
8912,A00000203,feb/22/2017 09:30 p. m.,4,h,Caida Ocupante,feb/22/2017 09:30 p. m.,1,1,1,1,1,Carrera 48 X Calle 100 Sur,140
8922,A00000287,mar/22/2017 10:10 p. m.,1,h,Choque,mar/22/2017 10:10 p. m.,1,1,1,1,1,Carrera 50 X Calle 88A Sur,143
8923,A00000292,mar/22/2017 01:00 p. m.,1,h,Choque,mar/22/2017 01:00 p. m.,1,1,1,1,1,Carrera 62 X Calle 75B Sur,143
8924,A00000261,mar/15/2017 08:40 a. m.,1,d,Choque,mar/15/2017 08:40 a. m.,1,1,1,1,1,Calle 77 Sur X Carrera 53,143
8925,A00000295,mar/24/2017 06:45 p. m.,1,d,Choque,mar/24/2017 06:45 p. m.,1,1,1,1,1,Carrera 50 X Calle 79 Sur,143
8928,A00000256,mar/14/2017 11:00 a. m.,1,d,Choque,mar/14/2017 11:00 a. m.,1,1,1,1,1,Calle 100 Sur X Carrera 49,143
8929,A00000263,mar/16/2017 01:00 p. m.,1,d,Choque,mar/16/2017 01:00 p. m.,1,1,1,1,1,Carrera 50 X Calle 77 Sur,143
8930,A00000293,mar/23/2017 09:50 a. m.,1,h,Choque,mar/23/2017 09:50 a. m.,1,1,1,1,1,Carrera 50 X Calle 77D Sur,143
8932,A00000285,mar/22/2017 08:00 a. m.,1,d,Choque,mar/22/2017 08:00 a. m.,1,1,1,1,1,Calle 75AA Sur X Carrera 57,143
8936,A00000207,mar/02/2017 11:30 a. m.,4,d,Choque,mar/02/2017 11:30 a. m.,1,1,1,1,1,Carrera 48 X Calle 97 Sur,143
8937,A00000262,mar/15/2017 04:40 p. m.,2,d,Choque,mar/15/2017 04:40 p. m.,1,1,1,1,1,Calle 100 Sur X Carrera 49,143
8453,A00000898,oct/17/2016 09:30 p. m.,4,d,Choque,oct/17/2016 09:30 p. m.,1,1,1,1,1,Carrera 48 X Calle 101 Sur,143
8454,A00000899,oct/17/2016 09:00 p. m.,4,h,Caida Ocupante,oct/17/2016 09:00 p. m.,1,1,1,1,1,Carrera 48 X Calle 101 Sur,140
8455,A00000900,oct/18/2016 05:30 p. m.,3,h,Choque,oct/18/2016 05:30 p. m.,1,1,1,1,1,Carrera 50 X Calle 79 Sur,143
8456,A00000894,oct/16/2016 01:50 p. m.,3,d,Choque,oct/16/2016 01:50 p. m.,1,1,1,1,1,Carrera 50 X Calle 79 Sur,143
8457,A00000902,oct/19/2016 06:00 a. m.,1,d,Choque,oct/19/2016 06:00 a. m.,1,1,1,1,1,Calle 87 Sur X Carrera 62,143
8471,A00000906,oct/18/2016 06:00 p. m.,2,h,Choque,oct/18/2016 06:00 p. m.,1,1,1,1,1,Carrera 50 X Calle 100 Sur,143
8521,A00000965,nov/03/2016 07:00 p. m.,1,d,Choque,nov/03/2016 07:00 p. m.,1,1,1,1,1,Calle 82 Sur X Carrera 61,143
8522,A00000966,nov/03/2016 06:00 a. m.,22,h,Caida Ocupante,nov/03/2016 06:00 a. m.,1,1,1,1,1,Carrera 56 X Calle 82 Sur,140
8523,A00000968,oct/04/2016 07:10 a. m.,18,d,Choque,oct/04/2016 07:10 a. m.,1,1,1,1,1,Carrera 52 X Calle 77 Sur,143
8524,A00000969,nov/05/2016 03:20 p. m.,22,d,Choque,nov/05/2016 03:20 p. m.,1,1,1,2,1,Carrera 57 X Calle 82 Sur,143
8528,A00000962,nov/01/2016 02:30 a. m.,1,h,Caida Ocupante,nov/01/2016 02:30 a. m.,1,1,1,1,1,Carrera 62 X Calle 81 Sur,140
8529,A00000974,nov/08/2016 11:30 a. m.,24,h,Otro,nov/08/2016 11:30 a. m.,1,1,1,1,1,Carrera 61 X Calle 83 Sur,502
8530,A00000975,nov/09/2016 05:20 p. m.,3,h,Caida Ocupante,nov/09/2016 05:20 p. m.,1,1,1,1,1,Carrera 50 X Calle 93 Sur,140
8531,A00000973,nov/08/2016 03:30 p. m.,3,d,Choque,nov/08/2016 03:30 p. m.,1,1,1,1,1,Carrera 50 X Calle 94 Sur,143
8533,A00000979,nov/10/2016 06:20 a. m.,3,d,Choque,nov/10/2016 06:20 a. m.,1,1,1,1,1,Carrera 50 X Calle 102 Sur,143
8534,A00000954,oct/29/2016 02:40 p. m.,23,d,Choque,oct/29/2016 02:40 p. m.,1,1,1,1,1,Carrera 54 X Calle 75 Sur,143
8535,A00000977,nov/08/2016 11:50 a. m.,2,d,Choque,nov/08/2016 11:50 a. m.,1,2,1,1,1,Carrera 48 X Calle 98A Sur,143
9241,A00000579,jun/11/2017 06:00 p. m.,14,h,Atropello,jun/11/2017 06:00 p. m.,1,1,1,1,1,Calle 88AA Sur X Carrera 50,409
9242,A00000593,jun/16/2017 09:40 p. m.,11,h,Choque,jun/16/2017 09:40 p. m.,1,1,1,1,1,Calle 74 Sur X Carrera 66,143
9243,A00000607,jun/23/2017 08:40 p. m.,1,h,Caida Ocupante,jun/23/2017 08:40 p. m.,1,1,1,1,1,Carrera 55 X Calle 79 Sur,140
9244,A00000272,mar/18/2017 07:50 p. m.,19,d,Choque,mar/18/2017 07:50 p. m.,1,1,1,1,1,Calle 77 Sur X Carrera 57B,143
9245,A00000950,oct/13/2017 07:20 a. m.,18,h,Choque,oct/13/2017 07:20 a. m.,1,1,1,2,1,Calle 77 Sur X Carrera 52D,143
9246,A00000987,oct/27/2017 10:20 p. m.,2,d,Choque,oct/27/2017 10:20 p. m.,1,1,1,1,1,Carrera 50 X Calle 48 Sur,143
9247,A00000730,ago/02/2017 11:15 a. m.,19,h,Choque,ago/02/2017 11:15 a. m.,1,1,1,2,1,Calle 77 Sur X Carrera 54,143
9257,A00000702,jul/26/2017 09:00 a. m.,14,h,Atropello,jul/26/2017 09:00 a. m.,1,1,1,1,1,Calle 87 Sur X Carrera 55,409
9258,A00000703,jul/26/2017 10:10 p. m.,4,h,Choque,jul/26/2017 10:10 p. m.,1,1,1,1,1,Carrera 49 X Calle 79 Sur,143
9259,A00000704,jul/24/2017 09:00 p. m.,5,h,Atropello,jul/24/2017 09:00 p. m.,1,1,1,1,1,Calle 91 Sur X Carrera 55,409
9260,A00000705,jul/25/2017 07:30 a. m.,3,d,Choque,jul/25/2017 07:30 a. m.,1,1,1,1,1,Carrera 50 X Calle 97B Sur,143
9261,A00000708,jul/28/2017 02:40 p. m.,3,d,Choque,jul/28/2017 02:40 p. m.,1,1,1,1,1,Carrera 50 X Calle 98 Sur,143
9270,A00000720,jul/31/2017 06:30 a. m.,23,h,Choque,jul/31/2017 06:30 a. m.,1,1,1,1,1,Carrera 55 X Calle 79C Sur,143
9271,A00000715,jul/30/2017 04:45 p. m.,23,d,Choque,jul/30/2017 04:45 p. m.,1,1,1,1,1,Calle 79 Sur X Carrera 52,143
9272,A00000717,ago/01/2017 08:15 a. m.,15,d,Choque,ago/01/2017 08:15 a. m.,1,1,1,1,1,Carrera 62A X Calle 75 Sur,143
9289,A00000755,ago/10/2017 10:20 a. m.,1,d,Choque,ago/10/2017 10:20 a. m.,1,1,1,1,1,Calle 87 Sur X Carrera 55,143
9290,A00000757,ago/13/2017 04:00 p. m.,14,d,Choque,ago/13/2017 04:00 p. m.,1,1,1,1,1,Calle 87 Sur X Carrera 55,143
9291,A00000759,ago/10/2017 08:30 p. m.,3,h,Choque,ago/10/2017 08:30 p. m.,1,1,1,1,1,Carrera 50 X Calle 60 Sur,143
9292,A00000760,ago/13/2017 10:40 p. m.,3,h,Choque,ago/13/2017 10:40 p. m.,1,1,1,2,1,Carrera 50 X Calle 78 Sur,143
9293,A00000761,ago/14/2017 06:50 a. m.,14,h,Choque,ago/14/2017 06:50 a. m.,1,1,1,1,1,Carrera 55 X Calle 87 Sur,143
9294,A00000762,ago/13/2017 05:20 a. m.,3,h,Choque,ago/13/2017 05:20 a. m.,1,1,1,1,1,Carrera 50 X Calle 80 Sur,143
9299,A00000775,ago/19/2017 07:40 a. m.,3,d,Choque,ago/19/2017 07:40 a. m.,1,1,1,1,1,Carrera 50 X Calle 80 Sur,143