NRO_RADICADO,NUMERO_EXPEDIENTE,FECHA_ACCIDENTE,ID_ZONA,GRAVEDAD,DESC_CLASE_ACCIDENTE,HORA_ACCIDENTE,AREA,SECTOR,ZONA,DISENO,ESTADO_TIEMPO,VIA_ACCID,POSIBLE_CAUSA
9300,A00000777,ago/22/2017 05:30 p. m.,18,h,Choque,ago/22/2017 05:30 p. m.,1,1,1,2,1,Calle 75AB Sur X Carrera 52,143
9301,A00000785,ago/21/2017 01:50 p. m.,1,d,Choque,ago/21/2017 01:50 p. m.,1,1,1,1,1,Calle 81 Sur X Carrera 61,143
9302,A00000786,ago/23/2017 02:30 p. m.,23,h,Choque,ago/23/2017 02:30 p. m.,1,1,1,1,1,Carrera 55A X Calle 78 Sur,143
9321,A00001139,dic/15/2017 12:50 p. m.,16,d,Choque,dic/15/2017 12:50 p. m.,1,1,1,1,1,Calle 83 Sur X Carrera 55,143
9322,A00000819,sept/01/2017 01:20 p. m.,3,d,Choque,sept/01/2017 01:20 p. m.,1,1,1,1,1,Carrera 50 X Calle 79 Sur,143
9323,A00001096,dic/03/2017 12:20 p. m.,23,d,Otro,dic/03/2017 12:20 p. m.,1,1,1,1,1,Calle 78A Sur X Carrera 52A,143
9336,A00000806,ago/28/2017 08:00 p. m.,19,d,Choque,ago/28/2017 08:00 p. m.,1,1,1,1,1,Calle 77 Sur X Carrera 63,143
9337,A00000823,sept/03/2017 06:50 p. m.,14,d,Choque,sept/03/2017 06:50 p. m.,1,1,1,1,1,Calle 87 Sur X Carrera 55,143
9338,A00000827,ago/31/2017 02:50 p. m.,3,h,Choque,ago/31/2017 02:50 p. m.,1,1,1,1,1,Carrera 50 X Calle 88 Sur,143
9340,A00000836,sept/04/2017 03:30 p. m.,6,d,Choque,sept/04/2017 03:30 p. m.,1,1,1,1,1,Carrera 55 X Calle 80 Sur,143
9344,A00000661,jul/13/2017 04:15 p. m.,19,d,Choque,jul/13/2017 04:15 p. m.,1,1,1,1,1,Calle 77 Sur X Carrera 59,143
9348,A00000871,sept/16/2017 07:40 p. m.,5,h,Choque,sept/16/2017 07:40 p. m.,1,1,1,1,1,Calle 88 Sur X Carrera 55,143
9349,A00000872,sept/13/2017 06:00 p. m.,3,d,Choque,sept/13/2017 06:00 p. m.,1,2,1,1,1,Carrera 50 X Calle 79 Sur,107
9351,A00000877,sept/15/2017 06:30 p. m.,3,d,Choque,sept/15/2017 06:30 p. m.,1,2,1,1,1,Carrera 50 X Calle 79 Sur,131
8805,A0000096,ene/31/2017 05:00 p. m.,4,d,Choque,ene/31/2017 05:00 p. m.,1,1,1,1,1,Carrera 48 X Calle 100D Sur,140
8807,A0000104,feb/02/2017 02:30 p. m.,11,d,Choque,feb/02/2017 02:30 p. m.,1,1,1,1,1,Carrera 66 X Calle 76 Sur,143
8808,A0000105,feb/02/2017 04:15 p. m.,15,d,Otro,feb/02/2017 04:15 p. m.,1,1,1,1,1,Calle 73 Sur X Carrera 63,217
8809,A0000103,feb/02/2017 05:30 a. m.,2,h,Caida Ocupante,feb/02/2017 05:30 a. m.,1,1,1,1,1,Carrera 48 X Calle 100B Sur,140
8810,A0000102,ene/31/2017 07:30 p. m.,3,h,Caida Ocupante,ene/31/2017 07:30 p. m.,1,1,1,1,1,Calle 80 Sur X Carrera 50,140
8811,A00000106,feb/02/2017 04:45 p. m.,4,d,Choque,feb/02/2017 04:45 p. m.,1,1,1,1,1,Carrera 48 X Calle 98 Sur,143
8812,A00000107,feb/03/2017 07:30 a. m.,3,h,Choque,feb/03/2017 07:30 a. m.,1,1,1,1,1,Carrera 50 X Calle 79 Sur,143
8821,A0000097,ene/31/2017 07:30 p. m.,27,d,Choque,ene/31/2017 07:30 p. m.,1,1,1,1,1,Calle 76A Sur X Carrera 56C,143
8836,A00000132,feb/08/2017 10:20 a. m.,3,h,Caida Ocupante,feb/08/2017 10:20 a. m.,1,1,1,1,1,Carrera 50 X Calle 98 Sur,140
8837,A00000133,feb/08/2017 10:30 a. m.,3,h,Caida Ocupante,feb/08/2017 10:30 a. m.,1,1,1,1,1,Carrera 50 X Calle 97 Sur,140
8838,A00000136,feb/09/2017 04:50 p. m.,3,d,Choque,feb/09/2017 04:50 p. m.,1,1,1,1,1,Carrera 50 X Calle 100D Sur,143
8843,A000141,feb/12/2017 08:20 a. m.,2,h,Caida Ocupante,feb/12/2017 08:20 a. m.,1,1,1,1,1,Carrera 48 X Calle 98 Sur,140
8844,A00000134,feb/08/2017 10:50 a. m.,3,h,Caida Ocupante,feb/08/2017 10:50 a. m.,1,1,1,1,1,Carrera 50 X Calle 98 Sur,140
8845,A00000135,feb/09/2017 08:35 p. m.,4,h,Caida Ocupante,feb/09/2017 08:35 p. m.,1,1,1,1,1,Carrera 48 X Calle 101 Sur,140
8846,A00000143,feb/08/2017 05:00 p. m.,4,d,Choque,feb/08/2017 05:00 p. m.,1,1,1,1,1,Carrera 48 X Calle 97 Sur,143
8847,A00000144,feb/09/2017 10:20 a. m.,2,h,Choque,feb/09/2017 10:20 a. m.,1,1,1,2,1,Calle 100 Sur X Carrera 49,143
8848,A00000121,feb/05/2017 08:50 p. m.,3,h,Choque,feb/05/2017 08:50 p. m.,1,1,1,1,1,Carrera 50 X Calle 97A Sur,143
8588,A00001030,nov/26/2016 06:20 a. m.,2,h,Atropello,nov/26/2016 06:20 a. m.,1,1,1,1,1,Carrera 48 X Calle 100 Sur,409
8589,A00001032,nov/26/2016 01:10 p. m.,23,d,Choque,nov/26/2016 01:10 p. m.,1,1,1,1,1,Calle 79 Sur X Carrera 54A,143
8590,A00001033,nov/26/2016 06:30 p. m.,2,h,Caida Ocupante,nov/26/2016 06:30 p. m.,1,1,1,1,1,Carrera 50 X Calle 99 Sur,140
8596,A00001039,nov/28/2016 04:20 p. m.,19,d,Choque,nov/28/2016 04:20 p. m.,1,1,1,1,1,Calle 77 Sur X Carrera 57B,143
8597,A00001040,nov/28/2016 08:50 p. m.,14,d,Choque,nov/28/2016 08:50 p. m.,1,1,1,1,1,Carrera 55 X Calle 83 Sur,143
8598,A00001041,nov/26/2016 03:40 p. m.,15,d,Choque,nov/26/2016 03:40 p. m.,1,1,1,1,1,Carrera 60 X Calle 76 Sur,143
8599,A00001042,nov/28/2016 10:30 p. m.,18,d,Choque,nov/28/2016 10:30 p. m.,1,1,1,1,1,Carrera 50A X Calle 77 Sur,143
8600,A00001043,dic/02/2016 05:50 a. m.,4,h,Caida Ocupante,dic/02/2016 05:50 a. m.,1,1,1,1,1,Carrera 48 X Calle 99 Sur,140
8601,A00001044,nov/29/2016 05:50 a. m.,22,d,Choque,nov/29/2016 05:50 a. m.,1,1,1,1,1,Calle 76 Sur X Carrera 60,143
8602,A00001045,nov/30/2016 07:20 a. m.,14,h,Caida Ocupante,nov/30/2016 07:20 a. m.,1,1,1,1,1,Calle 83B Sur X Carrera 50,140
8603,A00001046,dic/01/2016 10:50 p. m.,13,h,Choque,dic/01/2016 10:50 p. m.,1,1,1,1,1,Carrera 50 X Calle 97 Sur,143
8604,A00001048,dic/03/2016 02:30 a. m.,18,h,Caida Ocupante,dic/03/2016 02:30 a. m.,1,1,1,1,1,Calle 77 Sur X Carrera 50,140
8605,A00001047,dic/02/2016 08:30 a. m.,3,d,Choque,dic/02/2016 08:30 a. m.,1,1,1,2,1,Carrera 50 X Calle 79 Sur,143
8606,A00001049,dic/03/2016 07:10 a. m.,4,d,Choque,dic/03/2016 07:10 a. m.,1,1,1,1,1,Carrera 48 X Calle 98A Sur,143
8607,A00001050,nov/30/2016 11:10 p. m.,17,d,Choque,nov/30/2016 11:10 p. m.,1,1,1,1,1,Calle 80 Sur X Carrera 55,143
8615,A00001060,dic/06/2016 05:40 a. m.,3,h,Caida Ocupante,dic/06/2016 05:40 a. m.,1,1,1,1,1,Carrera 50 X Calle 89 Sur,140
8616,A00001058,dic/05/2016 05:50 a. m.,18,d,Choque,dic/05/2016 05:50 a. m.,1,1,1,1,1,Carrera 50 X Calle 77 Sur,143
8617,A00001051,dic/01/2016 12:30 p. m.,18,d,Choque,dic/01/2016 12:30 p. m.,1,1,1,1,1,Calle 77 Sur X Carrera 50A,143
8618,A00001061,dic/06/2016 12:15 p. m.,3,d,Choque,dic/06/2016 12:15 p. m.,1,1,1,1,1,Carrera 50 X Calle 80 Sur,143
8619,A00001063,dic/05/2016 12:00 p. m.,19,d,Choque,dic/05/2016 12:00 p. m.,1,1,1,1,1,Carrera 56D X Calle 76 Sur,143
8653,A00001095,dic/17/2016 05:00 p. m.,3,d,Choque,dic/17/2016 05:00 p. m.,1,1,1,2,1,Carrera 50 X Calle 79 Sur,143
8654,A00001096,dic/18/2016 04:45 p. m.,3,h,Incendio,dic/18/2016 04:45 p. m.,1,1,1,1,1,Carrera 50 X Calle 88AA Sur,211
8655,A00001097,dic/18/2016 08:30 p. m.,3,h,Caida Ocupante,dic/18/2016 08:30 p. m.,1,1,1,1,1,Carrera 50 X Calle 97 Sur,140
8656,A00001098,dic/19/2016 06:00 p. m.,20,h,Caida Ocupante,dic/19/2016 06:00 p. m.,1,1,1,1,1,Carrera 63 X Calle 81 Sur,140
8657,A00001099,dic/19/2016 05:50 p. m.,16,h,Caida Ocupante,dic/19/2016 05:50 p. m.,1,1,1,1,1,Carrera 56 X Calle 83 Sur,140
8665,A00001107,dic/20/2016 11:00 p. m.,2,h,Caida Ocupante,dic/20/2016 11:00 p. m.,1,1,1,1,1,Carrera 59 X Calle 95A Sur,140
8666,A00001108,dic/21/2016 08:15 a. m.,2,h,Choque,dic/21/2016 08:15 a. m.,1,1,1,1,1,Carrera 48 X Calle 101 Sur,143
8667,A00001112,dic/21/2016 07:00 p. m.,1,d,Choque,dic/21/2016 07:00 p. m.,1,1,1,1,1,Carrera 61 X Calle 81 Sur,143
8668,A00001110,dic/21/2016 11:10 p. m.,1,d,Choque,dic/21/2016 11:10 p. m.,1,1,1,1,1,Calle 76 Sur X Carrera 61,143
8685,A00001124,dic/27/2016 12:00 p. m.,23,d,Choque,dic/27/2016 12:00 p. m.,1,1,1,1,1,Carrera 54 X Calle 79 Sur,143
8686,A00001125,dic/27/2016 03:00 p. m.,3,d,Choque,dic/27/2016 03:00 p. m.,1,1,1,1,1,Carrera 50 X Calle 101 Sur,143
8687,A00001126,dic/23/2016 07:00 p. m.,2,m,Choque,dic/23/2016 07:00 p. m.,1,1,1,1,1,Carrera 50 X Calle 101 Sur,143
8688,A00001127,dic/27/2016 09:30 p. m.,16,h,Caida Ocupante,dic/27/2016 09:30 p. m.,1,1,1,1,1,Calle 83 Sur X Carrera 55AA,143
8689,A00001128,dic/27/2016 07:30 p. m.,6,d,Choque,dic/27/2016 07:30 p. m.,1,1,1,1,1,Carrera 55 X Calle 82 Sur,143
8690,A00001129,dic/28/2016 07:50 a. m.,2,h,Caida Ocupante,dic/28/2016 07:50 a. m.,1,1,1,1,1,Carrera 48 X Calle 100B Sur,140
8691,A00001130,dic/28/2016 12:45 p. m.,2,h,Choque,dic/28/2016 12:45 p. m.,1,1,1,1,1,Calle 100 Sur X Carrera 49,143
8673,A00001113,dic/22/2016 03:00 p. m.,27,d,Choque,dic/22/2016 03:00 p. m.,1,1,1,1,1,Calle 75 Sur X Carrera 54,143
8674,A00001111,dic/20/2016 09:20 p. m.,19,d,Choque,dic/20/2016 09:20 p. m.,1,1,1,1,1,Calle 77 Sur X Carrera 59,143
8733,A0000027,ene/14/2017 08:40 a. m.,12,d,Choque,ene/14/2017 08:40 a. m.,1,1,1,1,1,Carrera 51 X Calle 95 Sur,143
8734,A0000028,ene/13/2017 02:00 p. m.,2,h,Choque,ene/13/2017 02:00 p. m.,1,1,1,1,1,Carrera 51 X Calle 98 Sur,143
8735,A00000852,oct/06/2016 09:50 p. m.,27,h,Choque,oct/06/2016 09:50 p. m.,1,1,1,1,1,Calle 75A Sur X Carrera 54,143
8736,A0000023,ene/12/2017 04:45 p. m.,8,h,Choque,ene/12/2017 04:45 p. m.,1,1,1,2,1,Calle 77 Sur X Carrera 55,143
8754,A0000044,ene/19/2017 06:10 a. m.,3,h,Choque,ene/19/2017 06:10 a. m.,1,1,1,1,1,Carrera 50 X Calle 79 Sur,143
8757,A0000048,ene/21/2017 09:30 a. m.,24,h,Atropello,ene/21/2017 09:30 a. m.,1,1,1,1,1,Carrera 65 X Calle 87 Sur,409
8760,A00000050,ene/21/2017 06:30 p. m.,18,h,Choque,ene/21/2017 06:30 p. m.,1,1,1,1,1,Calle 77 Sur X Carrera 52,143
8761,A0000051,ene/21/2017 04:00 p. m.,4,d,Choque,ene/21/2017 04:00 p. m.,1,1,1,1,1,Carrera 50 X Calle 79C Sur,143
8762,A000054,ene/20/2017 09:30 a. m.,20,d,Choque,ene/20/2017 09:30 a. m.,1,1,1,1,1,Calle 80 Sur X Carrera 63,143
8763,A000055,ene/21/2017 06:00 p. m.,5,h,Caida Ocupante,ene/21/2017 06:00 p. m.,1,1,1,1,1,Carrera 58 X Calle 88 Sur,140
8764,A000053,ene/20/2017 07:20 a. m.,19,d,Choque,ene/20/2017 07:20 a. m.,1,1,1,2,1,Calle 76 Sur X Carrera 59,143
8765,A000063,ene/23/2017 09:40 p. m.,10,h,Caida Ocupante,ene/23/2017 09:40 p. m.,1,1,1,1,1,Calle 79 Sur X Carrera 59,140
8766,A0000056,ene/21/2017 06:00 p. m.,2,h,Caida Ocupante,ene/21/2017 06:00 p. m.,1,1,1,1,1,Carrera 50 X Calle 102 Sur,140
8798,A000068,ene/24/2017 02:40 p. m.,22,h,Choque,ene/24/2017 02:40 p. m.,1,1,1,1,1,Calle 83 Sur X Carrera 56DD,143
8806,A0000099,ene/31/2017 07:30 a. m.,4,h,Choque,ene/31/2017 07:30 a. m.,1,1,1,1,1,Carrera 50 X Calle 77B Sur,143
9422,A00000857,sept/11/2017 05:05 p. m.,4,m,Volcamiento,sept/11/2017 05:05 p. m.,1,2,1,1,1,Carrera 55 X Calle 48 Sur,143
9423,A00000826,sept/02/2017 11:00 p. m.,4,h,Choque,sept/02/2017 11:00 p. m.,1,2,4,1,2,Carrera 55 X Calle 48 Sur,143
9427,A00000943,oct/10/2017 08:30 p. m.,2,h,Choque,oct/10/2017 08:30 p. m.,1,2,1,1,1,Carrera 50 X Calle 98 Sur,143
9428,A00000948,oct/11/2017 08:30 a. m.,3,d,Choque,oct/11/2017 08:30 a. m.,1,2,1,1,1,Carrera 50 X Calle 91 Sur,143
9430,A00000945,oct/10/2017 09:40 p. m.,1,d,Choque,oct/10/2017 09:40 p. m.,1,1,1,2,2,Calle 79 Sur X Carrera 59,143
9432,A00000946,oct/10/2017 11:10 a. m.,23,d,Choque,oct/10/2017 11:10 a. m.,1,1,1,1,1,Calle 78A Sur X Carrera 53,143
9433,A00000947,oct/10/2017 01:00 p. m.,3,d,Choque,oct/10/2017 01:00 p. m.,1,2,1,1,1,Carrera 50 X Calle 155 Sur,143
9434,A00000949,oct/12/2017 11:55 a. m.,22,d,Choque,oct/12/2017 11:55 a. m.,1,1,1,1,1,Carrera 57 X Calle 82 Sur,143
9435,A00000951,oct/13/2017 06:05 p. m.,6,d,Choque,oct/13/2017 06:05 p. m.,1,1,1,1,1,Carrera 55 X Calle 80 Sur,143
9436,A00000930,oct/02/2017 11:10 a. m.,22,h,Atropello,oct/02/2017 11:10 a. m.,1,1,1,1,1,Calle 82 Sur X Carrera 59,143
9438,A00000931,oct/04/2017 04:30 p. m.,11,d,Choque,oct/04/2017 04:30 p. m.,1,1,1,1,1,Calle 73 Sur X Carrera 66D,143
9439,A00000932,oct/07/2017 12:20 p. m.,19,d,Choque,oct/07/2017 12:20 p. m.,1,1,1,1,1,Carrera 57 X Calle 75AA Sur,143
9441,A00000938,oct/10/2017 11:50 a. m.,25,d,Choque,oct/10/2017 11:50 a. m.,1,1,1,1,1,Carrera 59 X Calle 79 Sur,143
9453,A0000063,ene/24/2018 11:00 a. m.,3,h,Choque,ene/24/2018 11:00 a. m.,1,1,1,2,1,Carrera 50 X Calle 79 Sur,143
9476,A00001106,dic/06/2017 08:00 a. m.,26,d,Choque,dic/06/2017 08:00 a. m.,1,1,1,1,1,Calle 88 Sur X Carrera 55,143
9478,A0000052,ene/20/2018 07:20 p. m.,20,h,Choque,ene/20/2018 07:20 p. m.,1,1,1,10,1,Calle 81 Sur X Carrera 64,143
9508,A00001171,dic/24/2017 11:00 a. m.,14,h,Choque,dic/24/2017 11:00 a. m.,1,1,1,2,1,Carrera 50 X Calle 88 Sur,143
9525,A0000032,ene/13/2018 11:35 a. m.,15,h,Choque,ene/13/2018 11:35 a. m.,1,1,1,1,1,Carrera 62A X Calle 74 Sur,143
9526,A00001134,dic/14/2017 09:10 p. m.,2,h,Choque,dic/14/2017 09:10 p. m.,1,1,1,1,1,Carrera 50 X Calle 98A Sur,143
9527,A00001031,nov/16/2017 05:20 p. m.,3,h,Choque,nov/16/2017 05:20 p. m.,1,1,1,1,1,Carrera 50 X Calle 95 Sur,143
9529,A00001138,dic/15/2017 06:00 p. m.,8,h,Choque,dic/15/2017 06:00 p. m.,1,3,1,2,1,Calle 77 Sur X Carrera 55,143
9530,A00000999,nov/01/2017 08:00 a. m.,14,d,Choque,nov/01/2017 08:00 a. m.,1,1,1,1,1,Calle 87 Sur X Carrera 55,143
9531,A00001067,nov/17/2017 05:20 p. m.,26,d,Choque,nov/17/2017 05:20 p. m.,1,2,5,1,1,Carrera 54 X Calle 75A Sur,143
9532,A00001129,dic/12/2017 03:20 p. m.,2,h,Choque,dic/12/2017 03:20 p. m.,1,1,1,1,1,Calle 100 Sur X Carrera 49,143
9534,A00001132,dic/14/2017 05:00 p. m.,22,h,Atropello,dic/14/2017 05:00 p. m.,1,1,1,1,1,Carrera 59 X Calle 83 Sur,143
9537,A0000071,ene/28/2018 06:00 p. m.,1,d,Choque,ene/28/2018 06:00 p. m.,1,1,1,2,1,Calle 80 Sur X Carrera 61,143
9538,A0000066,ene/26/2018 06:30 a. m.,3,h,Choque,ene/26/2018 06:30 a. m.,1,1,1,1,1,Carrera 50 X Calle 80 Sur,143
9539,A0000075,ene/29/2018 01:10 p. m.,1,h,Choque,ene/29/2018 01:10 p. m.,1,1,1,1,1,Calle 77 Sur X Carrera 60,143
9540,A0000082,ene/31/2018 03:30 p. m.,26,h,Choque,ene/31/2018 03:30 p. m.,1,1,1,2,1,Calle 77 Sur X Carrera 53,143
9541,A00001128,dic/09/2017 09:30 p. m.,4,h,Choque,dic/09/2017 09:30 p. m.,1,1,1,1,1,Carrera 48 X Calle 100 Sur,103
9542,A0000087,ene/31/2018 05:00 p. m.,3,d,Choque,ene/31/2018 05:00 p. m.,1,1,1,1,1,Carrera 50 X Calle 79 Sur,143
9543,A0000097,feb/03/2018 11:50 a. m.,19,d,Choque,feb/03/2018 11:50 a. m.,1,1,1,1,1,Calle 77 Sur X Carrera 57,143
9544,A00000100,feb/04/2018 07:00 p. m.,19,h,Choque,feb/04/2018 07:00 p. m.,1,1,1,1,1,Calle 77 Sur X Carrera 52D,121
9545,A00000104,feb/06/2018 06:10 a. m.,4,d,Choque,feb/06/2018 06:10 a. m.,1,1,1,1,1,Calle 79 Sur X Carrera 59,143
9547,A00000030,ene/12/2018 06:50 p. m.,14,d,Choque,ene/12/2018 06:50 p. m.,1,1,1,1,1,Carrera 55 X Calle 87 Sur,143
9548,A0000045,ene/17/2018 06:45 p. m.,3,d,Choque,ene/17/2018 06:45 p. m.,1,1,1,10,2,Calle 97B Sur X Carrera 50,143
8938,A00000331,abr/03/2017 08:20 a. m.,18,h,Choque,abr/03/2017 08:20 a. m.,1,1,1,1,1,Calle 77 Sur X Carrera 50A,143
8939,A00000318,mar/29/2017 02:30 p. m.,2,h,Atropello,mar/29/2017 02:30 p. m.,1,1,1,1,1,Calle 100 Sur X Carrera 660,409
8940,A00000321,mar/31/2017 02:20 p. m.,23,d,Choque,mar/31/2017 02:20 p. m.,1,1,1,2,1,Calle 80 Sur X Carrera 54,143
8943,A00000214,mar/05/2017 09:20 a. m.,14,h,Choque,mar/05/2017 09:20 a. m.,1,1,1,1,1,Carrera 50 X Calle 83 Sur,143
8944,A00000213,mar/05/2017 02:10 p. m.,1,h,Choque,mar/05/2017 02:10 p. m.,1,1,1,1,1,Carrera 50 X Calle 100A Sur,143
8945,A00000271,mar/17/2017 06:00 a. m.,1,d,Choque,mar/17/2017 06:00 a. m.,1,1,1,1,1,Carrera 50 X Calle 79 Sur,143
8946,A00000284,mar/22/2017 07:00 a. m.,3,d,Choque,mar/22/2017 07:00 a. m.,1,1,1,1,1,Carrera 50 X Calle 79 Sur,143
8947,A00000235,mar/07/2017 06:50 a. m.,1,d,Choque,mar/07/2017 06:50 a. m.,1,1,1,1,1,Carrera 59 X Calle 82 Sur,143
8948,A00000238,mar/08/2017 12:20 p. m.,3,h,Choque,mar/08/2017 12:20 p. m.,1,1,1,1,1,Carrera 50A X Calle 77 Sur,143
8949,A00000415,abr/29/2017 11:00 a. m.,1,d,Choque,abr/29/2017 11:00 a. m.,1,1,1,1,1,Carrera 54 X Calle 79 Sur,143
8950,A00000225,mar/06/2017 12:40 p. m.,3,d,Choque,mar/06/2017 12:40 p. m.,1,1,1,1,1,Carrera 50 X Calle 88A Sur,143
8951,A00000400,abr/22/2017 07:40 a. m.,1,d,Choque,abr/22/2017 07:40 a. m.,1,1,1,1,1,Carrera 54 X Calle 74 Sur,143
8952,A00000377,abr/16/2017 02:00 p. m.,15,h,Choque,abr/16/2017 02:00 p. m.,1,1,1,1,1,Carrera 62A X Calle 75AA Sur,143
8958,A00000372,abr/14/2017 08:45 a. m.,1,d,Choque,abr/14/2017 08:45 a. m.,1,1,1,1,1,Calle 74 Sur X Carrera 57,143
8968,A00000212,mar/03/2017 06:00 a. m.,19,h,Choque,mar/03/2017 06:00 a. m.,1,1,1,2,1,Carrera 54 X Calle 77 Sur,143
8969,A00000419,abr/29/2017 05:50 p. m.,3,d,Choque,abr/29/2017 05:50 p. m.,1,1,1,1,1,Carrera 50 X Calle 98A Sur,143
8970,A00000246,mar/11/2017 09:40 a. m.,18,d,Choque,mar/11/2017 09:40 a. m.,1,1,1,1,1,Calle 77 Sur X Carrera 50,143
8739,A000031,ene/16/2017 06:40 a. m.,4,h,Choque,ene/16/2017 06:40 a. m.,1,1,1,1,1,Carrera 48 X Calle 98 Sur,143
8744,A000036,ene/18/2017 12:30 p. m.,20,h,Caida Ocupante,ene/18/2017 12:30 p. m.,1,1,1,1,1,Carrera 63 X Calle 79 Sur,140
8745,A000038,ene/19/2017 07:00 a. m.,2,h,Caida Ocupante,ene/19/2017 07:00 a. m.,1,1,1,1,1,Carrera 50 X Calle 100B Sur,140
8746,A000039,ene/18/2017 11:40 a. m.,23,d,Incendio,ene/18/2017 11:40 a. m.,1,1,1,1,1,Calle 79C Sur X Carrera 50,217
8747,A0000040,ene/19/2017 10:35 a. m.,3,h,Choque,ene/19/2017 10:35 a. m.,1,1,1,1,1,Carrera 50 X Calle 88A Sur,143
8751,A0000043,ene/19/2017 08:30 p. m.,15,d,Choque,ene/19/2017 08:30 p. m.,1,1,1,1,1,Calle 76 Sur X Carrera 60,143
8771,A00000061,ene/23/2017 01:20 p. m.,2,d,Choque,ene/23/2017 01:20 p. m.,1,1,1,1,1,Carrera 48 X Calle 100 Sur,143
8772,A000064,ene/24/2017 04:40 p. m.,8,h,Caida Ocupante,ene/24/2017 04:40 p. m.,1,1,1,1,1,Calle 77 Sur X Carrera 55,140
8773,A000065,ene/24/2017 11:40 a. m.,2,h,Caida Ocupante,ene/24/2017 11:40 a. m.,1,1,1,1,1,Carrera 50 X Calle 102 Sur,140
8774,A000066,ene/24/2017 10:00 a. m.,2,d,Choque,ene/24/2017 10:00 a. m.,1,1,1,1,1,Carrera 48 X Calle 100 Sur,143
8775,A000067,ene/24/2017 05:00 p. m.,2,h,Choque,ene/24/2017 05:00 p. m.,1,1,1,1,1,Carrera 50 X Calle 99 Sur,143
8776,A000069,ene/24/2017 01:40 p. m.,2,h,Atropello,ene/24/2017 01:40 p. m.,1,1,1,1,1,Calle 100 Sur X Carrera 49,409
8777,A0000070,ene/25/2017 05:30 p. m.,14,h,Caida Ocupante,ene/25/2017 05:30 p. m.,1,1,1,1,1,Calle 88 Sur X Carrera 55,140
8778,A000073,ene/25/2017 11:55 a. m.,4,h,Choque,ene/25/2017 11:55 a. m.,1,1,1,1,1,Carrera 48 X Calle 101 Sur,143
8783,A0000076,ene/27/2017 07:10 a. m.,27,h,Choque,ene/27/2017 07:10 a. m.,1,1,1,1,1,Carrera 54 X Calle 74A Sur,143
8784,A000077,ene/27/2017 06:05 p. m.,14,h,Atropello,ene/27/2017 06:05 p. m.,1,1,1,1,1,Carrera 50 X Calle 88 Sur,409
8785,A000078,ene/27/2017 05:40 a. m.,18,h,Caida Ocupante,ene/27/2017 05:40 a. m.,1,1,1,1,1,Calle 76 Sur X Carrera 60,140
8786,A000079,ene/27/2017 12:30 p. m.,14,d,Choque,ene/27/2017 12:30 p. m.,1,1,1,1,1,Carrera 59 X Calle 82 Sur,143
8787,A000080,ene/27/2017 01:10 p. m.,23,d,Choque,ene/27/2017 01:10 p. m.,1,1,1,1,1,Calle 79 Sur X Carrera 52,143
8788,A000081,ene/28/2017 07:00 a. m.,8,h,Atropello,ene/28/2017 07:00 a. m.,1,1,1,1,1,Carrera 55 X Calle 77 Sur,409
8789,A0000083,ene/28/2017 07:10 p. m.,3,d,Choque,ene/28/2017 07:10 p. m.,1,1,1,1,1,Carrera 50 X Calle 79 Sur,143
8790,A0000084,ene/28/2017 03:10 p. m.,23,h,Choque,ene/28/2017 03:10 p. m.,1,1,1,1,1,Carrera 50 X Calle 79 Sur,143
8791,A0000086,ene/29/2017 11:30 a. m.,16,h,Caida Ocupante,ene/29/2017 11:30 a. m.,1,1,1,1,1,Carrera 55 X Calle 82A Sur,140
8792,A0000087,ene/29/2017 03:30 p. m.,12,h,Choque,ene/29/2017 03:30 p. m.,1,1,1,1,1,Carrera 50 X Calle 96A Sur,143
8793,A000088,ene/29/2017 04:30 p. m.,15,h,Caida Ocupante,ene/29/2017 04:30 p. m.,1,1,1,1,1,Carrera 62 X Calle 75 Sur,140
8794,A000089,ene/27/2017 07:30 a. m.,3,h,Caida Ocupante,ene/27/2017 07:30 a. m.,1,1,1,1,1,Carrera 50 X Calle 79 Sur,140
8795,A000090,ene/29/2017 09:30 p. m.,14,h,Caida Ocupante,ene/29/2017 09:30 p. m.,1,1,1,1,1,Carrera 50 X Calle 89 Sur,140
8796,A0000091,ene/30/2017 09:00 a. m.,3,d,Choque,ene/30/2017 09:00 a. m.,1,1,1,1,1,Carrera 50 X Calle 79 Sur,143
8797,A0000092,ene/30/2017 08:40 a. m.,4,d,Choque,ene/30/2017 08:40 a. m.,1,1,1,1,1,Carrera 48 X Calle 98 Sur,143
8822,A00000118,feb/03/2017 06:30 a. m.,2,h,Caida Ocupante,feb/03/2017 06:30 a. m.,1,1,1,1,1,Carrera 49 X Calle 100 Sur,140
8823,A000082,ene/28/2017 12:15 p. m.,4,d,Choque,ene/28/2017 12:15 p. m.,1,1,1,1,1,Carrera 50 X Calle 79B Sur,143
8824,A00000119,feb/03/2017 02:45 p. m.,15,d,Otro,feb/03/2017 02:45 p. m.,1,1,1,1,1,Calle 75AA Sur X Carrera 62,143
8825,A00000120,feb/05/2017 10:50 a. m.,1,d,Choque,feb/05/2017 10:50 a. m.,1,1,1,1,1,Carrera 60 X Calle 83A Sur,143
8826,A00000122,feb/05/2017 02:40 p. m.,4,h,Choque,feb/05/2017 02:40 p. m.,1,1,1,1,1,Carrera 48 X Calle 100 Sur,143
8827,A00000123,feb/03/2017 01:40 p. m.,5,h,Volcamiento,feb/03/2017 01:40 p. m.,1,1,1,1,1,Calle 90 Sur X Carrera 55,140
8828,A00000124,feb/06/2017 03:10 p. m.,2,h,Choque,feb/06/2017 03:10 p. m.,1,1,1,1,1,Calle 100 Sur X Carrera 49,143