NRO_RADICADO,NUMERO_EXPEDIENTE,FECHA_ACCIDENTE,ID_ZONA,GRAVEDAD,DESC_CLASE_ACCIDENTE,HORA_ACCIDENTE,AREA,SECTOR,ZONA,DISENO,ESTADO_TIEMPO,VIA_ACCID,POSIBLE_CAUSA
8829,A00000125,feb/06/2017 02:00 p. m.,19,h,Caida Ocupante,feb/06/2017 02:00 p. m.,1,1,1,1,1,Carrera 56D X Calle 76 Sur,140
8830,A00000127,feb/07/2017 02:20 p. m.,3,d,Choque,feb/07/2017 02:20 p. m.,1,1,1,1,1,Carrera 50 X Calle 95 Sur,143
8831,A00000128,feb/08/2017 05:50 a. m.,23,h,Atropello,feb/08/2017 05:50 a. m.,1,1,1,1,1,Carrera 50 X Calle 83C Sur,409
8832,A00000131,feb/07/2017 05:30 p. m.,15,d,Choque,feb/07/2017 05:30 p. m.,1,1,1,1,1,Carrera 62 X Calle 75AA Sur,143
8833,A00000142,feb/12/2017 12:50 p. m.,11,m,Choque,feb/12/2017 12:50 p. m.,1,1,1,1,1,Calle 81 Sur X Carrera 65,143
8834,A00000129,feb/05/2017 06:25 p. m.,18,h,Atropello,feb/05/2017 06:25 p. m.,1,1,1,1,1,Calle 77 Sur X Carrera 50A,409
8835,A00000130,feb/08/2017 08:10 a. m.,19,h,Caida Ocupante,feb/08/2017 08:10 a. m.,1,1,1,1,1,Calle 76 Sur X Carrera 57,140
8866,A00000165,feb/18/2017 07:00 a. m.,2,h,Choque,feb/18/2017 07:00 a. m.,1,1,1,1,1,Carrera 48 X Calle 99B Sur,143
8867,A00000166,feb/18/2017 05:50 p. m.,2,h,Atropello,feb/18/2017 05:50 p. m.,1,1,1,1,1,Calle 100 Sur X Carrera 49,409
8868,A00000167,feb/18/2017 11:30 a. m.,16,d,Choque,feb/18/2017 11:30 a. m.,1,1,1,1,1,Carrera 55 X Calle 82A Sur,143
8869,A00000171,feb/19/2017 08:35 p. m.,15,h,Caida Ocupante,feb/19/2017 08:35 p. m.,1,1,1,1,1,Carrera 62A X Calle 75B Sur,140
8870,A00000173,feb/20/2017 12:20 p. m.,3,d,Choque,feb/20/2017 12:20 p. m.,1,1,1,1,1,Carrera 50 X Calle 79 Sur,143
8871,A00000174,feb/20/2017 12:00 p. m.,3,d,Choque,feb/20/2017 12:00 p. m.,1,1,1,1,1,Carrera 50 X Calle 79 Sur,143
8872,A00000175,feb/20/2017 11:20 a. m.,4,d,Choque,feb/20/2017 11:20 a. m.,1,1,1,1,1,Carrera 48 X Calle 79C Sur,143
8873,A00000168,feb/19/2017 07:00 a. m.,3,h,Choque,feb/19/2017 07:00 a. m.,1,1,1,1,1,Carrera 50 X Calle 79 Sur,143
8888,A00000187,feb/24/2017 06:45 p. m.,3,h,Caida Ocupante,feb/24/2017 06:45 p. m.,1,1,1,1,1,Carrera 50 X Calle 98 Sur,140
8813,A00000108,feb/04/2017 11:40 a. m.,4,d,Choque,feb/04/2017 11:40 a. m.,1,1,1,1,1,Carrera 48 X Calle 101 Sur,143
8814,A00000109,feb/04/2017 09:50 a. m.,19,h,Choque,feb/04/2017 09:50 a. m.,1,1,1,2,1,Carrera 54 X Calle 75 Sur,143
8815,A00000110,feb/04/2017 04:40 p. m.,19,h,Choque,feb/04/2017 04:40 p. m.,1,1,1,1,1,Carrera 57 X Calle 75AA Sur,143
8816,A00000111,feb/05/2017 03:00 a. m.,4,h,Caida Ocupante,feb/05/2017 03:00 a. m.,1,1,1,1,1,Carrera 48 X Calle 98 Sur,140
8817,A00000112,feb/04/2017 06:20 a. m.,4,d,Choque,feb/04/2017 06:20 a. m.,1,1,1,1,1,Carrera 48 X Calle 100 Sur,143
8818,A00000113,feb/04/2017 08:30 a. m.,13,d,Choque,feb/04/2017 08:30 a. m.,1,1,1,1,1,Carrera 50 X Calle 97B Sur,143
8819,A00000116,feb/03/2017 09:00 a. m.,1,h,Caida Ocupante,feb/03/2017 09:00 a. m.,1,1,1,1,1,Carrera 62 X Calle 81 Sur,140
8820,A00000117,feb/03/2017 04:20 p. m.,3,h,Caida Ocupante,feb/03/2017 04:20 p. m.,1,1,1,1,1,Carrera 50 X Calle 95 Sur,140
8839,A00000137,feb/09/2017 07:40 p. m.,24,d,Choque,feb/09/2017 07:40 p. m.,1,1,1,1,1,Calle 87 Sur X Carrera 65,143
8840,A00000138,feb/09/2017 06:20 a. m.,14,d,Choque,feb/09/2017 06:20 a. m.,1,1,1,1,1,Carrera 55 X Calle 88 Sur,143
8841,A00000139,feb/10/2017 10:30 p. m.,3,h,Caida Ocupante,feb/10/2017 10:30 p. m.,1,1,1,1,1,Carrera 50 X Calle 97B Sur,140
8842,A00000140,feb/10/2017 07:30 a. m.,3,h,Caida Ocupante,feb/10/2017 07:30 a. m.,1,1,1,1,1,Carrera 50 X Calle 79C Sur,140
8899,A00000197,feb/27/2017 06:20 a. m.,3,h,Caida Ocupante,feb/27/2017 06:20 a. m.,1,1,1,1,1,Carrera 50 X Calle 88 Sur,140
8900,A00000198,feb/27/2017 07:00 p. m.,3,h,Choque,feb/27/2017 07:00 p. m.,1,1,1,1,1,Carrera 50 X Calle 79 Sur,143
8901,A00000199,feb/27/2017 11:30 a. m.,2,h,Caida Ocupante,feb/27/2017 11:30 a. m.,1,1,1,1,1,Calle 96B Sur X Carrera 56,140
8941,A00000170,feb/17/2017 02:20 p. m.,3,h,Choque,feb/17/2017 02:20 p. m.,1,1,1,1,1,Carrera 50 X Calle 88A Sur,143
8953,A00000353,abr/08/2017 09:00 a. m.,15,h,Choque,abr/08/2017 09:00 a. m.,1,1,1,2,1,Carrera 62A X Calle 74 Sur,143
8954,A00000354,abr/08/2017 02:25 p. m.,18,d,Choque,abr/08/2017 02:25 p. m.,1,1,1,1,1,Calle 77 Sur X Carrera 50A,143
8956,A00000320,mar/30/2017 05:20 p. m.,17,d,Choque,mar/30/2017 05:20 p. m.,1,1,1,2,1,Carrera 55 X Calle 80 Sur,143
8971,A00000410,abr/28/2017 02:30 p. m.,18,d,Choque,abr/28/2017 02:30 p. m.,1,1,1,1,1,Calle 77 Sur X Carrera 50A,143
8972,A00000222,mar/06/2017 02:05 p. m.,2,h,Choque,mar/06/2017 02:05 p. m.,1,1,1,1,1,Carrera 48 X Calle 101 Sur,143
8973,A00000274,mar/20/2017 04:55 a. m.,2,h,Choque,mar/20/2017 04:55 a. m.,1,1,1,1,1,Carrera 50 X Calle 93B Sur,143
8974,A00000237,mar/09/2017 05:45 p. m.,3,h,Choque,mar/09/2017 05:45 p. m.,1,1,1,1,1,Carrera 50 X Calle 79 Sur,143
8975,A00000220,mar/04/2017 03:40 p. m.,14,h,Choque,mar/04/2017 03:40 p. m.,1,1,1,2,1,Carrera 50 X Calle 88 Sur,143
9000,A00000490,may/17/2017 03:00 p. m.,19,h,Choque,may/17/2017 03:00 p. m.,1,1,1,1,1,Carrera 55 X Calle 77 Sur,143
9001,A00000317,mar/29/2017 02:40 p. m.,2,h,Choque,mar/29/2017 02:40 p. m.,1,1,1,1,1,Carrera 50 X Calle 330 Sur,143
9008,A00000500,may/19/2017 06:00 a. m.,23,h,Choque,may/19/2017 06:00 a. m.,1,1,1,2,1,Calle 77 Sur X Carrera 54,143
9009,A00000281,mar/21/2017 08:10 a. m.,12,h,Choque,mar/21/2017 08:10 a. m.,1,1,1,1,1,Carrera 50 X Calle 96 Sur,143
9027,A00000327,mar/30/2017 07:40 a. m.,18,d,Choque,mar/30/2017 07:40 a. m.,1,1,1,1,1,Calle 77 Sur X Carrera 50A,143
9028,A00000350,abr/08/2017 01:20 p. m.,19,d,Choque,abr/08/2017 01:20 p. m.,1,1,1,1,1,Calle 76 Sur X Carrera 62A,143
9029,A00000444,may/08/2017 03:20 p. m.,3,d,Choque,may/08/2017 03:20 p. m.,1,1,1,1,1,Carrera 50 X Calle 79 Sur,143
9030,A00000407,abr/27/2017 06:00 p. m.,19,d,Choque,abr/27/2017 06:00 p. m.,1,1,1,1,1,Calle 77 Sur X Carrera 55,143
9031,A00000431,may/04/2017 09:20 a. m.,3,d,Choque,may/04/2017 09:20 a. m.,1,1,1,1,1,Carrera 50 X Calle 79 Sur,143
9054,A00000526,may/28/2017 07:40 p. m.,27,h,Choque,may/28/2017 07:40 p. m.,1,1,1,1,1,Calle 75 Sur X Carrera 54,143
9055,A00000538,may/30/2017 03:00 p. m.,2,h,Choque,may/30/2017 03:00 p. m.,1,1,1,1,1,Carrera 48 X Calle 100 Sur,143
9056,A00000544,jun/02/2017 10:30 p. m.,3,h,Choque,jun/02/2017 10:30 p. m.,1,1,1,1,1,Carrera 50 X Calle 79 Sur,143
9057,A00000561,jun/03/2017 03:00 p. m.,2,d,Choque,jun/03/2017 03:00 p. m.,1,1,1,2,1,Carrera 50 X Calle 83A Sur,143
9065,A00000542,jun/01/2017 08:00 p. m.,1,d,Choque,jun/01/2017 08:00 p. m.,1,1,1,1,1,Calle 80 Sur X Carrera 60,143
9073,A00000388,abr/22/2017 06:00 p. m.,3,h,Atropello,abr/22/2017 06:00 p. m.,1,1,1,1,1,Carrera 50 X Calle 79 Sur,409
9074,A00000364,abr/11/2017 10:30 a. m.,2,h,Atropello,abr/11/2017 10:30 a. m.,1,1,1,1,1,Carrera 50 X Calle 100B Sur,409
9075,A00000391,abr/19/2017 12:20 p. m.,24,h,Atropello,abr/19/2017 12:20 p. m.,1,1,1,1,1,Carrera 62 X Calle 87 Sur,409
9076,A00000644,jul/07/2017 12:30 p. m.,25,h,Choque,jul/07/2017 12:30 p. m.,1,1,1,1,1,Calle 80 Sur X Carrera 59,143
9077,A00000492,may/19/2017 11:50 a. m.,18,d,Choque,may/19/2017 11:50 a. m.,1,1,1,1,1,Calle 77 Sur X Carrera 52,143
9093,A00000578,jun/07/2017 03:00 p. m.,1,d,Choque,jun/07/2017 03:00 p. m.,1,1,1,1,1,Carrera 49 X Calle 79 Sur,143
9141,A00000532,jun/01/2017 05:00 a. m.,23,d,Choque,jun/01/2017 05:00 a. m.,1,1,1,1,1,Calle 79 Sur X Carrera 52,143
9142,A00000543,jun/02/2017 05:40 a. m.,3,d,Choque,jun/02/2017 05:40 a. m.,1,1,1,1,1,Carrera 50 X Calle 79 Sur,143
9143,A00000537,jun/01/2017 02:00 p. m.,19,h,Choque,jun/01/2017 02:00 p. m.,1,1,1,1,1,Calle 77 Sur X Carrera 53,143
9144,A00000551,jun/01/2017 09:00 p. m.,19,h,Choque,jun/01/2017 09:00 p. m.,1,1,1,1,1,Calle 77 Sur X Carrera 58,143
9145,A00000580,jun/11/2017 07:30 p. m.,1,h,Choque,jun/11/2017 07:30 p. m.,1,1,1,1,1,Carrera 50 X Calle 98 Sur,143
9146,A00000581,jun/13/2017 03:00 p. m.,23,d,Choque,jun/13/2017 03:00 p. m.,1,1,1,11,1,Carrera 50 X Calle 79 Sur,143
9149,A00000585,jun/08/2017 10:45 a. m.,2,d,Choque,jun/08/2017 10:45 a. m.,1,1,1,1,1,Carrera 50 X Calle 100 Sur,143
9150,A00000553,jun/04/2017 07:20 p. m.,19,d,Choque,jun/04/2017 07:20 p. m.,1,1,1,1,1,Calle 77 Sur X Carrera 55,143
9572,A00000148,feb/20/2018 05:30 p. m.,16,h,Caida Ocupante,feb/20/2018 05:30 p. m.,1,1,1,1,1,Calle 83 Sur X Carrera 56B,143
9573,A00001072,nov/27/2017 05:10 a. m.,23,h,Atropello,nov/27/2017 05:10 a. m.,1,1,1,1,1,Carrera 50 X Calle 78 Sur,143
9574,A00000214,mar/13/2018 05:30 p. m.,15,h,Atropello,mar/13/2018 05:30 p. m.,1,1,1,1,1,Carrera 62A X Calle 75 Sur,143
9576,A00000810,ago/29/2017 01:10 p. m.,2,d,Choque,ago/29/2017 01:10 p. m.,1,1,1,1,1,Carrera 50 X Calle 97 Sur,143
9577,A000829091,jun/01/2018 09:30 a. m.,2,h,Atropello,jun/01/2018 09:30 a. m.,1,1,1,1,1,Calle 96 Sur X Carrera 55,409
9578,A000829092,jun/01/2018 07:30 p. m.,27,d,Choque,jun/01/2018 07:30 p. m.,1,1,1,1,1,Carrera 54 X Calle 75AA Sur,143
9579,A0000021,ene/08/2018 04:00 a. m.,2,h,Caida Ocupante,ene/08/2018 04:00 a. m.,1,3,1,1,1,Carrera 48 X Calle 100 Sur,143
9582,A00000153,feb/23/2018 02:00 p. m.,3,d,Choque,feb/23/2018 02:00 p. m.,1,1,1,1,1,Carrera 50 X Calle 100D Sur,143
9586,A000829101,jun/05/2018 10:10 p. m.,5,h,Caida Ocupante,jun/05/2018 10:10 p. m.,1,1,1,1,1,Calle 88 Sur X Carrera 57,140
8976,A00000219,mar/04/2017 09:10 a. m.,14,d,Choque,mar/04/2017 09:10 a. m.,1,1,1,1,1,Calle 88 Sur X Carrera 50,143
8977,A00000392,abr/22/2017 09:00 a. m.,23,d,Choque,abr/22/2017 09:00 a. m.,1,1,1,1,1,Calle 79 Sur X Carrera 52A,143
8978,A00000247,mar/12/2017 01:55 p. m.,17,h,Atropello,mar/12/2017 01:55 p. m.,1,1,1,1,1,Carrera 59 X Calle 77 Sur,409
8979,A0000152,feb/13/2017 03:30 p. m.,19,d,Choque,feb/13/2017 03:30 p. m.,1,1,1,2,1,Carrera 54 X Calle 75 Sur,143
8980,A00000251,mar/13/2017 06:30 a. m.,18,d,Choque,mar/13/2017 06:30 a. m.,1,1,1,1,1,Calle 77 Sur X Carrera 50A,143
8981,A00000276,mar/15/2017 10:25 a. m.,12,h,Choque,mar/15/2017 10:25 a. m.,1,1,1,1,1,Carrera 50 X Calle 96 Sur,143
8982,A00000451,may/09/2017 05:00 p. m.,3,d,Choque,may/09/2017 05:00 p. m.,1,1,1,1,1,Carrera 50 X Calle 96A Sur,143
8983,A00000429,may/03/2017 06:00 p. m.,23,d,Choque,may/03/2017 06:00 p. m.,1,1,1,1,1,Carrera 54 X Calle 79 Sur,143
8984,A00000270,mar/17/2017 10:00 a. m.,17,d,Choque,mar/17/2017 10:00 a. m.,1,1,1,1,1,Carrera 59 X Calle 80 Sur,143
8985,A00000482,may/14/2017 03:45 p. m.,22,d,Choque,may/14/2017 03:45 p. m.,1,1,1,1,1,Carrera 57 X Calle 80 Sur,143
8986,A00000439,may/05/2017 03:00 p. m.,2,d,Choque,may/05/2017 03:00 p. m.,1,1,1,1,1,Carrera 59 X Calle 900 Sur,143
8987,A00000434,may/06/2017 07:30 a. m.,3,d,Choque,may/06/2017 07:30 a. m.,1,1,1,1,1,Carrera 50 X Calle 79 Sur,143
9048,A00000408,abr/27/2017 03:10 p. m.,2,d,Choque,abr/27/2017 03:10 p. m.,1,1,1,1,1,Carrera 50 X Calle 94B Sur,143
9058,A00000333,abr/03/2017 07:40 p. m.,23,h,Atropello,abr/03/2017 07:40 p. m.,1,1,1,1,1,Calle 79 Sur X Carrera 54,143
9059,A00000573,jun/10/2017 02:30 p. m.,3,h,Choque,jun/10/2017 02:30 p. m.,1,1,1,1,1,Carrera 50 X Calle 98 Sur,143
9064,A00000645,jul/07/2017 09:20 a. m.,1,h,Choque,jul/07/2017 09:20 a. m.,1,1,1,1,1,Calle 77 Sur X Carrera 53,143
9094,A00000684,jul/21/2017 05:00 p. m.,1,d,Choque,jul/21/2017 05:00 p. m.,1,1,1,1,1,Carrera 64 X Calle 80 Sur,143
9095,A00000772,ago/17/2017 05:20 p. m.,1,h,Choque,ago/17/2017 05:20 p. m.,1,1,1,2,1,Carrera 54 X Calle 75AA Sur,143
9096,A00000539,may/30/2017 02:30 p. m.,1,d,Choque,may/30/2017 02:30 p. m.,1,1,1,1,1,Carrera 48 X Calle 100 Sur,143
9098,A00000758,ago/13/2017 11:40 a. m.,1,h,Choque,ago/13/2017 11:40 a. m.,1,1,1,1,1,Calle 75AA Sur X Carrera 62A,143
9148,A00000609,jun/24/2017 07:30 p. m.,17,d,Choque,jun/24/2017 07:30 p. m.,1,1,1,2,1,Carrera 57 X Calle 80 Sur,143
9156,A00000216,mar/03/2017 05:40 a. m.,2,h,Choque,mar/03/2017 05:40 a. m.,1,1,1,1,1,Carrera 50 X Calle 83C Sur,143
9157,A00000529,may/31/2017 02:05 p. m.,2,h,Choque,may/31/2017 02:05 p. m.,1,1,1,1,1,Carrera 50 X Calle 92B Sur,143
9158,A00000603,jun/18/2017 09:30 p. m.,22,d,Choque,jun/18/2017 09:30 p. m.,1,1,1,1,1,Carrera 56D X Calle 82 Sur,143
9159,A00000604,jun/22/2017 09:10 a. m.,24,d,Choque,jun/22/2017 09:10 a. m.,1,1,1,1,1,Carrera 62 X Calle 83A Sur,143
9160,A00000606,jun/23/2017 11:20 a. m.,19,d,Choque,jun/23/2017 11:20 a. m.,1,1,1,1,1,Carrera 60 X Calle 77 Sur,143
9163,A00000953,oct/14/2017 07:30 a. m.,3,h,Choque,oct/14/2017 07:30 a. m.,1,1,1,1,1,Carrera 50 X Calle 99 Sur,143
9182,A00000795,ago/24/2017 04:00 p. m.,15,d,Choque,ago/24/2017 04:00 p. m.,1,1,1,1,1,Carrera 62 X Calle 75AA Sur,143
9183,A00000678,jul/19/2017 01:00 p. m.,1,d,Choque,jul/19/2017 01:00 p. m.,1,1,1,1,1,Carrera 77 X Calle 77 Sur,143
9188,A00000633,jul/04/2017 10:40 a. m.,3,d,Choque,jul/04/2017 10:40 a. m.,1,1,1,1,1,Carrera 50 X Calle 79 Sur,143
9189,A00000641,jul/04/2017 05:00 a. m.,2,h,Caida Ocupante,jul/04/2017 05:00 a. m.,1,1,1,1,1,Carrera 50 X Calle 100B Sur,502
9248,A00000912,sept/30/2017 01:10 p. m.,15,d,Choque,sept/30/2017 01:10 p. m.,1,1,1,2,1,Carrera 62A X Calle 73 Sur,143
9249,A00000663,jul/14/2017 05:30 a. m.,3,h,Choque,jul/14/2017 05:30 a. m.,1,1,1,1,1,Carrera 50 X Calle 79B Sur,143
9254,A00000658,jul/15/2017 08:30 p. m.,15,h,Atropello,jul/15/2017 08:30 p. m.,1,1,1,1,1,Carrera 62 X Calle 76 Sur,409
9255,A00000683,jul/20/2017 06:10 p. m.,14,h,Atropello,jul/20/2017 06:10 p. m.,1,1,1,1,1,Carrera 55 X Calle 88 Sur,409
9256,A00000697,jul/25/2017 03:20 p. m.,2,h,Choque,jul/25/2017 03:20 p. m.,1,1,1,1,1,Calle 100 Sur X Carrera 49,143
9268,A00000713,jul/29/2017 09:40 p. m.,2,d,Choque,jul/29/2017 09:40 p. m.,1,1,1,1,1,Calle 100 Sur X Carrera 50,143
9269,A00000714,jul/30/2017 05:50 p. m.,15,h,Caida Ocupante,jul/30/2017 05:50 p. m.,1,1,1,1,1,Carrera 62A X Calle 74 Sur,140
9275,A00000721,jul/31/2017 07:50 a. m.,27,h,Caida Ocupante,jul/31/2017 07:50 a. m.,1,1,1,1,1,Carrera 54 X Calle 75 Sur,143
9276,A00000725,jul/31/2017 11:30 a. m.,2,d,Choque,jul/31/2017 11:30 a. m.,1,1,1,1,1,Calle 98 Sur X Carrera 48,143
9277,A00000726,ago/01/2017 05:20 p. m.,3,d,Choque,ago/01/2017 05:20 p. m.,1,1,1,1,1,Carrera 50 X Calle 79 Sur,143
9278,A00000727,ago/03/2017 03:30 p. m.,8,d,Choque,ago/03/2017 03:30 p. m.,1,1,1,1,1,Calle 77 Sur X Carrera 55,143
9280,A00000740,ago/08/2017 08:10 a. m.,3,d,Choque,ago/08/2017 08:10 a. m.,1,1,1,1,1,Carrera 50 X Calle 77 Sur,143
9281,A00000728,jul/31/2017 04:00 p. m.,3,h,Choque,jul/31/2017 04:00 p. m.,1,1,1,1,1,Carrera 50 X Calle 77 Sur,143
9282,A00000733,ago/03/2017 11:30 a. m.,18,d,Choque,ago/03/2017 11:30 a. m.,1,1,1,1,1,Calle 77 Sur X Carrera 50A,143
9283,A00000737,ago/04/2017 06:10 p. m.,24,d,Choque,ago/04/2017 06:10 p. m.,1,1,1,1,1,Carrera 62 X Calle 83 Sur,143
9284,A00000738,ago/04/2017 08:00 p. m.,16,h,Choque,ago/04/2017 08:00 p. m.,1,1,1,1,1,Calle 83 Sur X Carrera 56B,143
9285,A00000741,ago/08/2017 03:10 p. m.,3,d,Choque,ago/08/2017 03:10 p. m.,1,1,1,1,1,Carrera 50 X Calle 79 Sur,143
9286,A00000742,ago/08/2017 12:10 p. m.,17,h,Choque,ago/08/2017 12:10 p. m.,1,1,1,1,1,Calle 80 Sur X Carrera 55,143
9287,A00000750,ago/07/2017 10:45 a. m.,8,h,Choque,ago/07/2017 10:45 a. m.,1,1,1,1,1,Calle 77 Sur X Carrera 55,143
9288,A00000744,ago/08/2017 03:40 p. m.,11,d,Choque,ago/08/2017 03:40 p. m.,1,1,1,1,1,Calle 81 Sur X Carrera 63,143
9295,A00000890,sept/24/2017 08:00 p. m.,27,d,Choque,sept/24/2017 08:00 p. m.,1,1,1,1,1,Carrera 54 X Calle 75AB Sur,143
8889,A00000188,feb/24/2017 02:15 p. m.,17,h,Choque,feb/24/2017 02:15 p. m.,1,1,1,1,1,Calle 80 Sur X Carrera 58,143
8890,A00000189,feb/26/2017 01:30 a. m.,24,m,Caida Ocupante,feb/26/2017 01:30 a. m.,1,1,1,1,1,Carrera 62 X Calle 83A Sur,140
8891,A00000190,feb/22/2017 08:55 p. m.,3,d,Choque,feb/22/2017 08:55 p. m.,1,1,1,11,1,Carrera 50 X Calle 79B Sur,143
8902,A0000094,ene/30/2017 06:00 p. m.,3,d,Choque,ene/30/2017 06:00 p. m.,1,1,1,1,1,Carrera 50 X Calle 79 Sur,143
8903,A00000115,feb/04/2017 03:00 p. m.,22,h,Atropello,feb/04/2017 03:00 p. m.,1,1,1,1,1,Calle 82 Sur X Carrera 57,409
8904,A00000961,oct/26/2016 08:10 a. m.,19,h,Caida Ocupante,oct/26/2016 08:10 a. m.,1,1,1,1,1,Carrera 55 X Calle 77 Sur,140
8905,A0000155,feb/14/2017 07:30 p. m.,3,h,Choque,feb/14/2017 07:30 p. m.,1,1,1,1,1,Carrera 50 X Calle 79 Sur,143
8906,A00000955,nov/01/2016 03:10 p. m.,2,h,Atropello,nov/01/2016 03:10 p. m.,1,1,1,1,1,Calle 100 Sur X Carrera 49D,409
8907,A00000100,ene/31/2017 07:40 a. m.,23,h,Choque,ene/31/2017 07:40 a. m.,1,1,1,1,1,Carrera 50 X Calle 79 Sur,143
8913,A00000204,feb/28/2017 04:10 p. m.,4,h,Choque,feb/28/2017 04:10 p. m.,1,1,1,2,1,Carrera 48 X Calle 79C Sur,143
8914,A00000205,feb/28/2017 04:40 p. m.,4,d,Choque,feb/28/2017 04:40 p. m.,1,1,1,2,1,Carrera 49 X Calle 79C Sur,143
8915,A00000206,mar/01/2017 11:00 a. m.,4,d,Choque,mar/01/2017 11:00 a. m.,1,1,1,1,1,Carrera 50 X Calle 79C Sur,143
8918,A00000243,mar/11/2017 04:20 p. m.,1,d,Choque,mar/11/2017 04:20 p. m.,1,1,1,1,1,Carrera 50 X Calle 92 Sur,143
8919,A00000298,mar/25/2017 03:15 p. m.,1,h,Choque,mar/25/2017 03:15 p. m.,1,1,1,1,1,Carrera 50 X Calle 100 Sur,143
8920,A00000291,mar/23/2017 04:00 p. m.,1,d,Choque,mar/23/2017 04:00 p. m.,1,1,1,1,1,Carrera 50 X Calle 98A Sur,143
8921,A00000217,mar/03/2017 04:10 p. m.,1,h,Choque,mar/03/2017 04:10 p. m.,1,1,1,1,1,Calle 77 Sur X Carrera 50A,143
8926,A00000283,mar/22/2017 06:40 a. m.,1,h,Choque,mar/22/2017 06:40 a. m.,1,1,1,1,1,Carrera 55 X Calle 83 Sur,143
8927,A00000305,mar/27/2017 07:00 a. m.,1,d,Choque,mar/27/2017 07:00 a. m.,1,1,1,1,1,Calle 73 Sur X Carrera 63AA,143
8942,A00000417,abr/30/2017 11:30 a. m.,1,d,Choque,abr/30/2017 11:30 a. m.,1,1,1,1,1,Calle 83A Sur X Carrera 61,143
8959,A00000381,abr/17/2017 02:40 p. m.,18,d,Otro,abr/17/2017 02:40 p. m.,1,1,1,1,1,Calle 77 Sur X Carrera 53,143
8960,A00000363,abr/11/2017 09:20 a. m.,23,h,Choque,abr/11/2017 09:20 a. m.,1,1,1,1,1,Carrera 50 X Calle 79 Sur,143
8961,A00000344,abr/06/2017 10:45 a. m.,17,d,Choque,abr/06/2017 10:45 a. m.,1,1,1,1,1,Calle 80 Sur X Carrera 50,143
8962,A00000398,abr/25/2017 06:20 p. m.,3,d,Choque,abr/25/2017 06:20 p. m.,1,1,1,1,1,Carrera 50 X Calle 79 Sur,143
8963,A00000376,abr/16/2017 06:20 p. m.,3,h,Choque,abr/16/2017 06:20 p. m.,1,1,1,1,1,Carrera 50 X Calle 101 Sur,143
8964,A00000403,abr/25/2017 10:50 a. m.,14,h,Choque,abr/25/2017 10:50 a. m.,1,1,1,1,1,Carrera 50 X Calle 83 Sur,143
8965,A00000448,may/09/2017 07:50 p. m.,19,d,Choque,may/09/2017 07:50 p. m.,1,1,1,1,1,Calle 76 Sur X Carrera 57,143
8966,A00000457,may/11/2017 07:00 a. m.,24,d,Choque,may/11/2017 07:00 a. m.,1,1,1,1,1,Calle 87 Sur X Carrera 65A,143
8967,A00000402,abr/25/2017 07:30 a. m.,20,d,Choque,abr/25/2017 07:30 a. m.,1,1,1,1,1,Carrera 63 X Calle 79 Sur,143
8999,A00000244,mar/12/2017 12:10 p. m.,15,d,Choque,mar/12/2017 12:10 p. m.,1,1,1,2,1,Carrera 62A X Calle 74 Sur,143
9002,A00000380,abr/07/2017 02:00 p. m.,5,h,Choque,abr/07/2017 02:00 p. m.,1,1,1,1,1,Carrera 55 X Calle 90 Sur,143
9003,A00000307,mar/28/2017 07:20 p. m.,3,h,Choque,mar/28/2017 07:20 p. m.,1,1,1,1,1,Carrera 50 X Calle 92 Sur,143
9011,A00000267,mar/16/2017 11:50 a. m.,2,m,Choque,mar/16/2017 11:50 a. m.,1,1,1,1,1,Calle 100 Sur X Carrera 49D,143
9012,A00000288,mar/21/2017 03:38 p. m.,2,d,Choque,mar/21/2017 03:38 p. m.,1,1,1,2,1,Calle 100 Sur X Carrera 49A,143
9020,A00000332,mar/30/2017 10:10 a. m.,23,d,Choque,mar/30/2017 10:10 a. m.,1,1,1,1,1,Carrera 52D X Calle 78 Sur,143
9021,A00000338,abr/04/2017 09:40 a. m.,22,h,Choque,abr/04/2017 09:40 a. m.,1,1,1,1,1,Calle 87 Sur X Carrera 55,143
9022,A00000334,abr/04/2017 04:50 p. m.,4,d,Choque,abr/04/2017 04:50 p. m.,1,1,1,1,1,Carrera 48 X Calle 79 Sur,143
9023,A00000340,abr/06/2017 01:50 p. m.,2,d,Choque,abr/06/2017 01:50 p. m.,1,1,1,1,1,Carrera 50 X Calle 100C Sur,143
9024,A00000491,may/18/2017 07:40 a. m.,3,d,Choque,may/18/2017 07:40 a. m.,1,1,1,1,1,Carrera 50 X Calle 79 Sur,143
9025,A00000341,abr/07/2017 07:00 a. m.,4,h,Choque,abr/07/2017 07:00 a. m.,1,1,1,2,1,Carrera 59 X Calle 960 Sur,143
9026,A00000346,abr/06/2017 06:20 a. m.,2,h,Atropello,abr/06/2017 06:20 a. m.,1,1,1,1,1,Carrera 60 X Calle 56 Sur,409
9033,A00000314,mar/30/2017 06:40 a. m.,3,h,Choque,mar/30/2017 06:40 a. m.,1,1,1,1,1,Carrera 50 X Calle 97 Sur,143
9034,A00000528,may/30/2017 12:10 p. m.,3,h,Choque,may/30/2017 12:10 p. m.,1,1,1,1,1,Carrera 50 X Calle 8 Sur,143
9049,A00000367,abr/12/2017 12:40 p. m.,23,d,Choque,abr/12/2017 12:40 p. m.,1,1,1,2,1,Calle 77 Sur X Carrera 53,143
9050,A00000625,jul/01/2017 06:40 a. m.,3,h,Choque,jul/01/2017 06:40 a. m.,1,1,1,1,1,Carrera 50 X Calle 79 Sur,143