NRO_RADICADO,NUMERO_EXPEDIENTE,FECHA_ACCIDENTE,ID_ZONA,GRAVEDAD,DESC_CLASE_ACCIDENTE,HORA_ACCIDENTE,AREA,SECTOR,ZONA,DISENO,ESTADO_TIEMPO,VIA_ACCID,POSIBLE_CAUSA
9051,A00000524,may/28/2017 09:10 p. m.,19,h,Otro,may/28/2017 09:10 p. m.,1,1,1,1,1,Carrera 56C X Calle 77 Sur,143
9052,A00000527,may/30/2017 05:20 p. m.,2,d,Choque,may/30/2017 05:20 p. m.,1,1,1,1,1,Calle 100 Sur X Carrera 48,143
9053,A00000358,abr/10/2017 04:10 p. m.,3,d,Choque,abr/10/2017 04:10 p. m.,1,1,1,1,1,Carrera 50 X Calle 97 Sur,143
9060,A00000627,jul/02/2017 12:50 p. m.,1,h,Choque,jul/02/2017 12:50 p. m.,1,1,1,1,1,Carrera 54 X Calle 75B Sur,143
9062,A00000399,abr/25/2017 09:50 p. m.,1,h,Choque,abr/25/2017 09:50 p. m.,1,1,1,1,1,Carrera 50 X Calle 97 Sur,143
9063,A00000462,may/10/2017 05:10 p. m.,1,d,Choque,may/10/2017 05:10 p. m.,1,1,1,1,1,Carrera 50 X Calle 88AA Sur,143
9066,A00000497,may/20/2017 01:00 p. m.,1,d,Choque,may/20/2017 01:00 p. m.,1,1,1,1,1,Carrera 50 X Calle 79 Sur,143
9067,A00000636,jul/05/2017 11:30 a. m.,19,h,Otro,jul/05/2017 11:30 a. m.,1,1,1,1,1,Calle 77 Sur X Carrera 50A,101
9068,A00000319,mar/31/2017 05:30 p. m.,14,d,Choque,mar/31/2017 05:30 p. m.,1,1,1,1,1,Carrera 55 X Calle 83 Sur,143
9151,A00000599,jun/19/2017 08:00 p. m.,3,h,Choque,jun/19/2017 08:00 p. m.,1,1,1,1,1,Carrera 50 X Calle 88 Sur,143
9152,A00000687,jul/21/2017 09:20 a. m.,12,h,Choque,jul/21/2017 09:20 a. m.,1,1,1,1,1,Carrera 50 X Calle 96 Sur,143
9153,A00000600,jun/16/2017 10:00 p. m.,23,h,Choque,jun/16/2017 10:00 p. m.,1,1,1,1,1,Carrera 54 X Calle 79AA Sur,143
9154,A00000601,jun/18/2017 06:00 p. m.,3,d,Choque,jun/18/2017 06:00 p. m.,1,1,1,1,1,Carrera 50 X Calle 48 Sur,143
9181,A00000849,sept/08/2017 08:50 a. m.,1,h,Choque,sept/08/2017 08:50 a. m.,1,1,1,1,1,Carrera 48 X Calle 100 Sur,143
9212,A00000677,jul/19/2017 08:40 p. m.,3,h,Choque,jul/19/2017 08:40 p. m.,1,1,1,1,1,Carrera 50 X Calle 91 Sur,143
9213,A00000679,jul/20/2017 09:40 p. m.,3,h,Caida Ocupante,jul/20/2017 09:40 p. m.,1,1,1,1,1,Carrera 50 X Calle 98 Sur,143
9214,A00000680,jul/21/2017 04:00 p. m.,3,h,Choque,jul/21/2017 04:00 p. m.,1,1,1,1,1,Carrera 50 X Calle 100 Sur,143
9215,A00000681,jul/22/2017 03:50 p. m.,19,h,Choque,jul/22/2017 03:50 p. m.,1,1,1,2,1,Carrera 54 X Calle 75B Sur,143
9216,A00000682,jul/20/2017 10:55 a. m.,3,h,Otro,jul/20/2017 10:55 a. m.,1,1,1,1,1,Carrera 50 X Calle 89 Sur,143
9217,A00000685,jul/21/2017 07:35 a. m.,16,h,Caida Ocupante,jul/21/2017 07:35 a. m.,1,1,1,1,1,Calle 83 Sur X Carrera 56,140
9218,A00000688,jul/22/2017 10:20 a. m.,15,d,Choque,jul/22/2017 10:20 a. m.,1,1,1,1,1,Carrera 62 X Calle 76 Sur,143
9219,A00000689,jul/22/2017 07:30 p. m.,23,d,Choque,jul/22/2017 07:30 p. m.,1,1,1,1,1,Calle 77 Sur X Carrera 54,143
9220,A00000690,jul/24/2017 01:40 p. m.,19,d,Choque,jul/24/2017 01:40 p. m.,1,1,1,1,1,Calle 77 Sur X Carrera 57,143
9221,A00000691,jul/22/2017 05:35 p. m.,5,d,Choque,jul/22/2017 05:35 p. m.,1,1,1,1,1,Calle 90 Sur X Carrera 55,143
9222,A00000693,jul/24/2017 06:05 p. m.,19,h,Caida Ocupante,jul/24/2017 06:05 p. m.,1,1,1,1,1,Calle 77 Sur X Carrera 60,140
9223,A00000694,jul/24/2017 06:40 a. m.,2,d,Choque,jul/24/2017 06:40 a. m.,1,1,1,1,1,Calle 99 Sur X Carrera 49DD,143
9224,A00000257,mar/15/2017 07:30 p. m.,2,h,Atropello,mar/15/2017 07:30 p. m.,1,1,1,1,1,Carrera 50 X Calle 97A Sur,409
9225,A00000299,mar/25/2017 03:00 p. m.,3,h,Choque,mar/25/2017 03:00 p. m.,1,1,1,1,1,Carrera 50 X Calle 100B Sur,143
9250,A00000618,jun/28/2017 03:30 p. m.,18,h,Choque,jun/28/2017 03:30 p. m.,1,1,1,1,1,Calle 77 Sur X Carrera 50B,143
9251,A00000259,mar/15/2017 02:30 p. m.,23,d,Choque,mar/15/2017 02:30 p. m.,1,1,1,1,1,Calle 79C Sur X Carrera 52,143
9252,A00000640,jul/04/2017 02:00 p. m.,3,h,Caida Ocupante,jul/04/2017 02:00 p. m.,1,1,1,1,1,Carrera 50 X Calle 94 Sur,140
9253,A00000647,jul/10/2017 03:15 p. m.,3,h,Atropello,jul/10/2017 03:15 p. m.,1,1,1,1,1,Carrera 50 X Calle 99 Sur,409
9266,A00000712,jul/28/2017 09:00 p. m.,11,h,Caida Ocupante,jul/28/2017 09:00 p. m.,1,1,1,1,1,Calle 76 Sur X Carrera 62,140
9267,A00000711,jul/28/2017 06:00 a. m.,2,h,Choque,jul/28/2017 06:00 a. m.,1,1,1,1,1,Calle 100 Sur X Carrera 48B,143
9273,A00000718,jul/29/2017 03:30 p. m.,15,h,Atropello,jul/29/2017 03:30 p. m.,1,1,1,1,1,Carrera 62A X Calle 74 Sur,409
9274,A00000719,jul/17/2017 07:40 p. m.,2,d,Choque,jul/17/2017 07:40 p. m.,1,1,1,1,1,Calle 100B Sur X Carrera 51,143
9279,A00000878,sept/21/2017 02:20 a. m.,14,h,Caida Ocupante,sept/21/2017 02:20 a. m.,1,1,1,1,1,Carrera 50 X Calle 88 Sur,140
9303,A00000958,oct/15/2017 08:00 a. m.,1,d,Choque,oct/15/2017 08:00 a. m.,1,1,1,1,1,Carrera 62 X Calle 87 Sur,143
9304,A00000788,ago/25/2017 02:20 p. m.,24,d,Choque,ago/25/2017 02:20 p. m.,1,1,1,1,1,Calle 87 Sur X Carrera 65A,143
9305,A00000792,ago/26/2017 08:40 a. m.,5,h,Atropello,ago/26/2017 08:40 a. m.,1,1,1,1,1,Carrera 55 X Calle 94 Sur,409
9306,A00000794,ago/23/2017 03:50 p. m.,15,d,Choque,ago/23/2017 03:50 p. m.,1,1,1,1,1,Calle 73 Sur X Carrera 63,143
9307,A00000796,ago/24/2017 04:00 p. m.,3,d,Choque,ago/24/2017 04:00 p. m.,1,1,1,1,1,Carrera 50 X Calle 79C Sur,143
9308,A00000780,ago/21/2017 01:50 p. m.,11,d,Choque,ago/21/2017 01:50 p. m.,1,1,1,2,1,Calle 81 Sur X Carrera 66,143
9309,A00000797,ago/27/2017 01:40 p. m.,3,h,Choque,ago/27/2017 01:40 p. m.,1,1,1,1,1,Carrera 50 X Calle 80 Sur,143
9310,A00000799,ago/27/2017 05:00 p. m.,1,d,Choque,ago/27/2017 05:00 p. m.,1,1,1,1,1,Carrera 60 X Calle 79 Sur,143
9311,A00000812,ago/30/2017 05:50 a. m.,19,h,Choque,ago/30/2017 05:50 a. m.,1,1,1,1,1,Calle 77 Sur X Carrera 56D,143
9312,A00000821,sept/02/2017 07:00 a. m.,3,h,Choque,sept/02/2017 07:00 a. m.,1,1,1,1,1,Carrera 50 X Calle 96 Sur,143
9320,A00001006,oct/31/2017 04:50 a. m.,2,h,Choque,oct/31/2017 04:50 a. m.,1,1,1,1,1,Calle 100 Sur X Carrera 48,143
9326,A00001087,dic/01/2017 01:20 p. m.,3,h,Choque,dic/01/2017 01:20 p. m.,1,1,1,1,1,Carrera 50 X Calle 79 Sur,143
9327,A00001024,nov/13/2017 11:00 a. m.,18,d,Choque,nov/13/2017 11:00 a. m.,1,1,1,2,1,Calle 75AA Sur X Carrera 52D,143
9328,A00001124,dic/11/2017 11:10 a. m.,1,h,Atropello,dic/11/2017 11:10 a. m.,1,1,1,1,1,Calle 83A Sur X Carrera 59,143
9329,A00001020,nov/10/2017 03:50 p. m.,2,h,Choque,nov/10/2017 03:50 p. m.,1,1,1,1,1,Carrera 50 X Calle 100B Sur,143
9330,A0000067,ene/26/2018 03:30 p. m.,20,d,Choque,ene/26/2018 03:30 p. m.,1,1,1,1,1,Calle 80 Sur X Carrera 65,143
9331,A00001082,nov/30/2017 08:00 a. m.,23,d,Choque,nov/30/2017 08:00 a. m.,1,1,1,1,1,Calle 79 Sur X Carrera 54,143
9332,A0000001,ene/02/2018 05:20 p. m.,3,h,Choque,ene/02/2018 05:20 p. m.,1,1,1,1,1,Carrera 50 X Calle 97 Sur,143
9335,A000700534,abr/09/2018 06:00 p. m.,3,h,Choque,abr/09/2018 06:00 p. m.,1,1,1,1,1,Carrera 50 X Calle 95 Sur,143
9339,A00000848,sept/06/2017 10:10 a. m.,2,d,Choque,sept/06/2017 10:10 a. m.,1,1,1,1,1,Calle 100 Sur X Carrera 45,143
9341,A00000798,ago/27/2017 02:30 p. m.,14,h,Choque,ago/27/2017 02:30 p. m.,1,1,1,1,1,Carrera 50 X Calle 88 Sur,143
9342,A00000011,ene/05/2018 02:30 p. m.,13,h,Choque,ene/05/2018 02:30 p. m.,1,1,1,1,1,Carrera 50 X Calle 96A Sur,143
9345,A00000846,sept/07/2017 06:40 a. m.,2,h,Choque,sept/07/2017 06:40 a. m.,1,2,1,1,1,Carrera 48 X Calle 100 Sur,102
9347,A00000865,sept/12/2017 12:30 p. m.,3,h,Otro,sept/12/2017 12:30 p. m.,1,2,1,1,1,Carrera 50 X Calle 80 Sur,217
9352,A00000881,sept/16/2017 05:50 p. m.,3,h,Choque,sept/16/2017 05:50 p. m.,1,1,1,1,1,Carrera 50 X Calle 98 Sur,143
9354,A00001188,dic/31/2017 05:00 p. m.,23,h,Choque,dic/31/2017 05:00 p. m.,1,1,1,1,1,Carrera 55 X Calle 79 Sur,143
9603,A00000171,mar/01/2018 09:20 p. m.,8,h,Choque,mar/01/2018 09:20 p. m.,1,1,1,2,1,Carrera 55 X Calle 77 Sur,143
9604,A00000182,mar/05/2018 10:20 a. m.,1,h,Atropello,mar/05/2018 10:20 a. m.,1,1,1,1,1,Carrera 61 X Calle 81 Sur,409
9606,A00000818,ago/31/2017 04:50 p. m.,3,h,Atropello,ago/31/2017 04:50 p. m.,1,1,1,1,1,Calle 77 Sur X Carrera 49,409
9637,A00000802,ago/29/2017 11:20 a. m.,14,h,Choque,ago/29/2017 11:20 a. m.,1,1,1,1,1,Calle 87 Sur X Carrera 55,143
9638,A0000048,ene/18/2018 07:10 p. m.,21,d,Choque,ene/18/2018 07:10 p. m.,1,1,1,1,1,Calle 87 Sur X Carrera 62,143
9641,A00000228,mar/16/2018 06:00 a. m.,3,h,Choque,mar/16/2018 06:00 a. m.,1,1,1,1,1,Calle 79 Sur X Carrera 50,143
9687,A000829154,jun/27/2018 01:20 p. m.,3,h,Choque,jun/27/2018 01:20 p. m.,1,1,1,1,1,Carrera 50 X Calle 88A Sur,143
9688,A00000207,mar/10/2018 11:00 p. m.,2,h,Choque,mar/10/2018 11:00 p. m.,1,1,1,2,1,Carrera 50 X Calle 98 Sur,143
9693,A000829161,jun/29/2018 07:40 p. m.,3,h,Atropello,jun/29/2018 07:40 p. m.,1,1,1,1,1,Carrera 50 X Calle 93 Sur,409
9694,A000829162,jun/30/2018 05:30 a. m.,23,h,Choque,jun/30/2018 05:30 a. m.,1,1,1,2,1,Carrera 50 X Calle 79 Sur,143
9696,A000829164,jul/01/2018 01:20 p. m.,2,h,Otro,jul/01/2018 01:20 p. m.,1,1,1,1,1,Carrera 50 X Calle 100 Sur,145
9699,A000829165,jul/03/2018 05:10 a. m.,4,d,Choque,jul/03/2018 05:10 a. m.,1,1,1,1,1,Carrera 50 X Calle 79C Sur,143
9706,A000829171,jul/06/2018 08:30 p. m.,1,h,Caida Ocupante,jul/06/2018 08:30 p. m.,1,1,1,1,1,Calle 82 Sur X Carrera 61,140
9711,A000829172,jul/06/2018 08:00 a. m.,3,h,Caida Ocupante,jul/06/2018 08:00 a. m.,1,1,1,1,1,Carrera 50 X Calle 80A Sur,140
9712,A000829170,jul/06/2018 07:20 p. m.,2,d,Otro,jul/06/2018 07:20 p. m.,1,1,1,10,1,Carrera 49 X Calle 100 Sur,145
9716,A000829183,jul/09/2018 09:10 p. m.,17,d,Choque,jul/09/2018 09:10 p. m.,1,1,1,1,1,Calle 80 Sur X Carrera 56,143
9720,A000829185,jul/10/2018 01:50 p. m.,23,d,Choque,jul/10/2018 01:50 p. m.,1,2,1,10,1,Carrera 48B X Calle 99 Sur,143
9813,A00000202,mar/10/2018 10:35 p. m.,22,h,Atropello,mar/10/2018 10:35 p. m.,1,1,1,1,1,Calle 82 Sur X Carrera 57,143
9815,A00000168,feb/28/2018 12:50 p. m.,4,d,Choque,feb/28/2018 12:50 p. m.,1,1,1,1,1,Carrera 50 X Calle 48 Sur,143
9817,A00000175,feb/25/2018 04:10 p. m.,4,d,Choque,feb/25/2018 04:10 p. m.,1,1,1,1,1,Carrera 50 X Calle 48 Sur,143
9821,A00001169,dic/23/2017 09:10 p. m.,19,h,Choque,dic/23/2017 09:10 p. m.,1,1,1,1,1,Calle 76 Sur X Carrera 57B,143
9822,A00000234,mar/16/2018 01:20 p. m.,2,d,Choque,mar/16/2018 01:20 p. m.,1,1,1,1,1,Carrera 50 X Calle 99 Sur,143
9823,A00000183,mar/06/2018 06:30 a. m.,5,h,Choque,mar/06/2018 06:30 a. m.,1,1,1,1,1,Carrera 50 X Calle 88 Sur,143
9833,A000829247,jul/28/2018 07:30 a. m.,2,h,Choque,jul/28/2018 07:30 a. m.,1,1,1,1,1,Carrera 50 X Calle 100 Sur,143
9834,A000829248,jul/27/2018 02:10 p. m.,24,h,Atropello,jul/27/2018 02:10 p. m.,1,1,1,1,1,Carrera 62 X Calle 87 Sur,409
9835,A000829250,jul/29/2018 02:10 p. m.,14,h,Atropello,jul/29/2018 02:10 p. m.,1,1,1,1,1,Carrera 50 X Calle 99 Sur,409
9837,A000829265,ago/02/2018 11:00 a. m.,18,m,Atropello,ago/02/2018 11:00 a. m.,1,1,1,1,1,Carrera 50 X Calle 77 Sur,409
9593,A000829105,jun/07/2018 05:40 p. m.,24,d,Choque,jun/07/2018 05:40 p. m.,1,1,1,1,1,Calle 87 Sur X Carrera 62,143
9613,A000829115,jun/11/2018 08:40 a. m.,19,h,Choque,jun/11/2018 08:40 a. m.,1,1,1,1,1,Calle 77 Sur X Carrera 54,143
9614,A000829116,jun/13/2018 05:40 p. m.,3,h,Choque,jun/13/2018 05:40 p. m.,1,1,1,1,1,Carrera 50 X Calle 83C Sur,143
9615,A000829117,jun/13/2018 02:50 p. m.,14,h,Caida Ocupante,jun/13/2018 02:50 p. m.,1,1,1,1,1,Calle 87 Sur X Carrera 57,140
9616,A000829118,jun/14/2018 03:20 p. m.,3,d,Choque,jun/14/2018 03:20 p. m.,1,1,1,1,1,Carrera 50 X Calle 79 Sur,143
9617,A000829119,jun/13/2018 04:30 p. m.,15,d,Choque,jun/13/2018 04:30 p. m.,1,1,1,1,1,Carrera 62A X Calle 74 Sur,143
9618,A000829120,jun/14/2018 11:00 a. m.,18,h,Caida Ocupante,jun/14/2018 11:00 a. m.,1,1,1,1,1,Calle 77 Sur X Carrera 50A,140
9656,A000829143,jun/20/2018 08:30 a. m.,24,d,Choque,jun/20/2018 08:30 a. m.,1,1,1,1,1,Calle 87 Sur X Carrera 65,143
9672,A000829148,jun/25/2018 05:50 p. m.,4,h,Choque,jun/25/2018 05:50 p. m.,1,1,1,1,1,Carrera 50 X Calle 48 Sur,143
9673,A000829150,jun/25/2018 01:30 a. m.,22,h,Caida Ocupante,jun/25/2018 01:30 a. m.,1,1,1,1,1,Calle 87 Sur X Carrera 55,140
9674,A000829151,jun/26/2018 05:55 a. m.,23,h,Caida Ocupante,jun/26/2018 05:55 a. m.,1,1,1,1,1,Carrera 54 X Calle 79C Sur,140
9675,A000829152,jun/24/2018 05:00 p. m.,3,d,Choque,jun/24/2018 05:00 p. m.,1,1,1,1,1,Carrera 48 X Calle 100 Sur,143
9676,A0000079,ene/29/2018 09:10 p. m.,27,h,Choque,ene/29/2018 09:10 p. m.,1,1,1,1,1,Calle 74 Sur X Carrera 57,101
9689,A00000146,feb/16/2018 06:30 a. m.,3,d,Choque,feb/16/2018 06:30 a. m.,1,1,1,1,1,Carrera 48 X Calle 100 Sur,143
9690,A00000117,feb/10/2018 06:00 p. m.,8,h,Choque,feb/10/2018 06:00 p. m.,1,1,1,1,1,Carrera 55 X Calle 77 Sur,143
9695,A00001103,dic/05/2017 07:10 p. m.,19,h,Choque,dic/05/2017 07:10 p. m.,1,1,1,1,1,Calle 77 Sur X Carrera 55,143
9697,A00000101,feb/01/2018 06:00 p. m.,4,h,Choque,feb/01/2018 06:00 p. m.,1,1,1,1,1,Calle 100 Sur X Carrera 48,143
9698,A00000128,feb/14/2018 10:50 p. m.,19,h,Choque,feb/14/2018 10:50 p. m.,1,1,1,1,1,Calle 77 Sur X Carrera 53,143
9724,A00000137,feb/17/2018 11:30 a. m.,4,d,Otro,feb/17/2018 11:30 a. m.,1,1,1,1,1,Carrera 50 X Calle 79C Sur,143
9726,A00000123,feb/12/2018 02:40 p. m.,18,d,Choque,feb/12/2018 02:40 p. m.,1,1,1,1,1,Calle 77 Sur X Carrera 52A,143
9727,A00000415,may/22/2017 12:00 p. m.,14,d,Choque,may/22/2017 12:00 p. m.,1,1,1,1,1,Carrera 50 X Calle 80 Sur,143
9728,A00000212,mar/11/2018 03:00 p. m.,23,d,Choque,mar/11/2018 03:00 p. m.,1,1,1,1,1,Calle 79 Sur X Carrera 54A,143
9730,A000829177,jul/06/2018 04:10 p. m.,23,d,Choque,jul/06/2018 04:10 p. m.,1,1,1,1,1,Calle 87 Sur X Carrera 55,143
9741,A000829184,jul/10/2018 01:50 p. m.,14,h,Choque,jul/10/2018 01:50 p. m.,1,1,1,1,1,Carrera 60 X Calle 86 Sur,143
9745,A000829182,jul/09/2018 08:30 a. m.,9,h,Otro,jul/09/2018 08:30 a. m.,1,1,1,1,1,Calle 75AA Sur X Carrera 53,143
9761,A00000255,mar/27/2018 08:30 p. m.,2,d,Choque,mar/27/2018 08:30 p. m.,1,1,1,1,1,Calle 100 Sur X Carrera 45,143
9762,A00000150,feb/21/2018 12:40 p. m.,4,d,Choque,feb/21/2018 12:40 p. m.,1,1,1,1,1,Carrera 50 X Calle 79C Sur,143
9763,A00000203,mar/10/2018 09:10 p. m.,19,d,Choque,mar/10/2018 09:10 p. m.,1,1,1,1,1,Calle 77 Sur X Carrera 54,143
9764,A00000284,abr/08/2018 12:00 p. m.,15,d,Choque,abr/08/2018 12:00 p. m.,1,1,1,1,1,Carrera 62A X Calle 75A Sur,143
9765,A00000286,abr/07/2018 09:00 a. m.,2,d,Choque,abr/07/2018 09:00 a. m.,1,1,1,1,1,Carrera 50 X Calle 99 Sur,143
9766,A00000166,feb/16/2018 02:00 p. m.,3,d,Choque,feb/16/2018 02:00 p. m.,1,1,1,2,1,Carrera 50 X Calle 97 Sur,143
9767,A00000229,mar/15/2018 07:00 a. m.,3,h,Choque,mar/15/2018 07:00 a. m.,1,1,1,1,1,Carrera 50 X Calle 94 Sur,143
9768,A00001126,dic/12/2017 01:40 p. m.,3,d,Choque,dic/12/2017 01:40 p. m.,1,1,1,1,1,Calle 79AA Sur X Carrera 54,143
9769,A00000165,feb/27/2018 05:20 p. m.,3,d,Choque,feb/27/2018 05:20 p. m.,1,1,1,1,1,Carrera 50 X Calle 91 Sur,143
9770,A000829215,jul/18/2018 02:00 p. m.,3,d,Choque,jul/18/2018 02:00 p. m.,1,1,1,1,1,Carrera 50 X Calle 97B Sur,143
9771,A000829237,jul/24/2018 05:00 p. m.,3,h,Choque,jul/24/2018 05:00 p. m.,1,1,1,1,1,Carrera 50 X Calle 80 Sur,143
9772,A000829192,jul/13/2018 10:45 a. m.,25,h,Choque,jul/13/2018 10:45 a. m.,1,1,1,1,1,Calle 80 Sur X Carrera 58,143
9773,A000829193,jul/13/2018 01:00 p. m.,13,h,Caida Ocupante,jul/13/2018 01:00 p. m.,1,1,1,1,1,Carrera 51 X Calle 97 Sur,140
9774,A000829194,jul/13/2018 08:30 a. m.,21,d,Choque,jul/13/2018 08:30 a. m.,1,1,1,1,1,Calle 87 Sur X Carrera 65A,143
9775,A000829195,jul/13/2018 07:40 a. m.,4,d,Choque,jul/13/2018 07:40 a. m.,1,1,1,1,1,Carrera 50 X Calle 79 Sur,143
9776,A000829197,jul/13/2018 06:50 p. m.,15,d,Otro,jul/13/2018 06:50 p. m.,1,1,1,1,1,Calle 75AA Sur X Carrera 57,143
9777,A000829199,jul/14/2018 04:50 p. m.,21,h,Caida Ocupante,jul/14/2018 04:50 p. m.,1,1,1,1,1,Calle 81 Sur X Carrera 64,140
9795,A000829217,jul/18/2018 02:40 p. m.,15,h,Choque,jul/18/2018 02:40 p. m.,1,1,1,1,1,Calle 76 Sur X Carrera 62,143
9796,A000829218,jul/19/2018 09:40 p. m.,10,d,Choque,jul/19/2018 09:40 p. m.,1,1,1,1,1,Carrera 59 X Calle 77 Sur,143
9797,A000829223,jul/21/2018 09:00 a. m.,4,d,Choque,jul/21/2018 09:00 a. m.,1,1,1,10,1,Carrera 48 X Calle 101 Sur,143
9798,A000829220,jul/20/2018 07:30 p. m.,1,h,Otro,jul/20/2018 07:30 p. m.,1,1,1,1,1,Calle 87 Sur X Carrera 55,143
9802,A000829221,jul/21/2018 10:45 a. m.,8,h,Caida Ocupante,jul/21/2018 10:45 a. m.,1,1,1,1,1,Carrera 55 X Calle 77 Sur,143
9803,A000829222,jul/21/2018 12:50 p. m.,17,d,Choque,jul/21/2018 12:50 p. m.,1,1,1,2,1,Calle 80 Sur X Carrera 57,143
9804,A000829224,jul/22/2018 09:40 p. m.,6,h,Caida Ocupante,jul/22/2018 09:40 p. m.,1,1,1,1,1,Carrera 55 X Calle 80 Sur,140
9805,A000829225,jul/23/2018 08:20 a. m.,2,h,Volcamiento,jul/23/2018 08:20 a. m.,1,1,1,1,1,Calle 100 Sur X Carrera 48A,151
9806,A000829226,jul/22/2018 09:30 a. m.,3,h,Choque,jul/22/2018 09:30 a. m.,1,1,1,1,1,Carrera 50 X Calle 79B Sur,143
9808,A000829227,jul/22/2018 05:30 p. m.,3,h,Caida Ocupante,jul/22/2018 05:30 p. m.,1,1,1,1,1,Carrera 50 X Calle 101 Sur,140
9809,A000829228,jul/23/2018 10:10 a. m.,2,d,Choque,jul/23/2018 10:10 a. m.,1,1,1,1,1,Carrera 50 X Calle 92 Sur,143
9602,A00000135,feb/16/2018 09:45 a. m.,2,d,Choque,feb/16/2018 09:45 a. m.,1,1,1,1,1,Carrera 48 X Calle 100 Sur,143
9814,A000829234,jul/24/2018 02:40 p. m.,13,d,Choque,jul/24/2018 02:40 p. m.,1,1,1,1,1,Carrera 50 X Calle 96A Sur,143
9816,A000829236,jul/13/2018 03:30 p. m.,3,h,Atropello,jul/13/2018 03:30 p. m.,1,1,1,1,1,Carrera 100 X Calle 48 Sur,409
9818,A000829233,jul/24/2018 05:40 a. m.,3,h,Caida Ocupante,jul/24/2018 05:40 a. m.,1,1,1,1,1,Carrera 55 X Calle 82 Sur,140
9819,A000829238,jul/24/2018 02:30 p. m.,20,h,Atropello,jul/24/2018 02:30 p. m.,1,1,1,1,1,Carrera 63 X Calle 82 Sur,409
9820,A000829239,jul/24/2018 01:40 p. m.,2,d,Choque,jul/24/2018 01:40 p. m.,1,1,1,2,1,Carrera 48 X Calle 100 Sur,143
9836,A00000254,mar/26/2018 05:20 a. m.,2,h,Atropello,mar/26/2018 05:20 a. m.,1,1,1,1,1,Carrera 50 X Calle 100B Sur,409
9838,A0000089,ene/31/2018 06:50 a. m.,19,h,Choque,ene/31/2018 06:50 a. m.,1,1,1,1,1,Calle 77 Sur X Carrera 54,143
9839,A00001185,dic/29/2017 11:00 a. m.,4,d,Choque,dic/29/2017 11:00 a. m.,1,1,1,1,1,Carrera 50 X Calle 79D Sur,143
9840,A00000247,mar/23/2018 09:20 a. m.,18,h,Choque,mar/23/2018 09:20 a. m.,1,1,1,1,1,Calle 75AB Sur X Carrera 52D,143
9841,A00000198,mar/09/2018 09:20 a. m.,24,d,Choque,mar/09/2018 09:20 a. m.,1,1,1,1,1,Carrera 65 X Calle 87 Sur,143
9842,A00000215,mar/14/2018 08:10 a. m.,24,d,Choque,mar/14/2018 08:10 a. m.,1,1,1,1,1,Calle 87 Sur X Carrera 65,143
9843,A00000121,feb/12/2018 08:05 p. m.,2,h,Choque,feb/12/2018 08:05 p. m.,1,1,1,1,1,Carrera 50 X Calle 99 Sur,143
9844,A00001152,dic/19/2017 10:30 p. m.,3,h,Choque,dic/19/2017 10:30 p. m.,1,1,1,1,1,Carrera 50 X Calle 80 Sur,143
9845,A000829251,jul/29/2018 01:00 p. m.,18,h,Choque,jul/29/2018 01:00 p. m.,1,1,1,1,1,Calle 77 Sur X Carrera 51,143
9846,A000829249,jul/26/2018 06:40 p. m.,14,h,Choque,jul/26/2018 06:40 p. m.,1,1,1,1,1,Carrera 50 X Calle 88A Sur,143
9890,A000829287,ago/10/2018 12:40 p. m.,3,h,Choque,ago/10/2018 12:40 p. m.,1,1,1,1,1,Carrera 50 X Calle 100B Sur,143
9948,A000829305,ago/18/2018 03:00 p. m.,9,h,Caida Ocupante,ago/18/2018 03:00 p. m.,1,1,1,1,1,Carrera 54 X Calle 74AA Sur,140
9949,A000829304,ago/18/2018 09:00 p. m.,8,h,Caida Ocupante,ago/18/2018 09:00 p. m.,1,1,1,1,1,Calle 77 Sur X Carrera 55,140
9950,A000829309,ago/20/2018 11:20 a. m.,9,h,Caida Ocupante,ago/20/2018 11:20 a. m.,1,1,1,1,1,Calle 76 Sur X Carrera 54,140
9951,A000829311,ago/20/2018 06:10 p. m.,15,h,Choque,ago/20/2018 06:10 p. m.,1,1,1,2,1,Carrera 63 X Calle 73 Sur,143
9952,A000829312,ago/21/2018 07:30 p. m.,1,h,Atropello,ago/21/2018 07:30 p. m.,1,1,1,1,1,Calle 77 Sur X Carrera 61,409
9958,A00000384,may/14/2018 12:10 p. m.,3,h,Choque,may/14/2018 12:10 p. m.,1,1,1,1,1,Carrera 50 X Calle 79 Sur,143
9959,A00000289,abr/09/2018 05:20 p. m.,15,h,Choque,abr/09/2018 05:20 p. m.,1,1,1,1,2,Carrera 62A X Calle 74 Sur,143
9960,A00001112,dic/07/2017 12:00 p. m.,15,h,Choque,dic/07/2017 12:00 p. m.,1,1,1,1,1,Carrera 60 X Calle 75A Sur,143
10008,A00000697,ago/29/2018 01:00 p. m.,18,d,Choque,ago/29/2018 01:00 p. m.,1,1,1,8,1,Calle 77 Sur X Carrera 50A,143
10009,A00000695,ago/28/2018 07:40 a. m.,22,d,Choque,ago/28/2018 07:40 a. m.,1,1,1,1,1,Carrera 57 X Calle 82 Sur,143
10010,A00000685,ago/28/2018 04:30 p. m.,17,h,Otro,ago/28/2018 04:30 p. m.,1,1,1,1,1,Calle 80 Sur X Carrera 59,143
10014,A00000679,ago/23/2018 09:05 a. m.,2,h,Choque,ago/23/2018 09:05 a. m.,1,1,1,1,1,Calle 100 Sur X Carrera 49,143