NRO_RADICADO,NUMERO_EXPEDIENTE,FECHA_ACCIDENTE,ID_ZONA,GRAVEDAD,DESC_CLASE_ACCIDENTE,HORA_ACCIDENTE,AREA,SECTOR,ZONA,DISENO,ESTADO_TIEMPO,VIA_ACCID,POSIBLE_CAUSA
10015,A00000683,ago/24/2018 04:30 p. m.,17,d,Choque,ago/24/2018 04:30 p. m.,1,1,1,1,1,Carrera 59 X Calle 82 Sur,143
10021,A00000698,ago/25/2018 07:50 a. m.,3,d,Choque,ago/25/2018 07:50 a. m.,1,1,1,1,1,Carrera 50 X Calle 48 Sur,143
10025,A00000700,ago/30/2018 01:00 p. m.,2,h,Caida Ocupante,ago/30/2018 01:00 p. m.,1,1,1,1,1,Carrera 50 X Calle 100 Sur,506
10044,A00000277,abr/04/2018 12:00 p. m.,2,d,Choque,abr/04/2018 12:00 p. m.,1,1,1,1,1,Carrera 50 X Calle 48 Sur,143
10046,A00000348,may/01/2018 02:00 p. m.,15,h,Otro,may/01/2018 02:00 p. m.,1,1,1,1,1,Calle 76 Sur X Carrera 60,143
10047,A00000346,abr/30/2018 03:00 p. m.,15,d,Choque,abr/30/2018 03:00 p. m.,1,1,1,1,1,Carrera 62A X Calle 74 Sur,143
10048,A00000237,mar/17/2018 12:00 p. m.,15,d,Choque,mar/17/2018 12:00 p. m.,1,1,1,2,1,Calle 77 Sur X Carrera 62,143
10055,A00000739,sept/11/2018 09:30 a. m.,14,h,Caida Ocupante,sept/11/2018 09:30 a. m.,1,1,1,1,1,Carrera 55 X Calle 88 Sur,143
10056,A00000740,sept/12/2018 11:40 a. m.,23,d,Choque,sept/12/2018 11:40 a. m.,1,1,1,1,1,Calle 79 Sur X Carrera 52,143
10057,A00000741,sept/12/2018 07:20 p. m.,19,h,Choque,sept/12/2018 07:20 p. m.,1,1,1,1,1,Carrera 54 X Calle 77 Sur,143
10058,A00000742,sept/12/2018 01:20 p. m.,3,h,Caida Ocupante,sept/12/2018 01:20 p. m.,1,1,1,1,1,Carrera 50 X Calle 97 Sur,143
10059,A00000743,sept/13/2018 06:30 a. m.,7,h,Caida Ocupante,sept/13/2018 06:30 a. m.,1,1,1,1,1,Calle 82A Sur X Carrera 56B,143
10060,A00000744,sept/14/2018 08:10 a. m.,23,h,Caida Ocupante,sept/14/2018 08:10 a. m.,1,1,1,1,1,Calle 77 Sur X Carrera 54,143
10061,A00000745,sept/14/2018 10:30 p. m.,3,h,Caida Ocupante,sept/14/2018 10:30 p. m.,1,1,1,1,1,Carrera 50 X Calle 99 Sur,143
10062,A00000746,sept/15/2018 12:27 a. m.,3,h,Atropello,sept/15/2018 12:27 a. m.,1,1,1,1,1,Carrera 50 X Calle 99 Sur,143
10063,A00000248,mar/24/2018 05:00 p. m.,14,d,Choque,mar/24/2018 05:00 p. m.,1,1,1,2,1,Calle 83C Sur X Carrera 55,143
10064,A00000404,may/18/2018 07:30 p. m.,3,d,Choque,may/18/2018 07:30 p. m.,1,1,1,1,1,Carrera 50 X Calle 79C Sur,143
10065,A0000096,feb/03/2018 03:40 p. m.,3,h,Atropello,feb/03/2018 03:40 p. m.,1,1,1,1,1,Carrera 50 X Calle 95A Sur,409
10066,A0000085,feb/01/2018 01:30 p. m.,2,d,Choque,feb/01/2018 01:30 p. m.,1,1,1,1,1,Calle 100 Sur X Carrera 49,143
10067,A00001046,nov/20/2017 07:30 p. m.,3,h,Atropello,nov/20/2017 07:30 p. m.,1,1,1,1,1,Carrera 50 X Calle 97 Sur,409
10068,A00000414,may/23/2018 05:10 p. m.,17,h,Choque,may/23/2018 05:10 p. m.,1,1,1,1,1,Calle 80 Sur X Carrera 57,143
10069,A00000388,may/15/2018 08:45 a. m.,19,h,Atropello,may/15/2018 08:45 a. m.,1,1,1,1,1,Calle 77 Sur X Carrera 56D,409
10070,A00001146,dic/17/2017 05:00 p. m.,5,h,Atropello,dic/17/2017 05:00 p. m.,1,1,1,1,1,Calle 91 Sur X Carrera 55,409
10071,A00001157,dic/20/2017 04:20 p. m.,22,h,Atropello,dic/20/2017 04:20 p. m.,1,1,1,1,1,Calle 82 Sur X Carrera 57,409
9591,A00000164,feb/26/2018 04:30 p. m.,3,d,Otro,feb/26/2018 04:30 p. m.,1,1,1,1,1,Carrera 50 X Calle 79 Sur,143
9594,A000829106,jun/08/2018 08:20 a. m.,18,d,Choque,jun/08/2018 08:20 a. m.,1,1,1,1,1,Calle 77 Sur X Carrera 50A,143
9596,A000829107,jun/08/2018 01:00 p. m.,2,d,Choque,jun/08/2018 01:00 p. m.,1,1,1,1,1,Carrera 48 X Calle 101 Sur,143
9597,A000829108,jun/08/2018 09:00 p. m.,3,d,Choque,jun/08/2018 09:00 p. m.,1,1,1,1,1,Carrera 50 X Calle 101 Sur,143
9599,A000829109,jun/10/2018 11:00 p. m.,3,h,Otro,jun/10/2018 11:00 p. m.,1,2,1,1,1,Carrera 50 X Calle 80 Sur,119
9600,A000829110,jun/10/2018 04:00 p. m.,7,h,Caida Ocupante,jun/10/2018 04:00 p. m.,1,1,1,1,1,Calle 83 Sur X Carrera 56,140
9601,A000829111,jun/10/2018 08:10 a. m.,15,h,Atropello,jun/10/2018 08:10 a. m.,1,1,1,2,1,Carrera 62A X Calle 76 Sur,409
9619,A0000029,ene/11/2018 05:10 p. m.,5,d,Choque,ene/11/2018 05:10 p. m.,1,1,1,1,1,Carrera 52 X Calle 88AA Sur,143
9657,A0000081,ene/29/2018 01:20 p. m.,1,h,Choque,ene/29/2018 01:20 p. m.,1,1,1,2,1,Calle 77 Sur X Carrera 60,143
9659,A00000793,ago/27/2017 11:40 a. m.,24,h,Choque,ago/27/2017 11:40 a. m.,1,1,1,1,1,Carrera 65 X Calle 87 Sur,143
9677,A00000213,mar/12/2018 08:30 a. m.,2,d,Choque,mar/12/2018 08:30 a. m.,1,1,1,1,1,Calle 79B Sur X Carrera 50,143
9678,A0000059,ene/24/2018 03:10 p. m.,5,d,Choque,ene/24/2018 03:10 p. m.,1,1,1,1,1,Carrera 55 X Calle 96 Sur,143
9866,A000829271,ago/04/2018 07:50 a. m.,3,d,Choque,ago/04/2018 07:50 a. m.,1,1,1,1,1,Carrera 50 X Calle 78 Sur,143
9867,A000829272,ago/04/2018 10:40 a. m.,18,h,Caida Ocupante,ago/04/2018 10:40 a. m.,1,1,1,1,1,Calle 77 Sur X Carrera 50A,140
9868,A000829273,ago/04/2018 10:00 p. m.,15,h,Caida Ocupante,ago/04/2018 10:00 p. m.,1,1,1,1,1,Carrera 62 X Calle 75 Sur,140
9869,A000829274,ago/06/2018 12:20 a. m.,2,h,Choque,ago/06/2018 12:20 a. m.,1,1,1,1,1,Carrera 50 X Calle 100 Sur,143
9870,A000829275,ago/06/2018 01:10 p. m.,2,h,Atropello,ago/06/2018 01:10 p. m.,1,1,1,1,1,Calle 100B Sur X Carrera 52,409
9871,A000829276,ago/07/2018 08:50 a. m.,3,h,Choque,ago/07/2018 08:50 a. m.,1,1,1,1,1,Carrera 50 X Calle 95 Sur,143
9872,A000829277,ago/07/2018 04:30 p. m.,18,m,Atropello,ago/07/2018 04:30 p. m.,1,1,1,1,1,Carrera 50 X Calle 77 Sur,409
9873,A000829278,ago/07/2018 10:00 p. m.,3,d,Choque,ago/07/2018 10:00 p. m.,1,1,1,1,1,Carrera 50 X Calle 95 Sur,143
9874,A000829279,ago/07/2018 11:00 a. m.,9,h,Choque,ago/07/2018 11:00 a. m.,1,1,1,1,1,Calle 74A Sur X Carrera 62,143
9875,A000829280,ago/07/2018 07:00 p. m.,27,h,Choque,ago/07/2018 07:00 p. m.,1,1,1,2,1,Calle 75 Sur X Carrera 53,143
9876,A000829281,ago/07/2018 05:00 p. m.,3,h,Caida Ocupante,ago/07/2018 05:00 p. m.,1,1,1,1,1,Carrera 50 X Calle 79 Sur,140
9877,A000829282,ago/07/2018 06:00 p. m.,12,h,Choque,ago/07/2018 06:00 p. m.,1,1,1,1,1,Carrera 50 X Calle 96B Sur,143
9878,A000829283,ago/08/2018 10:00 p. m.,3,h,Caida Ocupante,ago/08/2018 10:00 p. m.,1,1,1,1,1,Carrera 50 X Calle 83C Sur,140
9879,A000829284,ago/05/2018 04:45 p. m.,2,h,Caida Ocupante,ago/05/2018 04:45 p. m.,1,1,1,1,1,Carrera 50 X Calle 94 Sur,143
9880,A000829285,ago/09/2018 09:10 p. m.,15,h,Caida Ocupante,ago/09/2018 09:10 p. m.,1,1,1,1,1,Carrera 62A X Calle 75 Sur,140
9881,A000829286,ago/08/2018 01:33 p. m.,3,d,Choque,ago/08/2018 01:33 p. m.,1,1,1,1,1,Carrera 50 X Calle 78 Sur,143
9882,A000829288,ago/11/2018 02:30 p. m.,3,d,Choque,ago/11/2018 02:30 p. m.,1,1,1,1,1,Calle 100 Sur X Carrera 49C,143
9884,A00000223,mar/14/2018 07:30 p. m.,3,d,Otro,mar/14/2018 07:30 p. m.,1,1,1,1,1,Carrera 50 X Calle 79C Sur,143
9887,A00000235,mar/16/2018 07:10 a. m.,3,d,Choque,mar/16/2018 07:10 a. m.,1,1,1,1,1,Carrera 50 X Calle 80 Sur,143
9888,A00000283,abr/06/2018 05:40 p. m.,2,h,Atropello,abr/06/2018 05:40 p. m.,1,1,1,1,1,Carrera 50 X Calle 99 Sur,409
9889,A00000368,may/06/2018 05:00 p. m.,18,d,Choque,may/06/2018 05:00 p. m.,1,1,1,1,1,Carrera 52D X Calle 77 Sur,143
9891,A00000258,mar/28/2018 01:30 p. m.,23,h,Choque,mar/28/2018 01:30 p. m.,1,1,1,1,1,Carrera 55 X Calle 79 Sur,143
9892,A00000337,abr/26/2018 12:30 p. m.,4,d,Choque,abr/26/2018 12:30 p. m.,1,1,1,1,1,Carrera 49 X Calle 79C Sur,143
9893,A00000333,abr/26/2018 08:20 a. m.,3,d,Choque,abr/26/2018 08:20 a. m.,1,1,1,1,1,Carrera 50 X Calle 77 Sur,143
9894,A000829296,ago/16/2018 03:40 p. m.,16,h,Atropello,ago/16/2018 03:40 p. m.,1,1,1,1,1,Calle 83 Sur X Carrera 55,409
9895,A00000367,may/06/2018 10:00 p. m.,2,d,Choque,may/06/2018 10:00 p. m.,1,1,1,1,1,Carrera 50 X Calle 100D Sur,143
9896,A0000023,ene/08/2018 08:30 p. m.,3,d,Choque,ene/08/2018 08:30 p. m.,1,1,1,1,1,Carrera 50 X Calle 48 Sur,143
9897,A00000232,mar/16/2018 12:15 p. m.,26,d,Choque,mar/16/2018 12:15 p. m.,1,1,1,1,1,Carrera 63C X Calle 73 Sur,143
9898,A00000151,feb/21/2018 01:20 p. m.,3,h,Choque,feb/21/2018 01:20 p. m.,1,1,1,1,1,Carrera 50 X Calle 80 Sur,143
9899,A00000370,may/07/2018 01:30 p. m.,2,d,Choque,may/07/2018 01:30 p. m.,1,1,1,1,1,Carrera 47 X Calle 100 Sur,143
9900,A00000332,abr/24/2018 06:20 a. m.,18,h,Atropello,abr/24/2018 06:20 a. m.,1,1,1,7,1,Calle 77 Sur X Carrera 52A,409
9901,A00000268,abr/02/2018 04:00 p. m.,3,h,Choque,abr/02/2018 04:00 p. m.,1,1,1,1,1,Carrera 50 X Calle 98 Sur,143
9902,A00000269,may/27/2018 11:00 a. m.,2,d,Choque,may/27/2018 11:00 a. m.,1,1,1,1,1,Carrera 50 X Calle 48 Sur,143
9903,A00000240,mar/19/2018 12:40 p. m.,1,h,Choque,mar/19/2018 12:40 p. m.,1,1,1,1,1,Calle 80 Sur X Carrera 59,143
9904,A00000364,may/06/2018 06:15 a. m.,15,h,Choque,may/06/2018 06:15 a. m.,1,1,1,1,1,Calle 77 Sur X Carrera 60,143
9905,A00000800,ago/25/2017 03:00 p. m.,26,d,Choque,ago/25/2017 03:00 p. m.,1,1,1,1,1,Calle 87 Sur X Carrera 55,143
9906,A00000359,may/04/2018 09:50 a. m.,12,h,Atropello,may/04/2018 09:50 a. m.,1,1,1,1,1,Carrera 50 X Calle 95 Sur,409
9907,A00000365,may/06/2018 03:15 a. m.,2,h,Choque,may/06/2018 03:15 a. m.,1,1,1,1,1,Carrera 50 X Calle 100 Sur,143
9908,A00000293,abr/09/2018 12:10 a. m.,3,h,Volcamiento,abr/09/2018 12:10 a. m.,1,1,1,1,1,Carrera 50 X Calle 48 Sur,143
9909,A00000191,mar/06/2018 06:00 p. m.,3,h,Choque,mar/06/2018 06:00 p. m.,1,1,1,1,1,Carrera 50 X Calle 79C Sur,143
9911,A000829293,ago/13/2018 08:50 a. m.,8,d,Choque,ago/13/2018 08:50 a. m.,1,1,1,1,1,Carrera 55 X Calle 77 Sur,143
9824,A000829232,jul/21/2018 12:10 a. m.,3,d,Choque,jul/21/2018 12:10 a. m.,1,1,1,1,1,Carrera 50 X Calle 98 Sur,143
9825,A000829235,jul/24/2018 05:20 p. m.,23,d,Choque,jul/24/2018 05:20 p. m.,1,1,1,1,1,Calle 77 Sur X Carrera 54,143
9826,A000829240,jul/25/2018 10:20 a. m.,3,d,Choque,jul/25/2018 10:20 a. m.,1,1,1,1,1,Carrera 48 X Calle 100 Sur,143
9827,A000829241,jul/26/2018 01:20 p. m.,15,h,Caida Ocupante,jul/26/2018 01:20 p. m.,1,1,1,1,1,Carrera 62A X Calle 76 Sur,140
9828,A000829242,jul/26/2018 06:10 a. m.,3,h,Choque,jul/26/2018 06:10 a. m.,1,1,1,1,1,Carrera 50 X Calle 80 Sur,143
9829,A000829243,jul/25/2018 01:20 p. m.,5,h,Caida Ocupante,jul/25/2018 01:20 p. m.,1,1,1,1,1,Calle 95 Sur X Carrera 55,143
9830,A000829244,jul/26/2018 06:20 a. m.,15,d,Choque,jul/26/2018 06:20 a. m.,1,1,1,1,1,Calle 74 Sur X Carrera 63,143
9858,A000829262,jul/31/2018 01:50 p. m.,2,d,Choque,jul/31/2018 01:50 p. m.,1,1,1,1,1,Calle 100 Sur X Carrera 49,143
9859,A000829263,ago/01/2018 06:00 a. m.,13,h,Caida Ocupante,ago/01/2018 06:00 a. m.,1,1,1,1,1,Carrera 50 X Calle 97B Sur,140
9860,A000829264,ago/01/2018 07:30 a. m.,14,d,Choque,ago/01/2018 07:30 a. m.,1,1,1,1,1,Carrera 50 X Calle 92 Sur,143
9861,A000829266,ago/02/2018 12:55 p. m.,2,h,Otro,ago/02/2018 12:55 p. m.,1,1,1,1,1,Carrera 50 X Calle 100B Sur,143
9862,A000829267,ago/02/2018 06:20 a. m.,23,h,Caida Ocupante,ago/02/2018 06:20 a. m.,1,1,1,1,1,Calle 77 Sur X Carrera 54,111
9863,A000829268,ago/02/2018 12:10 p. m.,16,d,Choque,ago/02/2018 12:10 p. m.,1,1,1,1,1,Calle 84 Sur X Carrera 55,143
9883,A000829289,ago/13/2018 09:00 a. m.,3,h,Atropello,ago/13/2018 09:00 a. m.,1,1,1,1,1,Carrera 50 X Calle 79 Sur,409
9926,A00000144,feb/18/2018 08:40 p. m.,2,d,Choque,feb/18/2018 08:40 p. m.,1,1,1,1,1,Carrera 50 X Calle 98 Sur,143
9927,A00000133,feb/15/2018 08:15 a. m.,3,d,Choque,feb/15/2018 08:15 a. m.,1,1,1,1,1,Carrera 50 X Calle 79 Sur,143
9929,A00000449,jun/01/2018 09:00 a. m.,25,h,Otro,jun/01/2018 09:00 a. m.,1,1,1,2,1,Carrera 58 X Calle 81 Sur,143
9930,A00000260,mar/28/2018 09:50 a. m.,3,d,Choque,mar/28/2018 09:50 a. m.,1,1,1,1,1,Carrera 50 X Calle 96A Sur,143
9931,A00000421,may/27/2018 12:45 p. m.,3,h,Otro,may/27/2018 12:45 p. m.,1,1,1,1,1,Carrera 50 X Calle 95 Sur,143
9932,A00000111,feb/08/2018 08:00 a. m.,9,d,Choque,feb/08/2018 08:00 a. m.,1,1,1,1,1,Carrera 54 X Calle 75 Sur,143
9933,A0000033,ene/23/2018 12:30 a. m.,23,h,Choque,ene/23/2018 12:30 a. m.,1,1,1,1,1,Calle 79BB Sur X Carrera 52DD,143
10026,A00000701,ago/29/2018 12:10 p. m.,2,d,Choque,ago/29/2018 12:10 p. m.,1,1,1,1,1,Calle 100B Sur X Carrera 52,143
10027,A00000702,ago/31/2018 09:50 p. m.,3,h,Choque,ago/31/2018 09:50 p. m.,1,1,1,1,1,Carrera 50 X Calle 91 Sur,143
10028,A00000703,ago/31/2018 06:20 a. m.,17,h,Caida Ocupante,ago/31/2018 06:20 a. m.,1,1,1,1,1,Carrera 62A X Calle 75 Sur,145
10029,A00000705,sept/01/2018 10:10 p. m.,2,d,Choque,sept/01/2018 10:10 p. m.,1,1,1,1,1,Carrera 50 X Calle 48 Sur,143
10030,A00000707,sept/02/2018 02:10 a. m.,3,h,Caida Ocupante,sept/02/2018 02:10 a. m.,1,1,1,1,1,Carrera 50 X Calle 97 Sur,143
10031,A00000699,ago/29/2018 08:40 a. m.,19,d,Choque,ago/29/2018 08:40 a. m.,1,1,1,1,1,Calle 80 Sur X Carrera 50,143
10032,A00000710,sept/03/2018 08:30 p. m.,3,h,Choque,sept/03/2018 08:30 p. m.,1,1,1,1,1,Carrera 50 X Calle 90 Sur,143
10033,A00000711,sept/01/2018 07:20 a. m.,3,d,Choque,sept/01/2018 07:20 a. m.,1,1,1,1,1,Carrera 50 X Calle 96A Sur,143
10034,A00000712,sept/03/2018 09:00 a. m.,3,h,Caida Ocupante,sept/03/2018 09:00 a. m.,1,1,1,1,1,Carrera 50 X Calle 79 Sur,143
10035,A00000713,sept/01/2018 08:00 a. m.,16,h,Atropello,sept/01/2018 08:00 a. m.,1,1,1,1,1,Calle 83A Sur X Carrera 57,143
10036,A00000714,sept/03/2018 07:00 a. m.,12,h,Choque,sept/03/2018 07:00 a. m.,1,1,1,1,1,Carrera 50 X Calle 96 Sur,143
10037,A00000715,sept/05/2018 03:00 p. m.,3,h,Choque,sept/05/2018 03:00 p. m.,1,1,1,1,1,Carrera 50 X Calle 79B Sur,143
10115,A00000419,may/26/2018 02:40 p. m.,15,d,Choque,may/26/2018 02:40 p. m.,1,1,1,1,1,Calle 74 Sur X Carrera 57,143
10116,A00001002,nov/03/2017 02:00 p. m.,8,h,Otro,nov/03/2017 02:00 p. m.,1,1,1,1,1,Calle 77 Sur X Carrera 55,140
10117,A00001003,nov/03/2017 01:20 p. m.,23,h,Otro,nov/03/2017 01:20 p. m.,1,1,1,1,1,Carrera 55 X Calle 79 Sur,140
10118,A00001010,nov/07/2017 11:50 a. m.,14,h,Atropello,nov/07/2017 11:50 a. m.,1,1,1,1,1,Calle 88 Sur X Carrera 50,409
10119,A00001012,nov/08/2017 05:10 p. m.,23,h,Otro,nov/08/2017 05:10 p. m.,1,1,1,1,1,Carrera 54 X Calle 80 Sur,140
10120,A00001014,nov/08/2017 11:20 a. m.,3,h,Caida Ocupante,nov/08/2017 11:20 a. m.,1,1,1,1,1,Carrera 50 X Calle 88A Sur,140
10121,A00001019,nov/09/2017 08:30 p. m.,2,h,Caida Ocupante,nov/09/2017 08:30 p. m.,1,1,1,1,1,Calle 100B Sur X Carrera 53,140
10145,A00000767,sept/22/2018 09:20 p. m.,3,d,Choque,sept/22/2018 09:20 p. m.,1,1,1,1,1,Carrera 50 X Calle 88 Sur,143
10146,A00000709,ago/31/2018 12:51 p. m.,3,h,Choque,ago/31/2018 12:51 p. m.,1,1,1,1,1,Carrera 50 X Calle 79 Sur,143
10163,A00001097,dic/03/2017 01:00 p. m.,1,h,Atropello,dic/03/2017 01:00 p. m.,1,2,1,1,1,Calle 80 Sur X Carrera 59,409
10164,A00001098,dic/04/2017 09:10 p. m.,4,h,Caida Ocupante,dic/04/2017 09:10 p. m.,1,1,1,1,1,Carrera 50 X Calle 79B Sur,140
10165,A00001101,dic/04/2017 02:00 p. m.,3,h,Caida Ocupante,dic/04/2017 02:00 p. m.,1,1,1,1,1,Carrera 50 X Calle 80 Sur,140
10166,A00001107,dic/05/2017 04:15 p. m.,19,h,Caida Ocupante,dic/05/2017 04:15 p. m.,1,1,1,2,1,Calle 77 Sur X Carrera 60,140
10167,A00001113,dic/08/2017 01:30 p. m.,2,h,Choque,dic/08/2017 01:30 p. m.,1,1,1,2,1,Calle 100 Sur X Carrera 48D,143
10168,A00001120,dic/10/2017 05:00 p. m.,24,h,Caida Ocupante,dic/10/2017 05:00 p. m.,1,1,1,1,1,Carrera 62 X Calle 83 Sur,140
10169,A00001121,dic/10/2017 10:10 p. m.,3,h,Caida Ocupante,dic/10/2017 10:10 p. m.,1,1,1,1,1,Carrera 50 X Calle 93B Sur,140
10170,A00001116,dic/10/2017 01:15 a. m.,15,h,Caida Ocupante,dic/10/2017 01:15 a. m.,1,1,1,1,1,Carrera 62A X Calle 74 Sur,140
10171,A00001117,dic/10/2017 10:10 p. m.,12,h,Caida Ocupante,dic/10/2017 10:10 p. m.,1,1,1,1,1,Carrera 50 X Calle 93B Sur,140
10246,A00000349,abr/07/2017 06:20 p. m.,3,h,Caida Ocupante,abr/07/2017 06:20 p. m.,1,1,1,1,1,Carrera 50 X Calle 77 Sur,140
9831,A000829245,jul/26/2018 02:16 p. m.,2,d,Choque,jul/26/2018 02:16 p. m.,1,1,1,1,1,Carrera 100 X Calle 48 Sur,143
9832,A000829246,jul/27/2018 07:00 a. m.,3,h,Caida Ocupante,jul/27/2018 07:00 a. m.,1,1,1,1,1,Carrera 50 X Calle 79B Sur,143
9983,A00000246,mar/22/2018 04:45 p. m.,23,h,Otro,mar/22/2018 04:45 p. m.,1,1,1,1,1,Carrera 54 X Calle 79 Sur,143
9984,A00001027,nov/14/2017 09:10 a. m.,15,m,Atropello,nov/14/2017 09:10 a. m.,1,1,1,1,1,Carrera 62A X Calle 74 Sur,143
9986,A00000115,feb/09/2018 05:10 p. m.,2,d,Choque,feb/09/2018 05:10 p. m.,1,1,1,1,1,Carrera 50 X Calle 100 Sur,143
9987,A00000304,abr/13/2018 12:10 p. m.,1,d,Choque,abr/13/2018 12:10 p. m.,1,1,1,2,1,Calle 77 Sur X Carrera 60,143
9988,A00001050,nov/20/2017 01:15 p. m.,22,h,Atropello,nov/20/2017 01:15 p. m.,1,1,1,1,1,Calle 83C Sur X Carrera 55,143
9989,A00001108,dic/12/2017 07:30 p. m.,2,h,Otro,dic/12/2017 07:30 p. m.,1,1,1,1,1,Carrera 50 X Calle 98 Sur,143
9991,A00000244,mar/22/2018 06:08 a. m.,3,h,Choque,mar/22/2018 06:08 a. m.,1,1,1,1,1,Carrera 50 X Calle 98A Sur,143
9992,A00001154,dic/20/2017 05:30 p. m.,12,d,Choque,dic/20/2017 05:30 p. m.,1,1,1,1,1,Carrera 50 X Calle 95 Sur,143
9994,A00001076,nov/28/2017 06:40 p. m.,3,d,Choque,nov/28/2017 06:40 p. m.,1,1,1,1,1,Calle 77 Sur X Carrera 50A,143
9996,A00001133,dic/14/2017 01:00 p. m.,11,h,Otro,dic/14/2017 01:00 p. m.,1,1,1,1,1,Calle 74 Sur X Carrera 63,143
9997,A00001119,dic/10/2017 10:00 p. m.,2,d,Choque,dic/10/2017 10:00 p. m.,1,1,1,1,1,Calle 100 Sur X Carrera 48C,143
9998,A00000372,may/08/2018 02:40 p. m.,14,h,Atropello,may/08/2018 02:40 p. m.,1,1,1,1,1,Carrera 50 X Calle 83 Sur,143
9999,A00000329,abr/24/2018 06:00 a. m.,3,h,Atropello,abr/24/2018 06:00 a. m.,1,1,1,1,1,Carrera 50 X Calle 98 Sur,143
10000,A00000296,abr/12/2018 10:15 a. m.,16,h,Atropello,abr/12/2018 10:15 a. m.,1,1,1,1,1,Calle 83C Sur X Carrera 55,409
10001,A00000323,abr/21/2018 07:30 a. m.,8,d,Choque,abr/21/2018 07:30 a. m.,1,1,1,1,1,Carrera 55 X Calle 77 Sur,143
10002,A00000318,abr/19/2018 09:10 a. m.,24,d,Choque,abr/19/2018 09:10 a. m.,1,1,1,1,1,Carrera 62 X Calle 87 Sur,143
10038,A00000716,sept/03/2018 03:00 p. m.,3,h,Choque,sept/03/2018 03:00 p. m.,1,1,1,1,2,Carrera 50 X Calle 77 Sur,143
10039,A00000717,sept/04/2018 05:10 p. m.,2,d,Choque,sept/04/2018 05:10 p. m.,1,1,1,1,1,Calle 100 Sur X Carrera 50,143
10040,A00000718,sept/05/2018 10:00 a. m.,14,h,Caida Ocupante,sept/05/2018 10:00 a. m.,1,1,1,1,1,Carrera 50 X Calle 80 Sur,143
10041,A00000719,sept/06/2018 07:10 a. m.,3,h,Caida Ocupante,sept/06/2018 07:10 a. m.,1,1,1,1,1,Carrera 50 X Calle 96 Sur,143
10042,A00000720,sept/05/2018 12:00 p. m.,6,h,Caida Ocupante,sept/05/2018 12:00 p. m.,1,1,1,1,2,Carrera 50 X Calle 80 Sur,143
10072,A00000386,may/14/2018 02:15 p. m.,6,d,Choque,may/14/2018 02:15 p. m.,1,1,1,1,1,Carrera 55 X Calle 82 Sur,143
10075,A00000292,nov/11/2017 09:30 a. m.,2,d,Choque,nov/11/2017 09:30 a. m.,1,1,1,1,1,Carrera 50 X Calle 48 Sur,143
10076,A00000708,ago/31/2018 02:20 p. m.,3,d,Choque,ago/31/2018 02:20 p. m.,1,1,1,1,1,Calle 76 Sur X Carrera 56,140
10137,A00000984,oct/29/2017 04:40 a. m.,11,h,Caida Ocupante,oct/29/2017 04:40 a. m.,1,1,1,1,1,Calle 81 Sur X Carrera 66,140
10138,A00000990,oct/27/2017 08:50 p. m.,20,h,Otro,oct/27/2017 08:50 p. m.,1,1,1,1,1,Calle 81 Sur X Carrera 63,140
10139,A00000991,oct/30/2017 05:50 p. m.,3,h,Caida Ocupante,oct/30/2017 05:50 p. m.,1,1,1,1,1,Carrera 50 X Calle 80 Sur,140
10140,A00000993,oct/30/2017 10:20 p. m.,8,h,Caida Ocupante,oct/30/2017 10:20 p. m.,1,1,1,1,1,Carrera 55 X Calle 77 Sur,140
10141,A00000994,nov/01/2017 03:01 a. m.,18,h,Caida Ocupante,nov/01/2017 03:01 a. m.,1,1,1,1,1,Calle 76 Sur X Carrera 50A,140
10158,A00001088,dic/01/2017 06:40 a. m.,2,h,Caida Ocupante,dic/01/2017 06:40 a. m.,1,1,1,1,1,Carrera 50 X Calle 98 Sur,140
10172,A00000442,may/31/2018 03:30 p. m.,20,h,Choque,may/31/2018 03:30 p. m.,1,1,1,2,1,Carrera 62 X Calle 80 Sur,143
10173,A00000274,abr/03/2018 08:10 a. m.,2,h,Choque,abr/03/2018 08:10 a. m.,1,1,1,2,1,Carrera 50 X Calle 100 Sur,143
10174,A00000347,abr/30/2018 06:50 p. m.,18,d,Choque,abr/30/2018 06:50 p. m.,1,1,1,1,1,Carrera 50 X Calle 77 Sur,143
10175,A00000236,mar/17/2018 01:50 p. m.,2,h,Choque,mar/17/2018 01:50 p. m.,1,1,1,2,1,Carrera 50 X Calle 97B Sur,143
10176,A00000726,sept/07/2018 07:40 a. m.,1,h,Caida Ocupante,sept/07/2018 07:40 a. m.,1,1,1,1,1,Calle 80 Sur X Carrera 55,143
10177,A00000727,sept/07/2018 02:40 a. m.,1,d,Choque,sept/07/2018 02:40 a. m.,1,1,1,1,1,Calle 80 Sur X Carrera 54,115
10178,A00000728,sept/09/2018 02:40 p. m.,1,h,Choque,sept/09/2018 02:40 p. m.,1,1,1,1,1,Carrera 50 X Calle 97 Sur,143
10179,A00000730,sept/08/2018 08:20 p. m.,1,h,Caida Ocupante,sept/08/2018 08:20 p. m.,1,1,1,1,1,Calle 74A Sur X Carrera 62A,143
10180,A00000729,sept/06/2018 04:40 p. m.,3,h,Choque,sept/06/2018 04:40 p. m.,1,2,1,1,1,Carrera 50 X Calle 79 Sur,143