NRO_RADICADO,NUMERO_EXPEDIENTE,FECHA_ACCIDENTE,ID_ZONA,GRAVEDAD,DESC_CLASE_ACCIDENTE,HORA_ACCIDENTE,AREA,SECTOR,ZONA,DISENO,ESTADO_TIEMPO,VIA_ACCID,POSIBLE_CAUSA
10229,A00000322,abr/20/2018 05:40 p. m.,2,d,Choque,abr/20/2018 05:40 p. m.,1,1,1,10,1,Carrera 48 X Calle 98A Sur,143
10230,A00000308,abr/16/2018 07:00 a. m.,14,h,Choque,abr/16/2018 07:00 a. m.,1,1,1,1,1,Carrera 50 X Calle 83 Sur,143
10231,A00000310,abr/16/2018 07:50 p. m.,15,h,Atropello,abr/16/2018 07:50 p. m.,1,1,1,1,1,Carrera 62A X Calle 75B Sur,409
10232,A00000336,abr/26/2018 10:00 a. m.,2,d,Choque,abr/26/2018 10:00 a. m.,1,1,1,1,1,Calle 100 Sur X Carrera 48,140
10258,A00000379,abr/18/2017 06:00 p. m.,14,h,Caida Ocupante,abr/18/2017 06:00 p. m.,1,1,1,1,1,Carrera 55 X Calle 87 Sur,140
10259,A00000395,abr/24/2017 05:10 p. m.,2,h,Caida Ocupante,abr/24/2017 05:10 p. m.,1,1,1,1,1,Carrera 50 X Calle 97 Sur,140
10260,A00000405,abr/27/2017 06:40 p. m.,3,h,Caida Ocupante,abr/27/2017 06:40 p. m.,1,1,1,1,1,Carrera 50 X Calle 93 Sur,140
10261,A00000396,abr/24/2017 01:50 p. m.,14,h,Caida Ocupante,abr/24/2017 01:50 p. m.,1,1,1,1,1,Carrera 50 X Calle 84 Sur,140
10262,A00000406,abr/27/2017 06:00 p. m.,19,h,Atropello,abr/27/2017 06:00 p. m.,1,1,1,1,1,Calle 77 Sur X Carrera 57 Sur,409
10293,A00000416,may/25/2018 06:10 p. m.,1,h,Choque,may/25/2018 06:10 p. m.,1,1,1,1,1,Calle 87 Sur X Carrera 55,143
10295,A00000764,sept/22/2018 09:20 a. m.,9,d,Choque,sept/22/2018 09:20 a. m.,1,1,1,1,1,Calle 74 Sur X Carrera 54A,143
9912,A000829297,jul/02/2018 02:10 a. m.,1,h,Caida Ocupante,jul/02/2018 02:10 a. m.,1,1,1,1,1,Carrera 62 X Calle 74 Sur,140
9913,A000829295,ago/15/2018 11:15 p. m.,3,h,Choque,ago/15/2018 11:15 p. m.,1,1,1,1,1,Carrera 50 X Calle 94 Sur,143
9914,A000829298,ago/15/2018 07:00 p. m.,27,d,Choque,ago/15/2018 07:00 p. m.,1,1,1,2,1,Carrera 54 X Calle 75AA Sur,143
9953,A000829313,ago/21/2018 04:40 p. m.,19,d,Choque,ago/21/2018 04:40 p. m.,1,1,1,2,1,Calle 77 Sur X Carrera 62A,143
9954,A000829310,ago/20/2018 03:30 p. m.,21,h,Caida Ocupante,ago/20/2018 03:30 p. m.,1,1,1,1,1,Carrera 65A X Calle 87 Sur,140
9961,A00000381,may/13/2018 02:00 p. m.,3,h,Choque,may/13/2018 02:00 p. m.,1,1,1,1,1,Carrera 50 X Calle 80 Sur,143
9962,A00000302,abr/15/2018 01:10 a. m.,3,h,Atropello,abr/15/2018 01:10 a. m.,1,1,1,1,1,Carrera 50 X Calle 79C Sur,143
9963,A00000441,may/31/2018 07:45 p. m.,18,h,Atropello,may/31/2018 07:45 p. m.,1,1,1,1,1,Calle 77 Sur X Carrera 50A,143
9964,A00000287,abr/07/2018 12:10 p. m.,23,d,Choque,abr/07/2018 12:10 p. m.,1,1,1,1,1,Carrera 50 X Calle 79 Sur,143
9965,A00000116,feb/10/2018 01:30 p. m.,2,h,Choque,feb/10/2018 01:30 p. m.,1,1,1,1,1,Carrera 50 X Calle 101 Sur,143
9966,A0000049,ene/19/2018 02:30 p. m.,15,h,Choque,ene/19/2018 02:30 p. m.,1,1,1,1,1,Carrera 54 X Calle 75AA Sur,143
9967,A00000929,sept/27/2017 07:00 p. m.,16,h,Atropello,sept/27/2017 07:00 p. m.,1,1,1,1,1,Calle 83 Sur X Carrera 55,143
9968,A00000199,mar/09/2018 10:20 a. m.,21,d,Choque,mar/09/2018 10:20 a. m.,1,1,1,1,1,Calle 87 Sur X Carrera 65,143
9969,A00000013,ene/07/2018 02:25 p. m.,3,h,Choque,ene/07/2018 02:25 p. m.,1,1,1,1,1,Carrera 50 X Calle 79 Sur,143
9970,A00000427,may/28/2018 03:00 p. m.,3,h,Choque,may/28/2018 03:00 p. m.,1,1,1,1,1,Carrera 50 X Calle 77 Sur,143
10045,A00000722,sept/06/2018 07:25 a. m.,3,h,Caida Ocupante,sept/06/2018 07:25 a. m.,1,1,1,1,1,Carrera 50 X Calle 77 Sur,140
10049,A00000723,sept/07/2018 10:45 p. m.,15,d,Choque,sept/07/2018 10:45 p. m.,1,1,1,1,1,Calle 77 Sur X Carrera 62A,112
10050,A00000724,sept/07/2018 08:10 p. m.,3,h,Choque,sept/07/2018 08:10 p. m.,1,2,1,1,2,Calle 79 Sur X Carrera 49 Sur,103
10051,A00000721,sept/06/2018 10:00 a. m.,9,h,Caida Ocupante,sept/06/2018 10:00 a. m.,1,1,1,1,1,Calle 74A Sur X Carrera 57,140
10094,A00000325,abr/23/2018 06:50 a. m.,15,m,Atropello,abr/23/2018 06:50 a. m.,1,1,1,2,1,Carrera 62 X Calle 75B Sur,409
10095,A00000394,may/17/2018 01:30 p. m.,3,h,Choque,may/17/2018 01:30 p. m.,1,1,1,1,1,Carrera 50 X Calle 79 Sur,143
10096,A00000206,mar/11/2018 01:40 p. m.,20,d,Choque,mar/11/2018 01:40 p. m.,1,1,1,1,1,Calle 80 Sur X Carrera 63,143
10097,A00000942,oct/10/2017 06:45 p. m.,15,h,Caida Ocupante,oct/10/2017 06:45 p. m.,1,1,1,1,1,Carrera 62 X Calle 74 Sur,140
10098,A00000944,oct/12/2017 06:50 p. m.,2,h,Otro,oct/12/2017 06:50 p. m.,1,1,1,1,1,Calle 100B Sur X Carrera 52,140
10099,A00000952,oct/14/2017 09:09 a. m.,6,h,Caida Ocupante,oct/14/2017 09:09 a. m.,1,1,1,1,1,Calle 80 Sur X Carrera 50,140
10100,A00000959,oct/16/2017 12:40 a. m.,2,h,Caida Ocupante,oct/16/2017 12:40 a. m.,1,1,1,1,1,Calle 100 Sur X Carrera 49D,140
10101,A00000960,oct/14/2017 10:50 a. m.,3,h,Caida Ocupante,oct/14/2017 10:50 a. m.,1,1,1,1,1,Carrera 50 X Calle 83 Sur,140
10102,A00000964,oct/16/2017 11:00 p. m.,3,h,Caida Ocupante,oct/16/2017 11:00 p. m.,1,1,1,1,1,Carrera 50 X Calle 94 Sur,140
10122,A00001013,nov/04/2017 11:40 a. m.,26,h,Caida Ocupante,nov/04/2017 11:40 a. m.,1,1,1,1,1,Carrera 63C X Calle 73 Sur,140
10123,A00001011,oct/27/2017 03:00 a. m.,2,h,Caida Ocupante,oct/27/2017 03:00 a. m.,1,1,1,1,1,Carrera 51 X Calle 94 Sur,140
10124,A00000352,may/03/2018 11:20 a. m.,2,d,Choque,may/03/2018 11:20 a. m.,1,1,1,1,1,Calle 97B Sur X Carrera 51,143
10125,A00001026,nov/14/2017 11:20 p. m.,16,h,Caida Ocupante,nov/14/2017 11:20 p. m.,1,1,1,1,1,Calle 83BB Sur X Carrera 55,140
10126,A00001028,nov/14/2017 10:35 a. m.,23,h,Otro,nov/14/2017 10:35 a. m.,1,1,1,2,1,Carrera 50 X Calle 79 Sur,140
10127,A00001029,nov/15/2017 12:50 p. m.,14,h,Caida Ocupante,nov/15/2017 12:50 p. m.,1,1,1,1,1,Calle 87 Sur X Carrera 56,140
10128,A00001032,nov/16/2017 06:50 a. m.,8,h,Caida Ocupante,nov/16/2017 06:50 a. m.,1,1,1,1,1,Carrera 55 X Calle 77 Sur,140
10129,A00001035,nov/18/2017 11:00 p. m.,26,h,Otro,nov/18/2017 11:00 p. m.,1,1,1,1,1,Calle 76 Sur X Carrera 57B,140
10142,A00000251,mar/24/2018 07:20 p. m.,2,h,Choque,mar/24/2018 07:20 p. m.,1,1,1,1,1,Carrera 50 X Calle 100C Sur,143
10143,A00000426,may/28/2018 02:30 p. m.,15,d,Choque,may/28/2018 02:30 p. m.,1,1,1,8,1,Carrera 62A X Calle 75 Sur,143
10144,A00000417,may/26/2018 05:00 p. m.,3,d,Choque,may/26/2018 05:00 p. m.,1,1,1,1,1,Carrera 50 X Calle 80 Sur,143
10162,A00000725,sept/07/2018 01:50 p. m.,19,h,Caida Ocupante,sept/07/2018 01:50 p. m.,1,1,1,1,1,Carrera 60 X Calle 77 Sur,140
10181,A00000407,may/21/2018 06:50 a. m.,3,d,Choque,may/21/2018 06:50 a. m.,1,1,1,1,1,Carrera 50 X Calle 79C Sur,143
10182,A00000114,feb/09/2018 11:10 a. m.,3,d,Choque,feb/09/2018 11:10 a. m.,1,1,1,1,1,Carrera 49D X Calle 88C Sur,143
10191,A00000429,may/28/2018 01:20 p. m.,3,h,Choque,may/28/2018 01:20 p. m.,1,1,1,1,1,Carrera 50 X Calle 94B Sur,143
10192,A00000108,feb/08/2018 10:40 p. m.,3,m,Atropello,feb/08/2018 10:40 p. m.,1,1,1,1,1,Carrera 50 X Calle 77 Sur,409
10193,A00000208,mar/11/2018 03:00 p. m.,14,d,Choque,mar/11/2018 03:00 p. m.,1,1,1,2,1,Calle 83C Sur X Carrera 55,143
10194,A00000200,mar/09/2018 01:39 p. m.,17,d,Choque,mar/09/2018 01:39 p. m.,1,1,1,1,1,Carrera 57A X Calle 76 Sur,143
10195,A00001122,dic/11/2017 05:45 p. m.,11,h,Choque,dic/11/2017 05:45 p. m.,1,1,1,1,1,Calle 74 Sur X Carrera 67,143
10196,A00000245,mar/22/2018 05:30 a. m.,3,d,Choque,mar/22/2018 05:30 a. m.,1,1,1,1,1,Carrera 50 X Calle 79B Sur,143
10247,A00000343,abr/06/2017 10:20 a. m.,3,h,Caida Ocupante,abr/06/2017 10:20 a. m.,1,1,1,1,1,Carrera 50 X Calle 88 Sur,140
10248,A00000330,abr/03/2017 06:30 a. m.,23,h,Caida Ocupante,abr/03/2017 06:30 a. m.,1,1,1,1,1,Carrera 54 X Calle 79 Sur,140
10249,A00000335,abr/05/2017 02:00 p. m.,14,d,Choque,abr/05/2017 02:00 p. m.,1,1,1,1,1,Carrera 55 X Calle 87 Sur,143
10250,A00000337,abr/03/2017 06:30 a. m.,22,h,Atropello,abr/03/2017 06:30 a. m.,1,1,1,1,1,Calle 83 Sur X Carrera 56,409
10251,A00000339,abr/06/2017 01:30 p. m.,26,h,Atropello,abr/06/2017 01:30 p. m.,1,1,1,1,1,Carrera 60 X Calle 87 Sur,409
10103,A00000967,oct/19/2017 06:50 p. m.,12,h,Caida Ocupante,oct/19/2017 06:50 p. m.,1,1,1,1,1,Carrera 50 X Calle 94 Sur,140
10104,A00000972,oct/19/2017 01:30 a. m.,3,h,Caida Ocupante,oct/19/2017 01:30 a. m.,1,1,1,1,1,Carrera 50 X Calle 95 Sur,140
10105,A00000975,oct/23/2017 04:10 p. m.,4,d,Choque,oct/23/2017 04:10 p. m.,1,1,1,1,1,Carrera 49 X Calle 79 Sur,143
10106,A00000152,feb/23/2018 07:30 p. m.,3,h,Otro,feb/23/2018 07:30 p. m.,1,1,1,1,1,Carrera 50 X Calle 79 Sur,140
10107,A00000149,feb/20/2018 05:00 p. m.,20,h,Caida Ocupante,feb/20/2018 05:00 p. m.,1,1,1,1,1,Calle 81 Sur X Carrera 66,140
10108,A00000154,feb/24/2018 07:20 p. m.,18,h,Caida Ocupante,feb/24/2018 07:20 p. m.,1,1,1,1,1,Calle 77 Sur X Carrera 50,140
10109,A00000155,feb/24/2018 06:45 a. m.,1,h,Caida Ocupante,feb/24/2018 06:45 a. m.,1,1,1,1,1,Calle 76 Sur X Carrera 60,140
10110,A00000156,feb/26/2018 10:00 a. m.,16,h,Caida Ocupante,feb/26/2018 10:00 a. m.,1,1,1,1,1,Carrera 56 X Calle 82 Sur,140
10111,A00000163,feb/26/2018 04:20 p. m.,3,h,Caida Ocupante,feb/26/2018 04:20 p. m.,1,1,1,1,1,Carrera 50 X Calle 79 Sur,140
10112,A00000167,feb/25/2018 12:00 a. m.,14,h,Atropello,feb/25/2018 12:00 a. m.,1,1,1,1,1,Carrera 49 X Calle 100D Sur,409
10113,A00000170,feb/28/2018 10:00 p. m.,3,h,Caida Ocupante,feb/28/2018 10:00 p. m.,1,1,1,1,1,Carrera 50 X Calle 97 Sur,140
10159,A00001091,dic/02/2017 10:25 p. m.,3,h,Caida Ocupante,dic/02/2017 10:25 p. m.,1,1,1,1,1,Carrera 50 X Calle 80 Sur,140
10160,A00001094,dic/03/2017 04:15 a. m.,3,h,Caida Ocupante,dic/03/2017 04:15 a. m.,1,1,1,1,1,Carrera 50 X Calle 79C Sur,140
10197,A00001118,dic/10/2017 05:00 p. m.,21,h,Caida Ocupante,dic/10/2017 05:00 p. m.,1,1,1,1,1,Calle 87 Sur X Carrera 60,140
10198,A00001125,dic/17/2017 06:00 a. m.,2,h,Caida Ocupante,dic/17/2017 06:00 a. m.,1,1,1,1,1,Carrera 49 X Calle 100 Sur,140
10199,A00001131,dic/14/2017 08:00 p. m.,19,h,Choque,dic/14/2017 08:00 p. m.,1,1,1,1,1,Calle 77 Sur X Carrera 59,140
10200,A00001137,dic/15/2017 07:20 p. m.,3,h,Atropello,dic/15/2017 07:20 p. m.,1,1,1,1,1,Carrera 50 X Calle 93 Sur,409
10201,A00001140,dic/15/2017 11:50 p. m.,18,h,Caida Ocupante,dic/15/2017 11:50 p. m.,1,1,1,1,1,Carrera 52D X Calle 75AB Sur,140
10202,A00001145,dic/17/2017 10:00 p. m.,14,h,Caida Ocupante,dic/17/2017 10:00 p. m.,1,1,1,1,1,Calle 83 Sur X Carrera 55,140
10203,A00001147,dic/17/2017 04:00 p. m.,7,h,Caida Ocupante,dic/17/2017 04:00 p. m.,1,1,1,1,1,Calle 80 Sur X Carrera 56,140
10272,A00000437,may/05/2017 02:30 p. m.,7,h,Caida Ocupante,may/05/2017 02:30 p. m.,1,1,1,1,1,Calle 80 Sur X Carrera 52,140
10278,A00000369,may/07/2018 05:00 p. m.,1,d,Choque,may/07/2018 05:00 p. m.,1,1,1,1,1,Carrera 50 X Calle 97B Sur,143
10280,A00000862,oct/21/2018 02:20 a. m.,3,d,Choque,oct/21/2018 02:20 a. m.,1,1,1,1,2,Carrera 50 X Calle 100 Sur,140
10282,A00000382,may/14/2018 04:00 a. m.,8,h,Choque,may/14/2018 04:00 a. m.,1,1,1,1,1,Carrera 55 X Calle 77 Sur,143
10284,A00000409,may/22/2018 08:30 p. m.,14,d,Choque,may/22/2018 08:30 p. m.,1,1,1,1,1,Carrera 55 X Calle 88 Sur,143
10296,A00000784,sept/26/2018 07:20 a. m.,12,h,Choque,sept/26/2018 07:20 a. m.,1,1,1,1,1,Carrera 50 X Calle 96 Sur,143
10297,A00000793,sept/28/2018 01:30 p. m.,2,d,Choque,sept/28/2018 01:30 p. m.,1,1,1,1,1,Calle 100 Sur X Carrera 48,143
10369,A00000831,oct/11/2018 05:50 p. m.,26,d,Choque,oct/11/2018 05:50 p. m.,1,1,1,1,1,Carrera 52 X Calle 75AB Sur,143
10370,A00000129,feb/15/2018 03:45 p. m.,3,h,Caida Ocupante,feb/15/2018 03:45 p. m.,1,1,1,1,1,Calle 79C Sur X Carrera 52,143
10371,A00000130,feb/15/2018 06:30 p. m.,19,h,Caida Ocupante,feb/15/2018 06:30 p. m.,1,1,1,1,1,Calle 77 Sur X Carrera 54,143
10372,A00000131,feb/15/2018 01:00 p. m.,15,h,Caida Ocupante,feb/15/2018 01:00 p. m.,1,1,1,1,1,Calle 76 Sur X Carrera 60,143
10375,A0000141,feb/18/2018 07:00 p. m.,3,h,Caida Ocupante,feb/18/2018 07:00 p. m.,1,1,1,1,1,Carrera 50 X Calle 78 Sur,143
10376,A00000142,feb/18/2018 02:00 p. m.,26,h,Caida Ocupante,feb/18/2018 02:00 p. m.,1,1,1,1,1,Calle 87 Sur X Carrera 55,143
10377,A00000172,mar/01/2018 08:25 a. m.,22,h,Otro,mar/01/2018 08:25 a. m.,1,1,1,1,1,Calle 82 Sur X Carrera 57B,306
10378,A00000176,mar/04/2018 05:50 a. m.,2,h,Caida Ocupante,mar/04/2018 05:50 a. m.,1,1,1,1,1,Carrera 50 X Calle 99 Sur,143
10379,A00000178,mar/01/2018 05:15 p. m.,5,h,Caida Ocupante,mar/01/2018 05:15 p. m.,1,1,1,1,1,Calle 94 Sur X Carrera 56,143
10380,A00000820,oct/09/2018 02:30 p. m.,3,d,Choque,oct/09/2018 02:30 p. m.,1,1,1,1,1,Carrera 50 X Calle 97B Sur,143
10381,A00000179,mar/03/2018 04:00 p. m.,2,h,Caida Ocupante,mar/03/2018 04:00 p. m.,1,1,1,1,1,Carrera 50 X Calle 100B Sur,143
10390,A00000736,sept/11/2018 03:30 p. m.,2,d,Choque,sept/11/2018 03:30 p. m.,1,1,1,1,1,Carrera 50 X Calle 98A Sur,140
10409,A00000256,mar/27/2018 04:00 a. m.,18,h,Caida Ocupante,mar/27/2018 04:00 a. m.,1,1,1,1,1,Carrera 50 X Calle 77 Sur,143
10410,A00000259,mar/28/2018 03:50 p. m.,2,d,Choque,mar/28/2018 03:50 p. m.,1,1,1,1,1,Carrera 50 X Calle 100B Sur,143
10415,A00000301,abr/15/2018 12:50 p. m.,15,h,Caida Ocupante,abr/15/2018 12:50 p. m.,1,1,1,1,1,Carrera 64 X Calle 73 Sur,140
10416,A00000306,abr/16/2018 08:30 a. m.,2,h,Caida Ocupante,abr/16/2018 08:30 a. m.,1,1,1,1,1,Carrera 50 X Calle 98 Sur,143
10417,A00000307,abr/16/2018 01:45 p. m.,23,h,Caida Ocupante,abr/16/2018 01:45 p. m.,1,1,1,1,1,Calle 79 Sur X Carrera 52,140
10419,A00000807,oct/02/2018 09:15 a. m.,1,h,Choque,oct/02/2018 09:15 a. m.,1,1,1,1,1,Calle 80 Sur X Carrera 59,143
10420,A00000848,oct/15/2018 05:00 p. m.,2,d,Choque,oct/15/2018 05:00 p. m.,1,1,1,1,1,Carrera 50 X Calle 100 Sur,143
10422,A00001002,dic/11/2018 08:30 a. m.,23,d,Choque,dic/11/2018 08:30 a. m.,1,1,1,1,1,Carrera 53 X Calle 78A Sur,143
10423,A00000331,abr/17/2018 06:30 p. m.,1,h,Otro,abr/17/2018 06:30 p. m.,1,1,1,1,1,Carrera 60 X Calle 83A Sur,140
10424,A00000334,abr/26/2018 08:50 a. m.,3,h,Caida Ocupante,abr/26/2018 08:50 a. m.,1,1,1,1,1,Calle 83 Sur X Carrera 50,140
10425,A00000338,abr/27/2018 10:40 a. m.,2,h,Caida Ocupante,abr/27/2018 10:40 a. m.,1,1,1,1,1,Carrera 49 X Calle 100 Sur,140
10426,A00000309,abr/16/2018 04:30 p. m.,10,h,Caida Ocupante,abr/16/2018 04:30 p. m.,1,1,1,1,1,Calle 80 Sur X Carrera 58,143
10427,A00000340,abr/27/2018 03:00 p. m.,2,h,Caida Ocupante,abr/27/2018 03:00 p. m.,1,1,1,1,1,Carrera 50 X Calle 99 Sur,140
10428,A00000341,abr/27/2018 08:50 p. m.,23,h,Caida Ocupante,abr/27/2018 08:50 p. m.,1,1,1,1,1,Calle 79 Sur X Carrera 50,140
10299,A00000929,nov/17/2018 05:50 a. m.,4,h,Caida Ocupante,nov/17/2018 05:50 a. m.,1,2,1,1,1,Carrera 50 X Calle 98 Sur,143
10300,A0000930,nov/16/2018 05:00 a. m.,13,h,Caida Ocupante,nov/16/2018 05:00 a. m.,1,1,1,1,1,Carrera 50 X Calle 98 Sur,143
10301,A00000931,nov/19/2018 01:00 p. m.,3,h,Choque,nov/19/2018 01:00 p. m.,1,1,1,1,1,Carrera 50 X Calle 79B Sur,143
10309,A00000932,nov/19/2018 08:15 a. m.,17,h,Caida Ocupante,nov/19/2018 08:15 a. m.,1,1,1,1,1,Carrera 56 X Calle 80 Sur,143
10312,A00000938,nov/21/2018 06:00 a. m.,21,d,Volcamiento,nov/21/2018 06:00 a. m.,1,1,1,1,1,Calle 87 Sur X Carrera 67,143
10315,A00000945,nov/23/2018 06:10 a. m.,3,h,Caida Ocupante,nov/23/2018 06:10 a. m.,1,1,1,1,1,Carrera 50 X Calle 98A Sur,143
10317,A00000950,nov/25/2018 12:30 p. m.,15,h,Otro,nov/25/2018 12:30 p. m.,1,1,1,1,1,Calle 74 Sur X Carrera 63,143
10325,A00000951,nov/25/2018 10:40 a. m.,1,d,Choque,nov/25/2018 10:40 a. m.,1,1,1,1,1,Carrera 60 X Calle 83A Sur,143
10326,A00000952,nov/25/2018 08:00 p. m.,3,h,Atropello,nov/25/2018 08:00 p. m.,1,1,1,1,2,Carrera 50 X Calle 94 Sur,409
10327,A00000959,nov/28/2018 09:40 p. m.,27,h,Caida Ocupante,nov/28/2018 09:40 p. m.,1,1,1,1,1,Carrera 54 X Calle 75AA Sur,143
10331,A0000038,ene/16/2018 02:00 p. m.,7,h,Otro,ene/16/2018 02:00 p. m.,1,1,1,1,1,Carrera 56 X Calle 80 Sur,140
10332,A00000040,ene/16/2018 07:10 p. m.,15,h,Otro,ene/16/2018 07:10 p. m.,1,1,1,1,1,Carrera 62A X Calle 74 Sur,140
10333,A0000046,ene/19/2018 06:30 a. m.,21,h,Caida Ocupante,ene/19/2018 06:30 a. m.,1,1,1,1,1,Calle 87 Sur X Carrera 60,140
10334,A0000047,ene/18/2018 05:40 a. m.,23,h,Caida Ocupante,ene/18/2018 05:40 a. m.,1,1,1,1,1,Carrera 53 X Calle 78A Sur,140
10335,A0000055,ene/23/2018 06:50 a. m.,3,h,Caida Ocupante,ene/23/2018 06:50 a. m.,1,1,1,1,1,Carrera 50 X Calle 100B Sur,140
10336,A00000051,ene/18/2018 05:10 a. m.,14,h,Otro,ene/18/2018 05:10 a. m.,1,1,1,1,1,Carrera 55 X Calle 80 Sur,140
10340,A00000905,nov/06/2018 06:30 a. m.,2,h,Choque,nov/06/2018 06:30 a. m.,1,1,1,1,1,Carrera 50 X Calle 92 Sur,143
10356,A0000072,ene/28/2018 03:50 a. m.,2,h,Caida Ocupante,ene/28/2018 03:50 a. m.,1,1,1,1,1,Carrera 50 X Calle 100 Sur,143
10363,A0000074,ene/29/2018 05:50 a. m.,23,h,Caida Ocupante,ene/29/2018 05:50 a. m.,1,1,1,1,1,Carrera 55 X Calle 79 Sur,143
10373,A00000132,feb/15/2018 01:15 p. m.,11,h,Caida Ocupante,feb/15/2018 01:15 p. m.,1,1,1,1,1,Carrera 66 X Calle 74 Sur,143
10374,A00000138,feb/17/2018 07:50 a. m.,15,h,Caida Ocupante,feb/17/2018 07:50 a. m.,1,1,1,1,1,Carrera 62A X Calle 76 Sur,143
10392,A00000747,sept/13/2018 12:00 p. m.,3,h,Choque,sept/13/2018 12:00 p. m.,1,1,1,1,1,Carrera 50 X Calle 94 Sur,140
10394,A00000891,oct/02/2018 01:30 p. m.,2,h,Atropello,oct/02/2018 01:30 p. m.,1,1,1,1,1,Carrera 50 X Calle 100 Sur,409
10396,A00000110,feb/08/2018 12:00 p. m.,3,h,Caida Ocupante,feb/08/2018 12:00 p. m.,1,1,1,1,1,Carrera 50 X Calle 91 Sur,140
10397,A00000267,abr/01/2018 08:20 a. m.,7,d,Otro,abr/01/2018 08:20 a. m.,1,1,1,1,1,Calle 82 Sur X Carrera 56,140
10398,A00000270,abr/01/2018 05:40 p. m.,5,h,Caida Ocupante,abr/01/2018 05:40 p. m.,1,1,1,1,1,Carrera 55 X Calle 94 Sur,140
10399,A00000271,abr/03/2018 05:00 p. m.,24,h,Otro,abr/03/2018 05:00 p. m.,1,1,1,1,1,Carrera 62 X Calle 87 Sur,140
10400,A00000273,abr/03/2018 05:00 a. m.,3,h,Otro,abr/03/2018 05:00 a. m.,1,1,1,1,1,Carrera 50 X Calle 97 Sur,140
10401,A00000275,abr/04/2018 01:40 p. m.,1,h,Otro,abr/04/2018 01:40 p. m.,1,1,1,1,1,Calle 77 Sur X Carrera 61,140
10402,A00000285,abr/07/2018 12:00 p. m.,14,h,Caida Ocupante,abr/07/2018 12:00 p. m.,1,1,1,7,1,Carrera 55 X Calle 82A Sur,140
10403,A00000288,abr/07/2018 12:00 p. m.,3,h,Caida Ocupante,abr/07/2018 12:00 p. m.,1,1,1,1,1,Carrera 50 X Calle 79 Sur,140
10404,A00000298,abr/12/2018 01:05 p. m.,2,h,Caida Ocupante,abr/12/2018 01:05 p. m.,1,1,1,1,1,Carrera 50 X Calle 100B Sur,140
10405,A00000299,abr/14/2018 01:30 p. m.,5,h,Caida Ocupante,abr/14/2018 01:30 p. m.,1,1,1,1,1,Carrera 55 X Calle 90 Sur,140
10429,A00000311,abr/18/2018 04:30 p. m.,23,h,Caida Ocupante,abr/18/2018 04:30 p. m.,1,1,1,1,1,Carrera 53 X Calle 77 Sur,143
10432,A00000313,abr/19/2018 08:30 p. m.,15,h,Caida Ocupante,abr/19/2018 08:30 p. m.,1,1,1,1,1,Calle 74 Sur X Carrera 62A,143
10433,A00000316,abr/19/2018 06:00 p. m.,20,h,Caida Ocupante,abr/19/2018 06:00 p. m.,1,1,1,1,1,Carrera 60 X Calle 83A Sur,143
10434,A00000319,abr/20/2018 07:10 p. m.,27,h,Atropello,abr/20/2018 07:10 p. m.,1,1,1,1,1,Calle 75A Sur X Carrera 54,409
10435,A00000320,abr/21/2018 01:30 p. m.,2,h,Caida Ocupante,abr/21/2018 01:30 p. m.,1,1,1,1,1,Carrera 50 X Calle 100C Sur,143
10487,A00000751,sept/17/2018 08:40 p. m.,23,h,Atropello,sept/17/2018 08:40 p. m.,1,1,1,1,1,Calle 80 Sur X Carrera 50,409
10488,A00000753,sept/17/2018 12:40 p. m.,3,h,Caida Ocupante,sept/17/2018 12:40 p. m.,1,1,1,1,1,Carrera 52 X Calle 79 Sur,143
10489,A00000759,sept/19/2018 02:45 p. m.,22,h,Caida Ocupante,sept/19/2018 02:45 p. m.,1,1,1,1,1,Calle 83 Sur X Carrera 56B,143
10490,A00000765,sept/21/2018 05:10 p. m.,18,h,Caida Ocupante,sept/21/2018 05:10 p. m.,1,1,1,1,1,Calle 77 Sur X Carrera 50,143
10491,A00000766,sept/22/2018 10:20 a. m.,3,h,Otro,sept/22/2018 10:20 a. m.,1,1,1,1,1,Carrera 50 X Calle 96B Sur,143
10492,A00000769,sept/24/2018 05:15 p. m.,1,h,Atropello,sept/24/2018 05:15 p. m.,1,1,1,1,1,Calle 77 Sur X Carrera 60,409
10493,A00000772,sept/24/2018 06:00 a. m.,13,h,Caida Ocupante,sept/24/2018 06:00 a. m.,1,1,1,1,1,Carrera 50 X Calle 97 Sur,143
10494,A00000779,sept/26/2018 10:10 p. m.,23,h,Caida Ocupante,sept/26/2018 10:10 p. m.,1,1,1,1,1,Carrera 52A X Calle 78A Sur,143
10495,A00000781,sept/25/2018 02:30 p. m.,2,h,Caida Ocupante,sept/25/2018 02:30 p. m.,1,1,1,1,1,Calle 100 Sur X Carrera 50A,143
10496,A00000782,sept/26/2018 07:05 p. m.,23,h,Caida Ocupante,sept/26/2018 07:05 p. m.,1,1,1,1,1,Carrera 53 X Calle 77 Sur,143
10497,A00000789,sept/27/2018 09:50 p. m.,15,h,Caida Ocupante,sept/27/2018 09:50 p. m.,1,1,1,1,1,Calle 76 Sur X Carrera 60,143
10498,A00000794,sept/29/2018 05:00 p. m.,14,h,Caida Ocupante,sept/29/2018 05:00 p. m.,1,1,1,1,1,Carrera 50 X Calle 80 Sur,143