NRO_RADICADO,NUMERO_EXPEDIENTE,FECHA_ACCIDENTE,ID_ZONA,GRAVEDAD,DESC_CLASE_ACCIDENTE,HORA_ACCIDENTE,AREA,SECTOR,ZONA,DISENO,ESTADO_TIEMPO,VIA_ACCID,POSIBLE_CAUSA
10548,A00000437,may/31/2018 12:00 p. m.,3,h,Caida Ocupante,may/31/2018 12:00 p. m.,1,1,1,1,1,Calle 95 Sur X Carrera 51,143
10551,A00000876,oct/28/2018 08:30 p. m.,12,h,Otro,oct/28/2018 08:30 p. m.,1,1,1,1,1,Carrera 50 X Calle 96 Sur,140
10552,A00000884,oct/29/2018 10:00 a. m.,14,h,Caida Ocupante,oct/29/2018 10:00 a. m.,1,1,1,1,1,Calle 88C Sur X Carrera 49B,140
9940,A000829294,ago/14/2018 05:10 p. m.,14,h,Choque,ago/14/2018 05:10 p. m.,1,1,1,1,2,Carrera 55 X Calle 87 Sur,143
9941,A000829299,ago/16/2018 12:40 p. m.,2,d,Choque,ago/16/2018 12:40 p. m.,1,1,1,1,1,Carrera 50 X Calle 100 Sur,143
9942,A000829301,ago/17/2018 11:50 p. m.,2,h,Atropello,ago/17/2018 11:50 p. m.,1,1,1,1,1,Carrera 50 X Calle 98 Sur,409
9943,A000829302,ago/17/2018 02:50 p. m.,23,h,Caida Ocupante,ago/17/2018 02:50 p. m.,1,1,1,1,1,Calle 80 Sur X Carrera 55,140
9944,A000829303,ago/17/2018 06:30 a. m.,15,h,Caida Ocupante,ago/17/2018 06:30 a. m.,1,1,1,1,1,Carrera 62A X Calle 74 Sur,140
10003,A00000681,ago/24/2018 06:00 a. m.,18,h,Caida Ocupante,ago/24/2018 06:00 a. m.,1,1,1,10,2,Carrera 50B X Calle 77 Sur,140
10252,A00000345,abr/29/2017 03:00 p. m.,10,h,Choque,abr/29/2017 03:00 p. m.,1,1,1,2,1,Calle 80 Sur X Carrera 57B,143
10253,A00000362,abr/10/2017 02:30 p. m.,3,h,Caida Ocupante,abr/10/2017 02:30 p. m.,1,1,1,1,1,Carrera 50 X Calle 90 Sur,140
10254,A00000366,abr/11/2017 10:40 a. m.,19,h,Caida Ocupante,abr/11/2017 10:40 a. m.,1,1,1,1,1,Carrera 55 X Calle 77 Sur,140
10255,A00000375,abr/15/2017 04:40 p. m.,2,h,Caida Ocupante,abr/15/2017 04:40 p. m.,1,1,1,1,1,Carrera 50 X Calle 100B Sur,140
10256,A00000370,abr/13/2017 12:00 p. m.,2,h,Caida Ocupante,abr/13/2017 12:00 p. m.,1,1,1,1,1,Carrera 50 X Calle 100B Sur,140
10257,A00000368,abr/12/2017 04:20 p. m.,1,h,Atropello,abr/12/2017 04:20 p. m.,1,1,1,2,1,Carrera 61 X Calle 80 Sur,409
10273,A00000734,sept/09/2018 08:40 p. m.,14,h,Caida Ocupante,sept/09/2018 08:40 p. m.,1,1,1,1,1,Carrera 51 X Calle 83C Sur,140
10274,A00000732,sept/09/2018 06:30 a. m.,24,h,Caida Ocupante,sept/09/2018 06:30 a. m.,1,1,1,1,1,Calle 80 Sur X Carrera 63,140
10275,A00000397,may/18/2018 11:30 p. m.,24,d,Choque,may/18/2018 11:30 p. m.,1,1,1,1,2,Carrera 62 X Calle 86 Sur,143
10276,A00000241,mar/20/2018 05:30 p. m.,14,d,Choque,mar/20/2018 05:30 p. m.,1,1,1,1,1,Carrera 50 X Calle 83B Sur,143
10277,A00000738,sept/10/2018 01:40 p. m.,2,d,Choque,sept/10/2018 01:40 p. m.,1,1,1,1,1,Carrera 50 X Calle 93 Sur,143
10288,A00000431,may/29/2018 08:00 a. m.,1,h,Choque,may/29/2018 08:00 a. m.,1,1,1,1,1,Carrera 50 X Calle 97 Sur,143
10289,A00000844,oct/16/2018 10:10 a. m.,1,d,Otro,oct/16/2018 10:10 a. m.,1,1,1,1,1,Carrera 50 X Calle 79 Sur,157
10290,A00000593,jul/25/2018 05:15 p. m.,1,h,Caida Ocupante,jul/25/2018 05:15 p. m.,1,1,1,1,1,Carrera 52A X Calle 78A Sur,143
10291,A00000127,feb/12/2018 01:00 p. m.,1,d,Choque,feb/12/2018 01:00 p. m.,1,1,1,1,1,Carrera 63C X Calle 73 Sur,143
10292,A00000473,may/23/2018 04:00 p. m.,1,d,Choque,may/23/2018 04:00 p. m.,1,1,1,1,1,Calle 79 Sur X Carrera 59,143
10302,A00000264,mar/30/2018 05:20 p. m.,11,d,Choque,mar/30/2018 05:20 p. m.,1,1,1,10,1,Carrera 64 X Calle 73 Sur,143
10303,A00000760,sept/19/2018 06:10 a. m.,4,d,Choque,sept/19/2018 06:10 a. m.,1,1,1,8,1,Carrera 48 X Calle 79C Sur,143
10305,A00000758,sept/20/2018 06:20 p. m.,18,d,Choque,sept/20/2018 06:20 p. m.,1,1,1,1,1,Calle 77 Sur X Carrera 50A,143
10306,A00000754,sept/17/2018 12:40 p. m.,12,h,Atropello,sept/17/2018 12:40 p. m.,1,1,1,1,1,Calle 96 Sur X Carrera 51,409
10307,A00000788,sept/26/2018 07:20 p. m.,4,d,Choque,sept/26/2018 07:20 p. m.,1,1,1,1,1,Carrera 48 X Calle 100 Sur,143
10308,A00000770,sept/22/2018 02:40 p. m.,11,d,Choque,sept/22/2018 02:40 p. m.,1,1,1,1,1,Calle 81 Sur X Carrera 65,143
10310,A00000748,sept/16/2018 12:20 p. m.,7,d,Choque,sept/16/2018 12:20 p. m.,1,1,1,1,1,Calle 82 Sur X Carrera 56,143
10311,A00000750,sept/17/2018 05:40 a. m.,4,h,Choque,sept/17/2018 05:40 a. m.,1,1,1,2,1,Carrera 50 X Calle 79D Sur,143
10318,A00000898,nov/02/2018 12:15 p. m.,19,d,Choque,nov/02/2018 12:15 p. m.,1,1,1,2,1,Calle 77 Sur X Carrera 57B,143
10319,A00000934,nov/22/2018 07:20 a. m.,1,d,Choque,nov/22/2018 07:20 a. m.,1,1,1,10,1,Calle 80 Sur X Carrera 58,143
10320,A00000792,sept/28/2018 06:00 a. m.,21,d,Choque,sept/28/2018 06:00 a. m.,1,1,1,2,1,Calle 77 Sur X Carrera 60,143
10321,A00000787,sept/26/2018 07:45 p. m.,4,d,Choque,sept/26/2018 07:45 p. m.,1,1,1,1,1,Carrera 48 X Calle 100 Sur,143
10322,A00000798,oct/02/2018 06:10 a. m.,14,h,Caida Ocupante,oct/02/2018 06:10 a. m.,1,1,1,1,1,Carrera 50 X Calle 83C Sur,140
10345,A00000916,nov/13/2018 03:20 p. m.,9,d,Choque,nov/13/2018 03:20 p. m.,1,1,1,1,1,Calle 82A Sur X Carrera 56B,143
10346,A00000918,nov/14/2018 10:40 a. m.,2,h,Caida Ocupante,nov/14/2018 10:40 a. m.,1,1,1,7,1,Calle 100 Sur X Carrera 48,143
10347,A00000924,nov/16/2018 01:00 p. m.,3,h,Caida Ocupante,nov/16/2018 01:00 p. m.,1,1,1,1,1,Carrera 50 X Calle 79 Sur,143
10351,A0000039,ene/16/2018 01:15 p. m.,5,h,Caida Ocupante,ene/16/2018 01:15 p. m.,1,1,1,1,1,Calle 95 Sur X Carrera 62,140
10352,A0000041,ene/16/2018 01:00 p. m.,21,h,Caida Ocupante,ene/16/2018 01:00 p. m.,1,1,1,1,1,Carrera 62 X Calle 87 Sur,140
10353,A000084,feb/01/2018 07:10 a. m.,23,h,Otro,feb/01/2018 07:10 a. m.,1,1,1,1,1,Carrera 53 X Calle 77 Sur,140
10354,A0000088,ene/31/2018 06:10 p. m.,2,h,Caida Ocupante,ene/31/2018 06:10 p. m.,1,1,1,1,1,Calle 100B Sur X Carrera 48C,140
10355,A0000090,ene/29/2018 07:00 a. m.,2,h,Otro,ene/29/2018 07:00 a. m.,1,1,1,1,1,Calle 100B Sur X Carrera 50A,140
10357,A0000093,feb/02/2018 01:00 p. m.,23,h,Caida Ocupante,feb/02/2018 01:00 p. m.,1,1,1,1,1,Carrera 54 X Calle 79 Sur,140
10358,A0000094,feb/03/2018 11:50 a. m.,15,h,Caida Ocupante,feb/03/2018 11:50 a. m.,1,1,1,1,1,Carrera 54 X Calle 76 Sur,140
10359,A0000098,feb/02/2018 02:15 p. m.,2,h,Choque,feb/02/2018 02:15 p. m.,1,1,1,1,1,Calle 100 Sur X Carrera 50,143
10360,A0000099,feb/05/2018 12:20 p. m.,26,h,Atropello,feb/05/2018 12:20 p. m.,1,1,1,1,1,Calle 79 Sur X Carrera 59,409
10361,A00000102,feb/05/2018 08:30 p. m.,3,h,Otro,feb/05/2018 08:30 p. m.,1,1,1,1,1,Carrera 50 X Calle 92 Sur,140
10362,A00000105,feb/06/2018 10:00 a. m.,25,h,Caida Ocupante,feb/06/2018 10:00 a. m.,1,1,1,1,1,Calle 81 Sur X Carrera 58,140
10366,A00000122,feb/13/2018 10:30 a. m.,15,h,Caida Ocupante,feb/13/2018 10:30 a. m.,1,1,1,1,1,Calle 74 Sur X Carrera 62A,140
10367,A00000125,feb/14/2018 10:20 p. m.,23,h,Caida Ocupante,feb/14/2018 10:20 p. m.,1,1,1,1,1,Calle 77 Sur X Carrera 52,140
10368,A00000126,feb/13/2018 07:00 p. m.,3,h,Atropello,feb/13/2018 07:00 p. m.,1,1,1,1,1,Carrera 50 X Calle 80 Sur,409
10430,A00000342,abr/27/2018 05:30 a. m.,3,h,Caida Ocupante,abr/27/2018 05:30 a. m.,1,1,1,1,1,Carrera 50 X Calle 100B Sur,140
10431,A00000344,abr/29/2018 08:30 p. m.,22,h,Caida Ocupante,abr/29/2018 08:30 p. m.,1,1,1,1,1,Calle 80 Sur X Carrera 56D,140
10443,A00000349,abr/30/2018 12:10 p. m.,2,h,Caida Ocupante,abr/30/2018 12:10 p. m.,1,1,1,1,1,Calle 100B Sur X Carrera 50,143
10444,A00000351,may/02/2018 07:20 p. m.,8,h,Caida Ocupante,may/02/2018 07:20 p. m.,1,1,1,1,1,Calle 77 Sur X Carrera 55,143
10445,A00000353,may/03/2018 07:30 p. m.,13,h,Caida Ocupante,may/03/2018 07:30 p. m.,1,1,1,1,1,Carrera 51 X Calle 91 Sur,143
10446,A00000354,may/03/2018 05:20 p. m.,3,h,Caida Ocupante,may/03/2018 05:20 p. m.,1,1,1,1,1,Carrera 50 X Calle 97 Sur,143
10447,A00000356,may/03/2018 06:25 a. m.,2,h,Atropello,may/03/2018 06:25 a. m.,1,1,1,1,1,Calle 100 Sur X Carrera 50,143
10448,A00000357,may/03/2018 10:00 p. m.,8,h,Atropello,may/03/2018 10:00 p. m.,1,1,1,1,1,Calle 77 Sur X Carrera 55,143
10449,A00000361,may/05/2018 03:20 p. m.,2,h,Caida Ocupante,may/05/2018 03:20 p. m.,1,1,1,1,1,Calle 100 Sur X Carrera 48D,143
10450,A00000363,may/06/2018 09:50 a. m.,23,h,Caida Ocupante,may/06/2018 09:50 a. m.,1,1,1,1,1,Carrera 50 X Calle 79C Sur,143
10457,A00000406,may/21/2018 09:00 a. m.,3,h,Choque,may/21/2018 09:00 a. m.,1,1,1,1,1,Carrera 50 X Calle 99 Sur,143
10458,A00000410,may/23/2018 06:30 a. m.,23,h,Caida Ocupante,may/23/2018 06:30 a. m.,1,1,1,1,1,Carrera 54 X Calle 79B Sur,143
10459,A00000411,may/23/2018 07:25 p. m.,22,h,Atropello,may/23/2018 07:25 p. m.,1,1,1,1,1,Calle 83C Sur X Carrera 57,409
10460,A00000412,may/23/2018 11:30 a. m.,16,h,Caida Ocupante,may/23/2018 11:30 a. m.,1,1,1,1,1,Calle 83C Sur X Carrera 56B,140
10461,A00000418,may/25/2018 01:30 p. m.,24,h,Choque,may/25/2018 01:30 p. m.,1,1,1,1,1,Calle 87 Sur X Carrera 55,143
10462,A00000420,may/26/2018 03:30 p. m.,3,h,Caida Ocupante,may/26/2018 03:30 p. m.,1,1,1,1,1,Carrera 50 X Calle 97C Sur,140
10463,A00000422,may/27/2018 09:00 p. m.,22,h,Otro,may/27/2018 09:00 p. m.,1,1,1,1,1,Calle 82 Sur X Carrera 59,140
10464,A00000423,may/28/2018 10:20 a. m.,11,h,Atropello,may/28/2018 10:20 a. m.,1,1,1,1,1,Calle 81 Sur X Carrera 65,409
10465,A00000428,may/28/2018 09:50 p. m.,20,h,Atropello,may/28/2018 09:50 p. m.,1,1,1,1,1,Carrera 63 X Calle 81 Sur,409
10466,A00000430,may/29/2018 09:30 a. m.,14,d,Otro,may/29/2018 09:30 a. m.,1,1,1,1,1,Calle 87 Sur X Carrera 55,140
10482,A00000675,ago/18/2018 09:40 a. m.,2,d,Choque,ago/18/2018 09:40 a. m.,1,1,1,1,1,Carrera 50 X Calle 100 Sur,143
10483,A00000737,sept/11/2018 06:30 a. m.,8,h,Caida Ocupante,sept/11/2018 06:30 a. m.,1,1,1,1,1,Calle 77 Sur X Carrera 53,143
10484,A00000992,dic/07/2018 06:20 p. m.,17,d,Choque,dic/07/2018 06:20 p. m.,1,1,1,1,1,Carrera 57BB X Calle 80A Sur,143
10485,A00000925,nov/16/2018 09:00 a. m.,24,d,Choque,nov/16/2018 09:00 a. m.,1,1,1,1,1,Calle 87 Sur X Carrera 65,143
10499,A00000840,oct/08/2018 09:00 a. m.,4,d,Choque,oct/08/2018 09:00 a. m.,1,1,1,1,1,Carrera 48 X Calle 100 Sur,143
10500,A00000776,sept/29/2018 04:50 a. m.,3,d,Choque,sept/29/2018 04:50 a. m.,1,1,1,1,1,Carrera 50 X Calle 55 Sur,143
10501,A00000804,oct/02/2018 06:15 p. m.,3,h,Choque,oct/02/2018 06:15 p. m.,1,1,1,1,1,Carrera 50 X Calle 80 Sur,143
10502,A00000823,oct/09/2018 03:50 p. m.,23,h,Choque,oct/09/2018 03:50 p. m.,1,1,1,1,1,Calle 79 Sur X Carrera 52,143
10503,A00000856,oct/20/2018 01:20 p. m.,3,d,Choque,oct/20/2018 01:20 p. m.,1,1,1,1,1,Carrera 50 X Calle 83B Sur,143
10504,A00000797,oct/02/2018 03:50 a. m.,4,h,Caida Ocupante,oct/02/2018 03:50 a. m.,1,1,1,1,1,Carrera 48 X Calle 79C Sur,143
10505,A00000803,oct/01/2018 08:20 a. m.,27,h,Caida Ocupante,oct/01/2018 08:20 a. m.,1,1,1,1,1,Carrera 62A Sur X Calle 77 Sur,143
10506,A00000806,oct/02/2018 05:30 a. m.,3,h,Caida Ocupante,oct/02/2018 05:30 a. m.,1,1,1,1,1,Carrera 50 X Calle 79B Sur,143
10507,A00000838,oct/14/2018 06:10 p. m.,3,d,Choque,oct/14/2018 06:10 p. m.,1,1,1,1,1,Calle 100 Sur X Carrera 49B,143
10508,A00000355,may/02/2018 05:00 p. m.,3,d,Choque,may/02/2018 05:00 p. m.,1,1,1,1,1,Carrera 49 X Calle 79D Sur,143
10509,A00000809,oct/03/2018 04:25 p. m.,23,h,Otro,oct/03/2018 04:25 p. m.,1,1,1,1,1,Carrera 55 X Calle 80 Sur,143
10510,A00000811,oct/04/2018 11:00 a. m.,5,h,Caida Ocupante,oct/04/2018 11:00 a. m.,1,1,1,1,1,Calle 87 Sur X Carrera 55,143
10511,A00000814,oct/07/2018 09:00 a. m.,12,h,Caida Ocupante,oct/07/2018 09:00 a. m.,1,1,1,1,1,Calle 96B Sur X Carrera 54C,143
10512,A00000825,oct/10/2018 07:15 p. m.,18,h,Caida Ocupante,oct/10/2018 07:15 p. m.,1,1,1,1,1,Calle 77 Sur X Carrera 50A,143
10513,A00000401,may/20/2018 05:10 a. m.,19,h,Caida Ocupante,may/20/2018 05:10 a. m.,1,1,1,1,1,Calle 77 Sur X Carrera 55,143
10514,A00000830,oct/11/2018 06:50 p. m.,19,h,Caida Ocupante,oct/11/2018 06:50 p. m.,1,1,1,1,1,Calle 77 Sur X Carrera 61,143
10515,A00000832,oct/12/2018 06:00 a. m.,2,h,Caida Ocupante,oct/12/2018 06:00 a. m.,1,1,1,1,1,Carrera 50 X Calle 100B Sur,143
10516,A00000834,oct/10/2018 05:58 a. m.,18,h,Caida Ocupante,oct/10/2018 05:58 a. m.,1,1,1,1,1,Calle 77 Sur X Carrera 52,143
10517,A00000839,oct/14/2018 07:20 p. m.,24,h,Caida Ocupante,oct/14/2018 07:20 p. m.,1,1,1,1,1,Carrera 62 X Calle 83 Sur,143
10518,A00000841,oct/13/2018 07:50 p. m.,14,h,Atropello,oct/13/2018 07:50 p. m.,1,1,1,1,1,Carrera 50 X Calle 88A Sur,143
10542,A00000445,may/31/2018 10:40 a. m.,2,h,Otro,may/31/2018 10:40 a. m.,1,1,1,1,1,Carrera 50 X Calle 100 Sur,143
10543,A00000446,may/31/2018 08:40 a. m.,1,h,Caida Ocupante,may/31/2018 08:40 a. m.,1,1,1,1,1,Calle 81 Sur X Carrera 61,140
10544,A00000438,may/31/2018 11:20 a. m.,2,h,Caida Ocupante,may/31/2018 11:20 a. m.,1,1,1,1,1,Carrera 50 X Calle 98 Sur,140
10546,A00000735,sept/10/2018 07:30 a. m.,15,d,Choque,sept/10/2018 07:30 a. m.,1,1,1,1,1,Calle 77 Sur X Carrera 52A,143
10547,A00000858,oct/23/2018 09:30 a. m.,18,d,Choque,oct/23/2018 09:30 a. m.,1,1,1,1,1,Carrera 50 X Calle 77 Sur,143
10553,A00000886,oct/30/2018 01:00 p. m.,1,h,Caida Ocupante,oct/30/2018 01:00 p. m.,1,1,1,1,1,Calle 79 Sur X Carrera 58,140
10554,A00000867,oct/25/2018 07:20 a. m.,3,h,Otro,oct/25/2018 07:20 a. m.,1,1,1,1,1,Carrera 50 X Calle 79 Sur,140
10555,A00000878,oct/27/2018 07:40 a. m.,19,h,Caida Ocupante,oct/27/2018 07:40 a. m.,1,1,1,1,1,Calle 78 Sur X Carrera 57,140
9496,A00001123,dic/11/2017 06:40 a. m.,3,h,Choque,dic/11/2017 06:40 a. m.,1,1,1,1,1,Calle 80 Sur X Carrera 50,143
9497,A00000295,abr/11/2018 01:20 p. m.,20,d,Choque,abr/11/2018 01:20 p. m.,1,1,1,1,1,Calle 80 Sur X Carrera 63,143
9498,A00001183,dic/29/2017 01:00 p. m.,4,d,Choque,dic/29/2017 01:00 p. m.,1,1,1,1,1,Carrera 48 X Calle 98A Sur,143
9499,A00001189,dic/27/2017 02:15 p. m.,4,d,Choque,dic/27/2017 02:15 p. m.,1,2,4,1,1,Carrera 48 X Calle 100 Sur,143
9500,A00001173,dic/26/2017 02:00 p. m.,3,h,Choque,dic/26/2017 02:00 p. m.,1,1,1,13,1,Carrera 50 X Calle 79 Sur,143
9501,A00001161,dic/22/2017 07:10 p. m.,5,d,Choque,dic/22/2017 07:10 p. m.,1,1,1,1,1,Carrera 50AA X Calle 90 Sur,143
9502,A00001172,dic/24/2017 01:20 p. m.,15,d,Choque,dic/24/2017 01:20 p. m.,1,1,1,1,1,Carrera 62 X Calle 74A Sur,143
9503,A00001174,dic/24/2017 09:40 p. m.,13,d,Choque,dic/24/2017 09:40 p. m.,1,1,1,1,1,Carrera 50 X Calle 97 Sur,143
9504,A00001176,dic/16/2017 06:40 p. m.,19,h,Choque,dic/16/2017 06:40 p. m.,1,2,1,1,1,Calle 77 Sur X Carrera 77,143
9505,A00001177,dic/27/2017 05:40 p. m.,3,d,Choque,dic/27/2017 05:40 p. m.,1,1,1,1,1,Carrera 48 X Calle 100 Sur,143
9506,A00001179,dic/28/2017 08:30 a. m.,18,h,Choque,dic/28/2017 08:30 a. m.,1,2,1,1,1,Calle 77 Sur X Carrera 52D,143
9507,A00001034,nov/18/2017 02:20 p. m.,18,d,Choque,nov/18/2017 02:20 p. m.,1,1,1,1,1,Calle 77 Sur X Carrera 50A,143
9510,A00001078,nov/27/2017 05:50 a. m.,3,h,Caida Ocupante,nov/27/2017 05:50 a. m.,1,1,1,1,1,Calle 50 Sur X Carrera 99,142
9511,A00001007,oct/12/2017 11:00 a. m.,23,d,Choque,oct/12/2017 11:00 a. m.,1,1,1,1,1,Calle 79 Sur X Carrera 54A,143
9512,A00001184,dic/29/2017 10:50 a. m.,19,d,Choque,dic/29/2017 10:50 a. m.,1,1,1,1,1,Carrera 54 X Calle 75B Sur,143
9517,A00000012,ene/06/2018 10:35 a. m.,19,d,Choque,ene/06/2018 10:35 a. m.,1,1,1,1,1,Calle 77 Sur X Carrera 59A,143
9518,A00000018,ene/09/2018 07:20 p. m.,3,h,Choque,ene/09/2018 07:20 p. m.,1,1,1,1,2,Carrera 50 X Calle 100B Sur,143
9519,A0000025,ene/10/2018 09:05 a. m.,15,d,Choque,ene/10/2018 09:05 a. m.,1,1,1,1,1,Calle 73 Sur X Carrera 63,143
9520,A0000027,ene/10/2018 05:00 p. m.,23,d,Choque,ene/10/2018 05:00 p. m.,1,2,1,1,1,Calle 79B Sur X Carrera 52,143
9521,A0000028,ene/11/2018 03:55 p. m.,17,d,Choque,ene/11/2018 03:55 p. m.,1,2,1,1,1,Carrera 55 X Calle 79 Sur,143
9522,A00000968,oct/20/2017 07:45 a. m.,24,h,Caida Ocupante,oct/20/2017 07:45 a. m.,1,1,1,1,1,Carrera 60 X Calle 87 Sur,143
9523,A00001143,dic/17/2017 02:00 a. m.,16,h,Choque,dic/17/2017 02:00 a. m.,1,1,1,1,1,Calle 83C Sur X Carrera 55,143
9524,A0000022,ene/06/2018 04:15 p. m.,3,d,Choque,ene/06/2018 04:15 p. m.,1,1,1,1,1,Carrera 48 X Calle 100 Sur,143
6775,A00000264,abr/15/2015 01:20 p. m.,3,h,Choque,abr/15/2015 01:20 p. m.,1,1,1,1,1,Carrera 50 X Calle 100 Sur,143
6776,A000213368,abr/13/2015 01:30 p. m.,3,h,Caida Ocupante,abr/13/2015 01:30 p. m.,1,2,1,1,1,Carrera 50 X Calle 77 Sur,140
6869,A000213483,may/30/2015 06:45 a. m.,4,h,Caida Ocupante,may/30/2015 06:45 a. m.,1,1,1,1,1,Carrera 48 X Calle 79B Sur,140
6948,A000265829,jun/09/2015 06:20 a. m.,4,d,Choque,jun/09/2015 06:20 a. m.,1,1,1,1,1,Carrera 50 X Calle 79C Sur,143
6949,A000265830,jun/10/2015 05:30 p. m.,1,d,Choque,jun/10/2015 05:30 p. m.,1,1,1,1,1,Calle 80 Sur X Carrera 63,143
6950,A000265822,jun/06/2015 03:30 p. m.,1,d,Choque,jun/06/2015 03:30 p. m.,1,1,1,1,1,Carrera 59 X Calle 83A Sur,143
6951,A000265827,jun/10/2015 06:00 p. m.,4,d,Choque,jun/10/2015 06:00 p. m.,1,1,1,1,1,Carrera 48 X Calle 50 Sur,143
6952,A00000437,jun/11/2015 06:25 p. m.,2,h,Atropello,jun/11/2015 06:25 p. m.,1,1,1,1,1,Carrera 50 X Calle 100 Sur,409
6953,A000265836,jun/15/2015 10:00 a. m.,1,d,Choque,jun/15/2015 10:00 a. m.,1,1,1,1,1,Carrera 60 X Calle 83 Sur,143
6954,A000265835,jun/13/2015 08:20 p. m.,13,h,Caida Ocupante,jun/13/2015 08:20 p. m.,1,2,1,1,1,Carrera 50 X Calle 97 Sur,140
7402,A000331281,nov/15/2015 02:30 p. m.,1,h,Atropello,nov/15/2015 02:30 p. m.,1,1,3,1,1,Carrera 60 X Calle 82 Sur,409
7403,A000331279,nov/15/2015 12:50 a. m.,13,h,Caida Ocupante,nov/15/2015 12:50 a. m.,1,2,1,1,1,Carrera 50 X Calle 97 Sur,140
7404,A000331284,nov/16/2015 05:40 p. m.,23,h,Choque,nov/16/2015 05:40 p. m.,1,2,1,1,1,Calle 79C Sur X Carrera 55,143
7405,A000331278,nov/14/2015 09:45 p. m.,4,h,Caida Ocupante,nov/14/2015 09:45 p. m.,1,2,1,1,1,Carrera 48 X Calle 79C Sur,140
7485,A000331331,dic/04/2015 10:40 a. m.,3,d,Choque,dic/04/2015 10:40 a. m.,1,1,1,1,1,Carrera 50 X Calle 88 Sur,143
7486,A000331332,dic/04/2015 11:10 a. m.,4,d,Choque,dic/04/2015 11:10 a. m.,1,2,1,1,1,Carrera 48 X Calle 97 Sur,143
7487,A000331348,dic/11/2015 11:30 a. m.,14,d,Choque,dic/11/2015 11:30 a. m.,1,1,1,1,1,Calle 84 Sur X Carrera 55DD,143
7488,A000331346,dic/11/2015 06:00 p. m.,3,h,Caida Ocupante,dic/11/2015 06:00 p. m.,1,2,1,1,1,Carrera 50 X Calle 80 Sur,140
7489,A00000975,dic/09/2015 08:00 a. m.,27,h,Choque,dic/09/2015 08:00 a. m.,1,1,1,1,1,Carrera 54 X Calle 75 Sur,143
7490,A000331341,dic/09/2015 04:30 a. m.,3,h,Caida Ocupante,dic/09/2015 04:30 a. m.,1,2,1,1,1,Carrera 50 X Calle 79C Sur,140
7491,A000331353,dic/13/2015 04:00 a. m.,15,h,Choque,dic/13/2015 04:00 a. m.,1,1,1,1,1,Carrera 62 X Calle 74 Sur,140
7492,A000331350,dic/12/2015 01:00 p. m.,3,h,Caida Ocupante,dic/12/2015 01:00 p. m.,1,1,1,1,1,Carrera 50 X Calle 96 Sur,140
7493,A000331352,dic/12/2015 05:00 p. m.,12,h,Atropello,dic/12/2015 05:00 p. m.,1,1,1,1,1,Carrera 59 X Calle 95A Sur,143
7494,A000331349,dic/10/2015 10:00 a. m.,1,d,Choque,dic/10/2015 10:00 a. m.,1,1,1,1,1,Carrera 59 X Calle 80 Sur,143
7495,A000331351,dic/12/2015 06:50 p. m.,23,d,Choque,dic/12/2015 06:50 p. m.,1,2,1,1,1,Carrera 55 X Calle 79 Sur,143
7496,A00000739,sept/19/2015 11:50 a. m.,4,d,Choque,sept/19/2015 11:50 a. m.,1,2,1,1,1,Carrera 48 X Calle 99 Sur,143
7497,A000331329,dic/04/2015 09:30 p. m.,3,h,Caida Ocupante,dic/04/2015 09:30 p. m.,1,1,1,1,1,Carrera 50 X Calle 97 Sur,140
7501,A000331345,dic/11/2015 10:00 p. m.,5,h,Atropello,dic/11/2015 10:00 p. m.,1,1,1,1,1,Calle 95 Sur X Carrera 57,409
7502,A00000995,dic/13/2015 08:20 p. m.,2,h,Choque,dic/13/2015 08:20 p. m.,1,2,1,1,1,Carrera 50 X Calle 96 Sur,143
7503,A000331356,dic/12/2015 12:30 p. m.,27,d,Choque,dic/12/2015 12:30 p. m.,1,1,1,1,1,Carrera 54 X Calle 75AA Sur,143
6734,A000213361,abr/06/2015 06:50 a. m.,17,h,Atropello,abr/06/2015 06:50 a. m.,1,2,1,1,1,Calle 80 Sur X Carrera 52,409
6735,A000213359,abr/09/2015 11:00 p. m.,2,h,Caida Ocupante,abr/09/2015 11:00 p. m.,1,1,1,1,1,Carrera 50 X Calle 99 Sur,140
6736,A00000232,abr/01/2015 06:50 a. m.,18,h,Choque,abr/01/2015 06:50 a. m.,1,1,1,1,1,Carrera 53 X Calle 77 Sur,143
6737,A000213328,mar/27/2015 10:00 a. m.,3,d,Choque,mar/27/2015 10:00 a. m.,1,2,1,1,1,Carrera 50 X Calle 79B Sur,143
6738,A000213326,mar/26/2015 11:20 a. m.,1,h,Choque,mar/26/2015 11:20 a. m.,1,1,1,1,1,Calle 82 Sur X Carrera 60,143
6739,A000213334,mar/30/2015 06:24 p. m.,19,h,Atropello,mar/30/2015 06:24 p. m.,1,1,1,1,1,Calle 77 Sur X Carrera 55,409
6740,A000213331,mar/28/2015 09:10 p. m.,16,h,Caida Ocupante,mar/28/2015 09:10 p. m.,1,1,1,1,1,Calle 83 Sur X Carrera 57,140
6741,A00000195,mar/18/2015 05:30 a. m.,3,h,Atropello,mar/18/2015 05:30 a. m.,1,1,1,1,1,Carrera 50 X Calle 79 Sur,409