NRO_RADICADO,NUMERO_EXPEDIENTE,FECHA_ACCIDENTE,ID_ZONA,GRAVEDAD,DESC_CLASE_ACCIDENTE,HORA_ACCIDENTE,AREA,SECTOR,ZONA,DISENO,ESTADO_TIEMPO,VIA_ACCID,POSIBLE_CAUSA
6742,A000213348,abr/04/2015 06:00 p. m.,1,h,Caida Ocupante,abr/04/2015 06:00 p. m.,1,1,1,1,1,Carrera 59 X Calle 82 Sur,140
6743,A000213310,mar/20/2015 01:30 p. m.,14,h,Caida Ocupante,mar/20/2015 01:30 p. m.,1,1,1,1,1,Carrera 55 X Calle 85 Sur,140
6960,A000265843,jun/16/2015 11:40 a. m.,27,h,Caida Ocupante,jun/16/2015 11:40 a. m.,1,1,1,1,1,Carrera 54 X Calle 75AA Sur,140
6961,A000265840,jun/15/2015 01:40 a. m.,4,h,Caida Ocupante,jun/15/2015 01:40 a. m.,1,2,1,1,1,Carrera 48 X Calle 100 Sur,140
6962,A000265839,jun/14/2015 11:50 p. m.,1,h,Caida Ocupante,jun/14/2015 11:50 p. m.,1,1,1,1,1,Carrera 61 X Calle 79 Sur,140
6963,A00000451,jun/19/2015 08:33 a. m.,14,h,Choque,jun/19/2015 08:33 a. m.,1,1,1,1,1,Carrera 55 X Calle 87 Sur,143
6964,A000265846,jun/17/2015 01:50 p. m.,1,h,Choque,jun/17/2015 01:50 p. m.,1,1,1,1,1,Carrera 62 X Calle 83 Sur,143
6965,A000265842,jun/15/2015 03:15 p. m.,6,h,Choque,jun/15/2015 03:15 p. m.,1,1,1,1,1,Carrera 55 X Calle 88 Sur,143
6966,A000265838,jun/12/2015 12:30 a. m.,19,h,Caida Ocupante,jun/12/2015 12:30 a. m.,1,2,1,1,1,Carrera 50 X Calle 77 Sur,140
6967,A000265844,jun/16/2015 12:30 p. m.,1,h,Atropello,jun/16/2015 12:30 p. m.,1,1,1,1,1,Calle 79 Sur X Carrera 60,409
7136,A000265990,ago/08/2015 08:00 p. m.,3,h,Caida Ocupante,ago/08/2015 08:00 p. m.,1,1,1,2,1,Carrera 50 X Calle 79 Sur,140
7137,A00000601,ago/05/2015 09:30 a. m.,19,h,Otro,ago/05/2015 09:30 a. m.,1,1,1,1,1,Calle 77 Sur X Carrera 56,143
7138,A00000614,ago/05/2015 10:20 p. m.,23,d,Choque,ago/05/2015 10:20 p. m.,1,1,1,1,1,Calle 79 Sur X Carrera 53,143
6865,A000213472,may/25/2015 09:10 a. m.,3,d,Choque,may/25/2015 09:10 a. m.,1,1,1,1,1,Carrera 50 X Calle 95 Sur,143
6866,A00000385,may/26/2015 08:40 p. m.,18,h,Otro,may/26/2015 08:40 p. m.,1,1,1,1,1,Carrera 50 X Calle 77 Sur,140
6867,A000213481,may/29/2015 03:30 p. m.,19,h,Atropello,may/29/2015 03:30 p. m.,1,1,1,1,1,Calle 77 Sur X Carrera 56,409
6868,A000213482,may/30/2015 06:05 p. m.,5,h,Choque,may/30/2015 06:05 p. m.,1,1,1,1,1,Calle 90 Sur X Carrera 55,140
6870,A000213479,may/27/2015 04:25 p. m.,14,h,Choque,may/27/2015 04:25 p. m.,1,2,1,1,1,Carrera 50 X Calle 83 Sur,143
6871,A000213480,may/29/2015 07:40 a. m.,23,h,Caida Ocupante,may/29/2015 07:40 a. m.,1,2,1,1,1,Calle 79 Sur X Carrera 52A,140
6872,A000213473,may/25/2015 06:10 a. m.,14,h,Choque,may/25/2015 06:10 a. m.,1,1,1,1,1,Calle 87 Sur X Carrera 59,143
6873,A000213424,may/08/2015 02:40 p. m.,1,h,Choque,may/08/2015 02:40 p. m.,1,1,1,2,1,Carrera 61 X Calle 82 Sur,143
6874,A000213486,may/30/2015 03:10 p. m.,3,h,Atropello,may/30/2015 03:10 p. m.,1,1,1,1,1,Carrera 50 X Calle 78 Sur,409
6875,A000213487,may/31/2015 12:50 p. m.,1,d,Choque,may/31/2015 12:50 p. m.,1,1,1,1,1,Carrera 60 X Calle 77 Sur,143
6876,A000213468,may/23/2015 05:00 p. m.,19,d,Choque,may/23/2015 05:00 p. m.,1,1,1,1,1,Calle 77 Sur X Carrera 54,143
6909,A000265805,may/28/2015 11:50 a. m.,15,h,Caida Ocupante,may/28/2015 11:50 a. m.,1,1,1,1,1,Carrera 63 X Calle 74 Sur,140
6910,A000213467,may/22/2015 10:20 a. m.,4,h,Volcamiento,may/22/2015 10:20 a. m.,1,1,1,1,1,Carrera 48 X Calle 98 Sur,140
6911,A0000258,abr/12/2015 02:20 p. m.,1,h,Otro,abr/12/2015 02:20 p. m.,1,1,1,1,1,Calle 80 Sur X Carrera 50,140
6912,A00000265,abr/15/2015 05:15 p. m.,3,d,Otro,abr/15/2015 05:15 p. m.,1,1,1,1,1,Carrera 50 X Calle 91 Sur,140
6913,A000213380,abr/22/2015 06:30 a. m.,3,h,Choque,abr/22/2015 06:30 a. m.,1,1,1,1,1,Carrera 50 X Calle 92 Sur,140
6914,A000213384,abr/23/2015 12:10 p. m.,1,d,Choque,abr/23/2015 12:10 p. m.,1,1,1,1,1,Carrera 61 X Calle 77 Sur,143
6915,A000213416,may/06/2015 04:00 p. m.,3,h,Caida Ocupante,may/06/2015 04:00 p. m.,1,1,1,1,1,Carrera 50 X Calle 93 Sur,140
6916,A000213419,may/07/2015 01:15 p. m.,3,d,Choque,may/07/2015 01:15 p. m.,1,1,1,1,1,Carrera 50 X Calle 77 Sur,143
6917,A000213466,may/21/2015 08:40 a. m.,4,d,Choque,may/21/2015 08:40 a. m.,1,1,1,1,1,Carrera 48 X Calle 79C Sur,143
6918,A000213405,abr/30/2015 06:00 p. m.,3,d,Choque,abr/30/2015 06:00 p. m.,1,1,1,1,1,Carrera 50 X Calle 97 Sur,143
6968,A000265855,jun/23/2015 04:40 p. m.,4,h,Choque,jun/23/2015 04:40 p. m.,1,2,1,1,1,Carrera 48 X Calle 100 Sur,143
6969,A000265854,jun/20/2015 02:00 a. m.,12,h,Atropello,jun/20/2015 02:00 a. m.,1,1,1,1,1,Calle 96 Sur X Carrera 50,409
6970,A000265853,jun/22/2015 03:00 p. m.,3,h,Caida Ocupante,jun/22/2015 03:00 p. m.,1,2,1,1,1,Calle 80 Sur X Carrera 50,140
6971,A000265849,jun/19/2015 05:25 p. m.,2,h,Choque,jun/19/2015 05:25 p. m.,1,2,1,1,1,Carrera 50 X Calle 101 Sur,143
6972,A000265841,jun/16/2015 06:50 a. m.,4,h,Choque,jun/16/2015 06:50 a. m.,1,2,1,1,1,Carrera 48 X Calle 98 Sur,143
6973,A000265856,jun/24/2015 12:15 p. m.,4,h,Caida Ocupante,jun/24/2015 12:15 p. m.,1,2,1,1,1,Carrera 48 X Calle 97 Sur,140
6974,A000265848,jun/19/2015 06:50 a. m.,18,h,Atropello,jun/19/2015 06:50 a. m.,1,2,1,1,1,Carrera 50 X Calle 77 Sur,409
7045,A000265944,jul/22/2015 07:50 a. m.,3,d,Choque,jul/22/2015 07:50 a. m.,1,2,1,1,1,Carrera 50 X Calle 77 Sur,143
7046,A000265935,jul/17/2015 12:10 p. m.,3,d,Choque,jul/17/2015 12:10 p. m.,1,2,1,1,1,Carrera 50 X Calle 79 Sur,143
7047,A000265931,jul/17/2015 05:50 p. m.,4,h,Choque,jul/17/2015 05:50 p. m.,1,1,1,1,1,Carrera 48 X Calle 98 Sur,143
7420,A000331289,nov/19/2015 10:50 a. m.,22,h,Choque,nov/19/2015 10:50 a. m.,1,1,1,1,1,Calle 82 Sur X Carrera 59,143
7421,A000331288,nov/18/2015 04:00 p. m.,4,h,Choque,nov/18/2015 04:00 p. m.,1,2,1,1,1,Carrera 50 X Calle 79C Sur,143
7422,A000331296,nov/22/2015 12:00 p. m.,3,h,Choque,nov/22/2015 12:00 p. m.,1,2,1,2,1,Carrera 50 X Calle 97B Sur,143
7423,A000331299,nov/25/2015 05:20 p. m.,3,d,Choque,nov/25/2015 05:20 p. m.,1,2,1,1,1,Carrera 50 X Calle 79 Sur,143
7424,A000331300,nov/25/2015 06:00 p. m.,22,d,Choque,nov/25/2015 06:00 p. m.,1,1,1,1,1,Calle 82 Sur X Carrera 57,143
7425,A000331298,nov/24/2015 07:50 a. m.,3,h,Atropello,nov/24/2015 07:50 a. m.,1,2,1,1,1,Calle 83A Sur X Carrera 50A,409
7426,A00000927,nov/26/2015 05:40 a. m.,2,h,Atropello,nov/26/2015 05:40 a. m.,1,1,1,1,1,Carrera 50 X Calle 99 Sur,409
7427,A000331301,nov/24/2015 10:20 a. m.,3,h,Choque,nov/24/2015 10:20 a. m.,1,1,1,1,1,Carrera 50 X Calle 91 Sur,143
7471,A000331323,nov/30/2015 12:35 p. m.,3,d,Choque,nov/30/2015 12:35 p. m.,1,2,1,1,1,Carrera 50 X Calle 79B Sur,143
7472,A000331311,nov/27/2015 07:11 p. m.,19,d,Choque,nov/27/2015 07:11 p. m.,1,1,1,1,1,Carrera 57 X Calle 77 Sur,140
7473,A000331324,dic/02/2015 07:15 a. m.,4,h,Choque,dic/02/2015 07:15 a. m.,1,2,1,1,1,Carrera 48 X Calle 99 Sur,143
7474,A000331325,dic/02/2015 09:00 p. m.,22,h,Choque,dic/02/2015 09:00 p. m.,1,1,1,1,1,Carrera 57 X Calle 82 Sur,143
7475,A000331335,dic/08/2015 03:10 a. m.,7,h,Caida Ocupante,dic/08/2015 03:10 a. m.,1,1,1,1,1,Calle 82 Sur X Carrera 56,140
7476,A000331327,dic/06/2015 02:50 p. m.,3,h,Caida Ocupante,dic/06/2015 02:50 p. m.,1,1,1,1,1,Carrera 50 X Calle 79C Sur,140
7510,A000331344,dic/11/2015 05:10 p. m.,23,d,Choque,dic/11/2015 05:10 p. m.,1,2,1,1,1,Carrera 54 X Calle 80 Sur,143
7511,A000331334,dic/07/2015 02:10 p. m.,3,d,Choque,dic/07/2015 02:10 p. m.,1,2,1,1,1,Carrera 50 X Calle 79 Sur,143
7518,A000331361,dic/16/2015 07:40 p. m.,3,d,Choque,dic/16/2015 07:40 p. m.,1,2,1,2,1,Calle 79 Sur X Carrera 50,143
7519,A000331370,dic/21/2015 01:00 p. m.,13,d,Choque,dic/21/2015 01:00 p. m.,1,2,1,1,1,Carrera 50 X Calle 96A Sur,143
7520,A00001003,dic/18/2015 11:30 a. m.,3,h,Choque,dic/18/2015 11:30 a. m.,1,1,1,1,1,Carrera 50 X Calle 98A Sur,143
7521,A000331368,dic/20/2015 06:10 a. m.,6,d,Choque,dic/20/2015 06:10 a. m.,1,2,1,1,1,Carrera 55 X Calle 83C Sur,140
7522,A000331365,dic/18/2015 04:00 p. m.,17,h,Caida Ocupante,dic/18/2015 04:00 p. m.,1,1,1,1,1,Calle 80 Sur X Carrera 59,140
7716,A000419393,feb/19/2016 08:30 a. m.,20,h,Caida Ocupante,feb/19/2016 08:30 a. m.,1,1,1,1,1,Calle 80 Sur X Carrera 62,140
7717,A000419394,feb/19/2016 03:10 p. m.,3,h,Choque,feb/19/2016 03:10 p. m.,1,2,1,1,1,Carrera 50 X Calle 97B Sur,143
7718,A000419408,feb/23/2016 03:50 p. m.,14,h,Choque,feb/23/2016 03:50 p. m.,1,1,1,1,1,Carrera 50 X Calle 89 Sur,143
7753,A000419422,mar/03/2016 01:00 p. m.,4,h,Choque,mar/03/2016 01:00 p. m.,1,1,1,1,1,Carrera 48 X Calle 98 Sur,143
7754,A000419428,mar/02/2016 10:30 a. m.,2,d,Choque,mar/02/2016 10:30 a. m.,1,1,1,1,1,Carrera 50 X Calle 100 Sur,140
7803,A000419481,mar/21/2016 08:34 p. m.,3,h,Caida Ocupante,mar/21/2016 08:34 p. m.,1,1,1,1,1,Carrera 50 X Calle 83C Sur,140
7804,A000419471,mar/14/2016 08:30 p. m.,4,d,Choque,mar/14/2016 08:30 p. m.,1,2,1,1,1,Carrera 48 X Calle 100B Sur,140
7805,A000419479,mar/19/2016 06:00 a. m.,6,h,Volcamiento,mar/19/2016 06:00 a. m.,1,1,1,1,1,Calle 82 Sur X Carrera 55,143
7806,A00000243,mar/16/2016 08:15 p. m.,3,h,Atropello,mar/16/2016 08:15 p. m.,1,1,1,1,1,Carrera 50 X Calle 90 Sur,409
7807,A000419474,mar/18/2016 07:15 p. m.,3,h,Caida Ocupante,mar/18/2016 07:15 p. m.,1,2,1,1,1,Carrera 50 X Calle 79 Sur,140
7808,A000419491,mar/29/2016 06:10 a. m.,12,h,Caida Ocupante,mar/29/2016 06:10 a. m.,1,1,1,1,1,Carrera 50 X Calle 96B Sur,140
7809,A000419472,mar/16/2016 06:00 a. m.,12,h,Caida Ocupante,mar/16/2016 06:00 a. m.,1,1,1,1,1,Carrera 52 X Calle 96 Sur,140
7810,A00000242,mar/15/2016 08:00 a. m.,17,d,Otro,mar/15/2016 08:00 a. m.,1,1,1,1,1,Calle 80 Sur X Carrera 56D,143
7811,A000419482,mar/22/2016 01:30 p. m.,19,h,Choque,mar/22/2016 01:30 p. m.,1,1,1,1,1,Calle 75A Sur X Carrera 59,143
7842,A000419500,abr/01/2016 10:00 p. m.,1,h,Caida Ocupante,abr/01/2016 10:00 p. m.,1,1,1,1,1,Carrera 60 X Calle 82B Sur,140
7843,A000419506,abr/05/2016 10:00 a. m.,19,d,Choque,abr/05/2016 10:00 a. m.,1,1,1,1,1,Carrera 60 X Calle 77 Sur,143
7844,A000419510,abr/02/2016 02:00 p. m.,3,d,Choque,abr/02/2016 02:00 p. m.,1,2,1,1,1,Carrera 50 X Calle 79 Sur,143
7845,A000419507,abr/05/2016 03:30 p. m.,3,d,Choque,abr/05/2016 03:30 p. m.,1,1,1,1,1,Carrera 50 X Calle 96 Sur,143
7848,A000420882,abr/06/2016 12:10 p. m.,14,d,Choque,abr/06/2016 12:10 p. m.,1,2,1,1,1,Carrera 50 X Calle 83 Sur,143
7849,A000420883,abr/05/2016 08:30 a. m.,3,h,Caida Ocupante,abr/05/2016 08:30 a. m.,1,2,1,1,1,Carrera 50 X Calle 98 Sur,140
7850,A000420885,abr/07/2016 07:40 a. m.,4,h,Caida Ocupante,abr/07/2016 07:40 a. m.,1,1,1,1,1,Carrera 49 X Calle 100 Sur,140
7851,A000420886,abr/07/2016 06:50 a. m.,5,h,Caida Ocupante,abr/07/2016 06:50 a. m.,1,1,1,1,1,Calle 88 Sur X Carrera 52,140
7852,A000420888,abr/08/2016 05:50 a. m.,22,d,Choque,abr/08/2016 05:50 a. m.,1,1,1,2,1,Carrera 59 X Calle 82 Sur,143
7853,A000420884,abr/06/2016 06:45 a. m.,3,d,Choque,abr/06/2016 06:45 a. m.,1,1,1,1,1,Carrera 50 X Calle 89 Sur,143
7854,A000420887,abr/06/2016 05:40 a. m.,4,d,Choque,abr/06/2016 05:40 a. m.,1,2,1,1,1,Carrera 48 X Calle 98A Sur,143
7871,A000420909,abr/19/2016 08:30 a. m.,15,h,Caida Ocupante,abr/19/2016 08:30 a. m.,1,1,1,1,1,Calle 73 Sur X Carrera 64,140
7872,A000420906,abr/18/2016 06:30 p. m.,6,h,Caida Ocupante,abr/18/2016 06:30 p. m.,1,1,1,1,1,Calle 80 Sur X Carrera 55,140
7873,A000420916,abr/19/2016 09:45 p. m.,20,d,Choque,abr/19/2016 09:45 p. m.,1,1,1,1,1,Calle 80 Sur X Carrera 62,143
7874,A000420904,abr/17/2016 11:20 a. m.,19,d,Otro,abr/17/2016 11:20 a. m.,1,1,1,1,1,Calle 76 Sur X Carrera 57,143
7875,A000420910,abr/19/2016 02:40 p. m.,14,d,Choque,abr/19/2016 02:40 p. m.,1,2,1,1,1,Carrera 50 X Calle 79C Sur,143
7952,A000420976,may/14/2016 03:05 p. m.,17,h,Atropello,may/14/2016 03:05 p. m.,1,1,1,1,1,Calle 80 Sur X Carrera 57C,409
8288,A00000733,sept/03/2016 02:00 p. m.,3,h,Choque,sept/03/2016 02:00 p. m.,1,1,1,1,1,Carrera 50 X Calle 80 Sur,143
8289,A000459097,ago/29/2016 03:00 p. m.,14,d,Choque,ago/29/2016 03:00 p. m.,1,1,1,1,1,Calle 87 Sur X Carrera 55,143
8290,A00000734,sept/01/2016 06:40 a. m.,4,h,Atropello,sept/01/2016 06:40 a. m.,1,1,1,1,1,Carrera 48 X Calle 100B Sur,409
8291,A00000730,sept/03/2016 10:00 a. m.,3,d,Choque,sept/03/2016 10:00 a. m.,1,1,1,1,1,Carrera 50 X Calle 80 Sur,143
8292,A00000728,ago/29/2016 10:30 a. m.,2,d,Choque,ago/29/2016 10:30 a. m.,1,1,1,1,1,Carrera 50 X Calle 100B Sur,143
8293,A00000731,sept/03/2016 09:00 a. m.,15,h,Choque,sept/03/2016 09:00 a. m.,1,1,1,1,1,Carrera 62 X Calle 76 Sur,143
8311,A00000747,sept/06/2016 08:00 p. m.,18,d,Choque,sept/06/2016 08:00 p. m.,1,1,1,2,1,Carrera 52D X Calle 75AB Sur,143
8312,A00000748,sept/07/2016 07:40 a. m.,3,h,Caida Ocupante,sept/07/2016 07:40 a. m.,1,1,1,1,1,Carrera 50 X Calle 97A Sur,140
8313,A00000754,sept/08/2016 06:50 a. m.,2,d,Choque,sept/08/2016 06:50 a. m.,1,1,1,1,1,Carrera 50 X Calle 96A Sur,143
8314,A00000755,sept/08/2016 07:00 a. m.,12,h,Choque,sept/08/2016 07:00 a. m.,1,1,1,1,1,Carrera 50 X Calle 94 Sur,143
8315,A00000756,sept/11/2016 09:50 a. m.,19,d,Choque,sept/11/2016 09:50 a. m.,1,1,1,1,1,Carrera 56D X Calle 76 Sur,143
8316,A00000757,sept/05/2016 06:30 p. m.,17,d,Choque,sept/05/2016 06:30 p. m.,1,1,1,1,1,Carrera 56c X Calle 80 Sur,143
8317,A00000752,sept/06/2016 01:30 p. m.,3,d,Choque,sept/06/2016 01:30 p. m.,1,1,1,1,1,Carrera 50 X Calle 91 Sur,143
8318,A00000758,sept/05/2016 08:20 p. m.,3,h,Choque,sept/05/2016 08:20 p. m.,1,1,1,1,1,Carrera 50 X Calle 92 Sur,143
8319,A00000761,sept/12/2016 02:20 p. m.,3,h,Volcamiento,sept/12/2016 02:20 p. m.,1,1,1,1,1,Calle 94 Sur X Carrera 50,140
8320,A00000759,sept/08/2016 12:40 p. m.,4,h,Choque,sept/08/2016 12:40 p. m.,1,1,1,1,1,Carrera 48 X Calle 98 Sur,143
8321,A00000762,sept/12/2016 05:05 p. m.,17,d,Choque,sept/12/2016 05:05 p. m.,1,1,1,1,1,Calle 80 Sur X Carrera 59,143
8337,A00000771,sept/14/2016 12:20 p. m.,4,d,Choque,sept/14/2016 12:20 p. m.,1,1,1,1,1,Carrera 48 X Calle 98 Sur,143
8203,A000459011,ago/02/2016 07:00 a. m.,16,h,Caida Ocupante,ago/02/2016 07:00 a. m.,1,1,1,1,1,Carrera 56 X Calle 83 Sur,140
8204,A000459012,ago/01/2016 11:00 p. m.,2,h,Choque,ago/01/2016 11:00 p. m.,1,1,1,1,1,Carrera 50 X Calle 98 Sur,143
8205,A000459013,ago/02/2016 10:50 a. m.,3,d,Choque,ago/02/2016 10:50 a. m.,1,1,1,1,1,Carrera 50 X Calle 79 Sur,143
8206,A000459025,ago/04/2016 01:50 p. m.,22,h,Caida Ocupante,ago/04/2016 01:50 p. m.,1,1,1,1,1,Calle 82A Sur X Carrera 57B,140
8207,A000459026,ago/04/2016 06:40 a. m.,19,d,Choque,ago/04/2016 06:40 a. m.,1,1,1,1,1,Carrera 58 X Calle 77 Sur,143
8208,A000459035,ago/06/2016 07:20 a. m.,3,h,Caida Ocupante,ago/06/2016 07:20 a. m.,1,1,1,1,1,Carrera 50 X Calle 79 Sur,140
8209,A000459027,ago/04/2016 05:50 a. m.,23,h,Choque,ago/04/2016 05:50 a. m.,1,1,1,2,1,Carrera 53 X Calle 77 Sur,143
8210,A000459022,ago/03/2016 04:40 p. m.,3,h,Atropello,ago/03/2016 04:40 p. m.,1,1,1,1,1,Carrera 50 X Calle 97B Sur,409
8211,A000459024,ago/04/2016 10:20 a. m.,1,d,Choque,ago/04/2016 10:20 a. m.,1,1,1,1,1,Calle 79 Sur X Carrera 60,143
8212,A000459023,ago/03/2016 06:10 a. m.,2,h,Choque,ago/03/2016 06:10 a. m.,1,1,1,1,1,Carrera 50 X Calle 101 Sur,143
8217,A000459041,ago/09/2016 07:50 p. m.,19,d,Choque,ago/09/2016 07:50 p. m.,1,1,1,2,1,Carrera 60 X Calle 77 Sur,143
8218,A000459043,ago/10/2016 01:50 p. m.,14,h,Choque,ago/10/2016 01:50 p. m.,1,1,1,1,1,Carrera 50 X Calle 80 Sur,143
8219,A000459044,ago/10/2016 12:40 p. m.,23,h,Choque,ago/10/2016 12:40 p. m.,1,1,1,2,1,Carrera 53 X Calle 77 Sur,143
8220,A000459045,ago/09/2016 07:10 p. m.,2,d,Choque,ago/09/2016 07:10 p. m.,1,1,1,2,1,Carrera 51 X Calle 98B Sur,143
8221,A000459046,ago/10/2016 08:10 p. m.,2,h,Choque,ago/10/2016 08:10 p. m.,1,1,1,1,1,Carrera 50 X Calle 94 Sur,143
8222,A000459047,ago/07/2016 10:10 p. m.,19,h,Caida Ocupante,ago/07/2016 10:10 p. m.,1,1,1,1,1,Calle 76B Sur X Carrera 56,140
8223,A000459048,ago/10/2016 11:10 p. m.,24,h,Caida Ocupante,ago/10/2016 11:10 p. m.,1,1,1,1,1,Carrera 62 X Calle 86 Sur,140
8224,A000459049,ago/11/2016 05:30 p. m.,3,d,Choque,ago/11/2016 05:30 p. m.,1,1,1,1,1,Carrera 50 X Calle 79C Sur,143
8233,A00000674,ago/13/2016 06:20 p. m.,17,h,Choque,ago/13/2016 06:20 p. m.,1,1,1,1,1,Calle 80 Sur X Carrera 55B,143
8234,A000459030,ago/03/2016 06:00 a. m.,4,h,Volcamiento,ago/03/2016 06:00 a. m.,1,1,1,1,1,Carrera 48 X Calle 98 Sur,143
8235,A000459038,ago/05/2016 07:55 a. m.,3,h,Choque,ago/05/2016 07:55 a. m.,1,1,1,1,1,Carrera 50 X Calle 96 Sur,143
8236,A000459036,ago/07/2016 05:10 a. m.,3,d,Choque,ago/07/2016 05:10 a. m.,1,1,1,1,1,Carrera 50 X Calle 79 Sur,143
8237,A00000660,ago/08/2016 01:00 p. m.,2,h,Choque,ago/08/2016 01:00 p. m.,1,1,1,1,1,Carrera 51 X Calle 100B Sur,143
8238,A000459042,ago/09/2016 07:20 p. m.,19,d,Choque,ago/09/2016 07:20 p. m.,1,1,1,2,1,Carrera 60 X Calle 77 Sur,143
8239,A000459037,ago/08/2016 01:40 p. m.,24,d,Choque,ago/08/2016 01:40 p. m.,1,1,1,1,1,Carrera 62 X Calle 87 Sur,143
8240,A000459057,ago/16/2016 05:40 p. m.,2,h,Choque,ago/16/2016 05:40 p. m.,1,1,1,1,1,Carrera 48 X Calle 97 Sur,143
8241,A000459058,ago/17/2016 06:20 a. m.,2,h,Caida Ocupante,ago/17/2016 06:20 a. m.,1,1,1,1,1,Carrera 50 X Calle 100 Sur,140
8242,A000459060,ago/18/2016 09:30 p. m.,2,h,Caida Ocupante,ago/18/2016 09:30 p. m.,1,1,1,1,1,Carrera 50 X Calle 98 Sur,140
8243,A000459061,ago/18/2016 07:30 p. m.,11,d,Choque,ago/18/2016 07:30 p. m.,1,1,1,1,1,Carrera 66 X Calle 76 Sur,143
8244,A000459059,ago/18/2016 07:30 a. m.,15,h,Caida Ocupante,ago/18/2016 07:30 a. m.,1,1,1,1,1,Carrera 62 X Calle 75AA Sur,140
8246,A000459040,ago/09/2016 06:20 p. m.,27,h,Caida Ocupante,ago/09/2016 06:20 p. m.,1,1,1,1,1,Carrera 54 X Calle 75 Sur,140
8247,A000459063,ago/18/2016 07:20 p. m.,18,d,Choque,ago/18/2016 07:20 p. m.,1,1,1,1,1,Carrera 52A X Calle 78 Sur,143
8248,A000459065,ago/18/2016 05:20 p. m.,15,h,Choque,ago/18/2016 05:20 p. m.,1,1,1,1,1,Carrera 62A X Calle 75AA Sur,143
8249,A000459070,ago/22/2016 02:40 p. m.,23,d,Choque,ago/22/2016 02:40 p. m.,1,1,1,1,1,Carrera 54 X Calle 75A Sur,143
7504,A000331326,dic/05/2015 06:30 a. m.,12,h,Choque,dic/05/2015 06:30 a. m.,1,2,1,1,1,Carrera 50 X Calle 96A Sur,143
7505,A00000974,dic/05/2015 10:30 p. m.,3,h,Choque,dic/05/2015 10:30 p. m.,1,1,1,1,1,Carrera 50 X Calle 95 Sur,140
7506,A00000994,dic/15/2015 01:20 a. m.,2,d,Choque,dic/15/2015 01:20 a. m.,1,2,1,1,1,Carrera 48 X Calle 99 Sur,140
7540,A000331386,dic/26/2015 12:40 p. m.,15,h,Choque,dic/26/2015 12:40 p. m.,1,1,1,1,1,Calle 73 Sur X Carrera 64,143
7541,A000331380,dic/25/2015 03:55 p. m.,4,h,Choque,dic/25/2015 03:55 p. m.,1,2,1,1,1,Carrera 48 X Calle 79C Sur,143
7542,A000331375,dic/21/2015 08:10 p. m.,24,d,Choque,dic/21/2015 08:10 p. m.,1,1,1,1,1,Carrera 65A X Calle 87 Sur,143
7543,A000331374,dic/20/2015 09:00 p. m.,4,d,Choque,dic/20/2015 09:00 p. m.,1,2,1,1,1,Carrera 48 X Calle 79C Sur,143
7544,A000331376,dic/24/2015 04:20 p. m.,3,d,Choque,dic/24/2015 04:20 p. m.,1,1,1,1,1,Carrera 50 X Calle 79 Sur,143
7545,A000331379,dic/24/2015 12:20 a. m.,18,d,Choque,dic/24/2015 12:20 a. m.,1,1,1,1,1,Carrera 75AB X Calle 52 Sur,143
7546,A000331382,dic/25/2015 09:30 a. m.,11,d,Choque,dic/25/2015 09:30 a. m.,1,1,1,1,1,Carrera 66 X Calle 75 Sur,143
7547,A000331383,dic/26/2015 02:50 p. m.,4,d,Choque,dic/26/2015 02:50 p. m.,1,1,1,1,1,Carrera 50 X Calle 78 Sur,143
7564,A000331395,ene/04/2016 11:40 a. m.,19,h,Choque,ene/04/2016 11:40 a. m.,1,1,1,1,1,Carrera 54 X Calle 77 Sur,143
7565,A000331396,ene/04/2016 02:40 p. m.,4,d,Choque,ene/04/2016 02:40 p. m.,1,2,1,1,1,Carrera 48 X Calle 98 Sur,143
7567,A000331400,ene/06/2016 02:50 p. m.,18,h,Caida Ocupante,ene/06/2016 02:50 p. m.,1,2,1,1,1,Carrera 50 X Calle 77 Sur,140
7568,A000331409,ene/11/2016 08:30 p. m.,11,h,Caida Ocupante,ene/11/2016 08:30 p. m.,1,1,1,1,1,Calle 75 Sur X Carrera 65,140
7569,A000331401,ene/06/2016 05:40 p. m.,23,d,Choque,ene/06/2016 05:40 p. m.,1,2,1,1,1,Carrera 54 X Calle 80 Sur,143
7570,A000331402,ene/07/2016 05:00 p. m.,3,d,Choque,ene/07/2016 05:00 p. m.,1,2,1,1,1,Carrera 50 X Calle 78 Sur,143
7571,A000331403,ene/07/2016 05:30 a. m.,2,d,Choque,ene/07/2016 05:30 a. m.,1,1,1,1,1,Carrera 50 X Calle 100B Sur,143
7572,A000331404,ene/07/2016 02:40 p. m.,3,d,Choque,ene/07/2016 02:40 p. m.,1,2,1,1,1,Carrera 48 X Calle 79C Sur,143
7573,A000331405,ene/08/2016 10:20 a. m.,19,d,Choque,ene/08/2016 10:20 a. m.,1,1,1,2,1,Carrera 59BB X Calle 76B Sur,143
7574,A000331397,ene/05/2016 04:30 p. m.,3,d,Choque,ene/05/2016 04:30 p. m.,1,2,1,1,1,Carrera 50 X Calle 79 Sur,143
7575,A000331408,ene/08/2016 04:50 p. m.,12,h,Choque,ene/08/2016 04:50 p. m.,1,1,1,1,1,Carrera 50 X Calle 96 Sur,143