NRO_RADICADO,NUMERO_EXPEDIENTE,FECHA_ACCIDENTE,ID_ZONA,GRAVEDAD,DESC_CLASE_ACCIDENTE,HORA_ACCIDENTE,AREA,SECTOR,ZONA,DISENO,ESTADO_TIEMPO,VIA_ACCID,POSIBLE_CAUSA
6574,A000213195,ene/27/2015 05:20 p. m.,2,h,Atropello,ene/27/2015 05:20 p. m.,1,1,1,1,1,Calle 100 Sur X Carrera 52,409
6575,A000213196,ene/28/2015 01:45 p. m.,3,d,Choque,ene/28/2015 01:45 p. m.,1,1,1,1,1,Carrera 50 X Calle 91 Sur,143
6647,A000213262,feb/22/2015 04:00 p. m.,3,d,Choque,feb/22/2015 04:00 p. m.,1,1,1,1,1,Carrera 50 X Calle 79 Sur,143
6791,A000213432,may/10/2015 09:15 p. m.,3,h,Atropello,may/10/2015 09:15 p. m.,1,2,1,1,1,Carrera 50 X Calle 78 Sur,409
6792,A000213433,may/12/2015 02:30 p. m.,24,h,Atropello,may/12/2015 02:30 p. m.,1,1,1,1,1,Calle 87 Sur X Carrera 65A,409
6793,A000213406,abr/30/2015 01:30 p. m.,8,h,Choque,abr/30/2015 01:30 p. m.,1,1,1,1,1,Carrera 55 X Calle 77 Sur,143
6832,A000213451,may/16/2015 07:30 a. m.,4,h,Caida Ocupante,may/16/2015 07:30 a. m.,1,1,1,1,1,Carrera 48 X Calle 100C Sur,140
6831,A000213446,may/15/2015 06:30 a. m.,3,h,Caida Ocupante,may/15/2015 06:30 a. m.,1,1,1,1,1,Carrera 50 X Calle 79 Sur,140
6833,A00000358,may/17/2015 11:00 a. m.,3,h,Choque,may/17/2015 11:00 a. m.,1,2,1,2,1,Carrera 50 X Calle 79 Sur,143
6834,A000213448,may/15/2015 04:30 p. m.,14,d,Choque,may/15/2015 04:30 p. m.,1,2,1,1,1,Carrera 55 X Calle 87 Sur,143
7112,A000265970,jul/30/2015 07:30 a. m.,13,h,Caida Ocupante,jul/30/2015 07:30 a. m.,1,1,1,1,1,Carrera 50 X Calle 95 Sur,140
7113,A00000592,jul/31/2015 06:40 p. m.,2,h,Atropello,jul/31/2015 06:40 p. m.,1,1,1,1,1,Calle 100B Sur X Carrera 51,409
7114,A00000590,jul/30/2015 11:30 a. m.,22,d,Choque,jul/30/2015 11:30 a. m.,1,1,1,1,1,Calle 80 Sur X Carrera 58,143
7115,A000265975,ago/03/2015 12:40 p. m.,2,d,Choque,ago/03/2015 12:40 p. m.,1,1,1,1,1,Calle 100B Sur X Carrera 52,143
7116,A000265977,ago/04/2015 04:40 p. m.,3,h,Caida Ocupante,ago/04/2015 04:40 p. m.,1,1,1,1,1,Carrera 48 X Calle 79C Sur,140
7117,A000265978,jul/11/2015 06:30 p. m.,1,h,Caida Ocupante,jul/11/2015 06:30 p. m.,1,1,1,1,1,Carrera 60 X Calle 83 Sur,140
7118,A000265988,ago/05/2015 06:10 a. m.,3,h,Caida Ocupante,ago/05/2015 06:10 a. m.,1,1,1,1,1,Carrera 50 X Calle 100 Sur,140
7119,A000265987,jul/03/2015 09:30 a. m.,14,h,Caida Ocupante,jul/03/2015 09:30 a. m.,1,1,1,1,1,Carrera 50 X Calle 80 Sur,140
7120,A000265980,ago/05/2015 03:45 p. m.,4,h,Caida Ocupante,ago/05/2015 03:45 p. m.,1,1,1,1,1,Carrera 48 X Calle 98 Sur,140
7185,A000273345,ago/27/2015 12:08 p. m.,23,h,Caida Ocupante,ago/27/2015 12:08 p. m.,1,1,1,1,1,Carrera 55 X Calle 77 Sur,140
7186,A000273348,ago/29/2015 06:10 p. m.,3,h,Choque,ago/29/2015 06:10 p. m.,1,1,1,1,1,Carrera 50 X Calle 94 Sur,143
7187,A000273346,ago/28/2015 08:30 p. m.,12,h,Atropello,ago/28/2015 08:30 p. m.,1,1,1,1,1,Carrera 51 X Calle 95A Sur,409
7283,A000273427,sept/25/2015 11:30 a. m.,22,h,Atropello,sept/25/2015 11:30 a. m.,1,1,1,1,1,Calle 82 Sur X Carrera 58,409
7284,A000273431,oct/01/2015 04:20 p. m.,3,h,Choque,oct/01/2015 04:20 p. m.,1,2,1,1,1,Carrera 50 X Calle 79 Sur,143
7285,A000273422,sept/27/2015 09:00 p. m.,1,h,Choque,sept/27/2015 09:00 p. m.,1,1,1,1,1,Carrera 59 X Calle 79 Sur,143
7286,A000273428,sept/28/2015 06:30 p. m.,3,d,Choque,sept/28/2015 06:30 p. m.,1,2,1,1,1,Carrera 50 X Calle 79C Sur,143
7287,A000273432,sept/30/2015 02:30 p. m.,3,h,Caida Ocupante,sept/30/2015 02:30 p. m.,1,2,1,1,1,Carrera 50 X Calle 77 Sur,140
7288,A000273434,oct/04/2015 04:10 a. m.,4,h,Caida Ocupante,oct/04/2015 04:10 a. m.,1,1,1,1,1,Carrera 48 X Calle 98 Sur,140
7289,A000273399,sept/19/2015 08:30 a. m.,15,h,Choque,sept/19/2015 08:30 a. m.,1,1,1,1,1,Carrera 62 X Calle 75 Sur,143
7290,A000273402,sept/20/2015 07:40 p. m.,3,h,Choque,sept/20/2015 07:40 p. m.,1,1,1,2,1,Carrera 50 X Calle 93B Sur,143
7048,A000265941,jul/21/2015 06:40 a. m.,4,h,Atropello,jul/21/2015 06:40 a. m.,1,1,1,1,1,Carrera 48 X Calle 97B Sur,409
7049,A000265920,jul/17/2015 06:35 a. m.,15,h,Choque,jul/17/2015 06:35 a. m.,1,1,1,1,1,Calle 75AA Sur X Carrera 62A,143
7050,A00000560,jul/22/2015 06:40 p. m.,1,h,Atropello,jul/22/2015 06:40 p. m.,1,1,1,1,1,Calle 80 Sur X Carrera 60,409
7051,A000265946,jul/23/2015 04:40 p. m.,3,d,Choque,jul/23/2015 04:40 p. m.,1,1,1,1,1,Carrera 62 X Calle 79 Sur,143
7052,A000265937,jul/19/2015 03:50 a. m.,3,h,Caida Ocupante,jul/19/2015 03:50 a. m.,1,1,1,1,1,Carrera 50 X Calle 79 Sur,140
7053,A000265925,jul/18/2015 09:00 p. m.,2,h,Atropello,jul/18/2015 09:00 p. m.,1,2,1,1,1,Carrera 50 X Calle 100B Sur,409
7054,A000265933,jul/20/2015 01:30 p. m.,4,h,Caida Ocupante,jul/20/2015 01:30 p. m.,1,1,1,1,1,Carrera 48 X Calle 101 Sur,140
7055,A000265936,jul/19/2015 09:00 a. m.,12,h,Caida Ocupante,jul/19/2015 09:00 a. m.,1,1,1,1,1,Calle 95 Sur X Carrera 52,140
7172,A000265998,ago/12/2015 08:00 a. m.,2,d,Choque,ago/12/2015 08:00 a. m.,1,2,1,1,1,Carrera 48 X Calle 98A Sur,143
7173,A000265999,ago/11/2015 06:10 p. m.,1,d,Choque,ago/11/2015 06:10 p. m.,1,1,1,1,1,Carrera 62 X Calle 86 Sur,143
7174,A000273320,ago/14/2015 05:10 p. m.,3,d,Choque,ago/14/2015 05:10 p. m.,1,2,1,1,1,Carrera 50 X Calle 79 Sur,143
7175,A000273338,ago/24/2015 04:50 p. m.,2,d,Choque,ago/24/2015 04:50 p. m.,1,2,1,1,1,Carrera 49 X Calle 99 Sur,143
7176,A000273339,ago/25/2015 08:00 p. m.,3,h,Caida Ocupante,ago/25/2015 08:00 p. m.,1,1,1,1,1,Calle 93 Sur X Carrera 50,140
7177,A000273340,ago/25/2015 09:00 a. m.,2,d,Choque,ago/25/2015 09:00 a. m.,1,2,1,1,1,Carrera 50 X Calle 100B Sur,143
7178,A000273330,ago/19/2015 07:10 a. m.,3,d,Choque,ago/19/2015 07:10 a. m.,1,1,1,1,1,Carrera 50 X Calle 88A Sur,143
7179,A000273334,ago/21/2015 04:00 p. m.,3,d,Choque,ago/21/2015 04:00 p. m.,1,1,1,1,1,Carrera 50 X Calle 79C Sur,143
7180,A00000666,ago/27/2015 05:50 a. m.,3,h,Atropello,ago/27/2015 05:50 a. m.,1,1,1,1,1,Carrera 50 X Calle 79 Sur,409
7181,A000273342,ago/25/2015 02:30 p. m.,12,h,Caida Ocupante,ago/25/2015 02:30 p. m.,1,1,1,1,1,Carrera 50 X Calle 96 Sur,140
7182,A000273343,ago/26/2015 02:00 p. m.,3,h,Caida Ocupante,ago/26/2015 02:00 p. m.,1,1,1,1,1,Carrera 50 X Calle 92 Sur,140
7183,A000273344,ago/27/2015 06:20 a. m.,19,h,Choque,ago/27/2015 06:20 a. m.,1,2,1,2,1,Carrera 53 X Calle 77 Sur,143
6881,A000213408,may/02/2015 11:50 a. m.,4,h,Caida Ocupante,may/02/2015 11:50 a. m.,1,1,1,1,1,Carrera 48 X Calle 104 Sur,140
6882,A000213459,may/19/2015 07:30 p. m.,2,h,Caida Ocupante,may/19/2015 07:30 p. m.,1,1,1,1,1,Calle 100 Sur X Carrera 48B,140
6883,A000213430,may/10/2015 09:00 a. m.,18,h,Caida Ocupante,may/10/2015 09:00 a. m.,1,2,1,1,1,Carrera 55 X Calle 77 Sur,140
6884,A000213431,may/10/2015 01:20 p. m.,1,h,Caida Ocupante,may/10/2015 01:20 p. m.,1,1,1,1,1,Calle 81 Sur X Carrera 60,140
6885,A000213429,may/10/2015 08:30 a. m.,3,h,Caida Ocupante,may/10/2015 08:30 a. m.,1,2,1,1,1,Carrera 50 X Calle 77 Sur,140
6886,A000213428,may/09/2015 08:00 p. m.,24,h,Choque,may/09/2015 08:00 p. m.,1,1,1,1,1,Carrera 63 X Calle 81 Sur,143
6887,A00000377,may/24/2015 07:20 a. m.,3,h,Choque,may/24/2015 07:20 a. m.,1,2,1,1,1,Carrera 50 X Calle 97B Sur,143
6888,A000213452,may/17/2015 01:00 p. m.,2,d,Choque,may/17/2015 01:00 p. m.,1,1,1,1,1,Carrera 50 X Calle 100 Sur,143
6889,A00000302,abr/29/2015 02:20 p. m.,3,d,Choque,abr/29/2015 02:20 p. m.,1,1,1,1,1,Carrera 50 X Calle 94 Sur,143
6890,A000213469,may/25/2015 08:40 a. m.,6,h,Caida Ocupante,may/25/2015 08:40 a. m.,1,1,1,1,1,Calle 84 Sur X Carrera 54,140
6891,A000213407,may/01/2015 12:10 p. m.,3,h,Caida Ocupante,may/01/2015 12:10 p. m.,1,1,1,1,1,Carrera 50 X Calle 93 Sur,140
6892,A000213425,may/09/2015 09:00 a. m.,3,h,Caida Ocupante,may/09/2015 09:00 a. m.,1,1,1,1,1,Carrera 50 X Calle 79C Sur,140
6893,A00000329,may/09/2015 12:00 a. m.,3,h,Atropello,may/09/2015 12:00 a. m.,1,1,1,1,1,Carrera 50 X Calle 97 Sur,409
6894,A00000331,may/09/2015 09:30 p. m.,2,h,Caida Ocupante,may/09/2015 09:30 p. m.,1,1,1,1,1,Carrera 55 X Calle 100 Sur,140
6895,A000213471,may/25/2015 11:00 a. m.,2,h,Volcamiento,may/25/2015 11:00 a. m.,1,1,1,1,1,Carrera 50 X Calle 100 Sur,140
6896,A0000370,may/21/2015 02:20 p. m.,6,d,Choque,may/21/2015 02:20 p. m.,1,1,1,1,1,Carrera 55 X Calle 82 Sur,143
6897,A000213464,may/21/2015 05:00 p. m.,15,h,Caida Ocupante,may/21/2015 05:00 p. m.,1,1,1,1,1,Carrera 66 X Calle 75 Sur,140
6898,A000213409,may/01/2015 02:30 p. m.,4,h,Choque,may/01/2015 02:30 p. m.,1,1,1,1,1,Carrera 48 X Calle 100 Sur,143
6944,A00000417,jun/07/2015 07:00 p. m.,4,h,Choque,jun/07/2015 07:00 p. m.,1,2,1,1,1,Carrera 48 X Calle 97 Sur,143
6945,A00000409,jun/04/2015 01:00 p. m.,7,h,Otro,jun/04/2015 01:00 p. m.,1,1,1,1,1,Calle 82A Sur X Carrera 56,140
6946,A000265823,jun/08/2015 03:00 p. m.,7,h,Caida Ocupante,jun/08/2015 03:00 p. m.,1,1,1,1,1,Calle 80 Sur X Carrera 57,140
6947,A00000435,jun/10/2015 06:40 a. m.,3,h,Choque,jun/10/2015 06:40 a. m.,1,1,1,1,1,Carrera 50 X Calle 79B Sur,143
6959,A000265834,jun/12/2015 01:50 p. m.,1,d,Choque,jun/12/2015 01:50 p. m.,1,1,1,1,1,Calle 80 Sur X Carrera 59,143
6975,A000265850,jun/20/2015 02:00 p. m.,3,h,Atropello,jun/20/2015 02:00 p. m.,1,2,1,1,1,Carrera 50 X Calle 80 Sur,409
6976,A00000457,jun/20/2015 05:10 p. m.,6,h,Atropello,jun/20/2015 05:10 p. m.,1,1,1,1,1,Carrera 55 X Calle 88 Sur,409
6977,A000265857,jun/24/2015 05:40 p. m.,6,h,Choque,jun/24/2015 05:40 p. m.,1,1,1,1,1,Calle 80 Sur X Carrera 54,143
6978,A0000046,jun/15/2015 01:50 a. m.,4,h,Caida Ocupante,jun/15/2015 01:50 a. m.,1,1,1,1,1,Carrera 49 X Calle 98 Sur,140
6979,A000265845,jun/16/2015 12:50 p. m.,3,d,Choque,jun/16/2015 12:50 p. m.,1,2,1,1,1,Carrera 50 X Calle 79B Sur,143
6980,A000265861,jun/24/2015 04:00 p. m.,3,d,Choque,jun/24/2015 04:00 p. m.,1,1,1,1,1,Carrera 50 X Calle 98 Sur,143
6981,A00000471,jun/25/2015 06:30 p. m.,14,h,Atropello,jun/25/2015 06:30 p. m.,1,1,1,1,1,Carrera 50 X Calle 83 Sur,409
6991,A000265877,jul/01/2015 04:50 p. m.,16,h,Caida Ocupante,jul/01/2015 04:50 p. m.,1,1,1,1,1,Carrera 55 X Calle 83 Sur,140
7953,A000420978,may/14/2016 10:20 a. m.,24,d,Choque,may/14/2016 10:20 a. m.,1,1,1,1,1,Calle 87 Sur X Carrera 62,143
7971,A000420989,may/17/2016 07:45 p. m.,2,d,Choque,may/17/2016 07:45 p. m.,1,1,1,1,1,Carrera 50 X Calle 100B Sur,143
7972,A000420994,may/19/2016 07:20 a. m.,14,h,Choque,may/19/2016 07:20 a. m.,1,1,1,1,1,Carrera 50 X Calle 83C Sur,143
7993,A000421012,may/24/2016 02:20 p. m.,2,h,Caida Ocupante,may/24/2016 02:20 p. m.,1,1,1,1,1,Carrera 50 X Calle 100B Sur,140
7994,A000421001,may/22/2016 11:20 a. m.,19,h,Choque,may/22/2016 11:20 a. m.,1,1,1,1,1,Carrera 57 X Calle 77 Sur,143
7995,A000420998,may/19/2016 03:00 p. m.,2,d,Choque,may/19/2016 03:00 p. m.,1,2,1,2,1,Carrera 50 X Calle 100C Sur,143
7996,A000421014,may/25/2016 06:50 a. m.,3,d,Choque,may/25/2016 06:50 a. m.,1,1,1,1,1,Carrera 50 X Calle 79 Sur,143
8027,A000420990,may/19/2016 07:00 a. m.,4,d,Choque,may/19/2016 07:00 a. m.,1,1,1,1,1,Carrera 48 X Calle 98A Sur,143
8028,A000421038,jun/01/2016 02:30 p. m.,19,h,Caida Ocupante,jun/01/2016 02:30 p. m.,1,1,1,1,1,Carrera 59 X Calle 77 Sur,140
8029,A000421040,jun/02/2016 09:35 p. m.,4,h,Caida Ocupante,jun/02/2016 09:35 p. m.,1,1,1,1,1,Carrera 48 X Calle 101 Sur,140
8031,A00000470,jun/01/2016 08:40 p. m.,12,h,Atropello,jun/01/2016 08:40 p. m.,1,1,1,1,1,Carrera 50 X Calle 96 Sur,409
8032,A000421042,jun/02/2016 06:00 a. m.,19,d,Choque,jun/02/2016 06:00 a. m.,1,1,1,1,1,Carrera 55 X Calle 77 Sur,143
8033,A000421044,jun/04/2016 11:20 a. m.,4,h,Choque,jun/04/2016 11:20 a. m.,1,2,1,1,1,Carrera 48 X Calle 97 Sur,143
8034,A000421047,jun/07/2016 06:10 p. m.,1,d,Choque,jun/07/2016 06:10 p. m.,1,1,1,1,1,Carrera 60 X Calle 80 Sur,143
8076,A000458901,jun/16/2016 11:40 a. m.,3,d,Choque,jun/16/2016 11:40 a. m.,1,1,1,1,1,Carrera 50 X Calle 78 Sur,143
8077,A000458911,jun/18/2016 11:20 a. m.,3,d,Choque,jun/18/2016 11:20 a. m.,1,1,1,1,1,Carrera 50 X Calle 80 Sur,143
8078,A000458908,jun/19/2016 10:10 a. m.,18,h,Caida Ocupante,jun/19/2016 10:10 a. m.,1,1,1,1,1,Carrera 52 X Calle 77 Sur,140
8079,A000458909,jun/19/2016 06:20 p. m.,4,h,Caida Ocupante,jun/19/2016 06:20 p. m.,1,2,1,1,1,Carrera 48 X Calle 100 Sur,140
8080,A000458910,jun/17/2016 03:40 p. m.,17,h,Choque,jun/17/2016 03:40 p. m.,1,1,1,1,1,Calle 80 Sur X Carrera 58,143
8081,A000458913,jun/21/2016 10:25 a. m.,3,h,Choque,jun/21/2016 10:25 a. m.,1,1,1,1,1,Carrera 50 X Calle 98A Sur,143
8082,A000458914,jun/20/2016 06:00 a. m.,15,d,Choque,jun/20/2016 06:00 a. m.,1,1,1,1,1,Carrera 62A X Calle 75 Sur,143
7536,A000331377,dic/22/2015 11:40 p. m.,2,h,Caida Ocupante,dic/22/2015 11:40 p. m.,1,2,1,1,1,Carrera 50 X Calle 98 Sur,140
7537,A000331378,dic/24/2015 02:00 p. m.,19,h,Caida Ocupante,dic/24/2015 02:00 p. m.,1,1,1,1,1,Calle 78 Sur X Carrera 57,140
7538,A00001024,dic/25/2015 07:20 a. m.,16,h,Atropello,dic/25/2015 07:20 a. m.,1,1,1,1,1,Calle 83C Sur X Carrera 55,409
7539,A000331373,dic/16/2015 12:00 a. m.,2,h,Caida Ocupante,dic/16/2015 12:00 a. m.,1,1,1,1,1,Carrera 48 X Calle 98 Sur,140
7563,A000004,ene/04/2016 08:20 a. m.,4,h,Choque,ene/04/2016 08:20 a. m.,1,2,1,1,1,Carrera 48 X Calle 98A Sur,143
7588,A000331430,ene/21/2016 08:10 a. m.,14,d,Choque,ene/21/2016 08:10 a. m.,1,1,1,1,1,Carrera 50 X Calle 89 Sur,143
7589,A000331413,ene/13/2016 04:20 p. m.,2,d,Choque,ene/13/2016 04:20 p. m.,1,1,1,1,1,Carrera 48 X Calle 100C Sur,143
7590,A000331422,ene/17/2016 09:30 a. m.,18,d,Choque,ene/17/2016 09:30 a. m.,1,2,1,1,1,Carrera 50 X Calle 77 Sur,143
7591,A000331423,ene/15/2016 10:00 a. m.,1,d,Choque,ene/15/2016 10:00 a. m.,1,1,1,1,1,Carrera 68 X Calle 81 Sur,143
7592,A000331424,ene/17/2016 05:30 p. m.,1,d,Choque,ene/17/2016 05:30 p. m.,1,1,1,1,1,Carrera 56 X Calle 79BB Sur,143
7593,A000331425,ene/18/2016 03:00 p. m.,18,h,Caida Ocupante,ene/18/2016 03:00 p. m.,1,2,1,1,1,Carrera 50 X Calle 77 Sur,140
7594,A000331426,ene/14/2016 04:50 p. m.,3,h,Choque,ene/14/2016 04:50 p. m.,1,2,1,1,1,Carrera 50 X Calle 79 Sur,143
7595,A000331414,ene/15/2016 10:10 p. m.,3,h,Caida Ocupante,ene/15/2016 10:10 p. m.,1,2,1,1,1,Carrera 50 X Calle 96 Sur,140
7596,A00001041,dic/29/2015 08:40 a. m.,23,d,Choque,dic/29/2015 08:40 a. m.,1,1,1,1,1,Carrera 54 X Calle 80 Sur,143
7597,A000331427,ene/18/2016 11:30 a. m.,3,h,Choque,ene/18/2016 11:30 a. m.,1,1,1,1,1,Carrera 50 X Calle 99 Sur,143
7598,A000331428,ene/19/2016 06:20 p. m.,3,h,Caida Ocupante,ene/19/2016 06:20 p. m.,1,2,1,1,1,Carrera 50 X Calle 79 Sur,140
7599,A000331429,ene/19/2016 11:02 p. m.,6,h,Caida Ocupante,ene/19/2016 11:02 p. m.,1,1,1,1,1,Calle 80 Sur X Carrera 55,140
7600,A000331431,ene/21/2016 06:00 p. m.,2,h,Choque,ene/21/2016 06:00 p. m.,1,2,1,1,1,Carrera 48 X Calle 99 Sur,143
7691,A000419382,feb/16/2016 07:10 p. m.,23,d,Choque,feb/16/2016 07:10 p. m.,1,1,1,1,1,Carrera 53 X Calle 79 Sur,143
7692,A000419383,feb/16/2016 09:15 p. m.,14,h,Caida Ocupante,feb/16/2016 09:15 p. m.,1,1,1,1,1,Carrera 55 X Calle 80 Sur,140
7693,A000419384,feb/17/2016 07:10 a. m.,7,h,Caida Ocupante,feb/17/2016 07:10 a. m.,1,1,1,1,1,Carrera 56 X Calle 82 Sur,140
7694,A000419387,feb/18/2016 03:30 p. m.,2,h,Caida Ocupante,feb/18/2016 03:30 p. m.,1,2,1,1,1,Carrera 48 X Calle 97 Sur,140
7697,A00000148,feb/19/2016 07:20 a. m.,9,h,Choque,feb/19/2016 07:20 a. m.,1,1,1,1,1,Calle 74 Sur X Carrera 57,143
7698,A000419399,feb/17/2016 08:10 a. m.,23,h,Caida Ocupante,feb/17/2016 08:10 a. m.,1,1,1,1,1,Calle 77 Sur X Carrera 53,140
7699,A000419395,feb/20/2016 08:15 a. m.,23,h,Caida Ocupante,feb/20/2016 08:15 a. m.,1,1,1,1,1,Carrera 54 X Calle 80 Sur,140
7700,A000419396,feb/20/2016 02:00 p. m.,6,h,Atropello,feb/20/2016 02:00 p. m.,1,1,1,1,1,Carrera 55 X Calle 82A Sur,409
7701,A000419397,feb/20/2016 06:50 a. m.,18,h,Caida Ocupante,feb/20/2016 06:50 a. m.,1,1,1,1,1,Carrera 54 X Calle 75A Sur,140
7702,A000419389,feb/18/2016 02:10 p. m.,4,h,Caida Ocupante,feb/18/2016 02:10 p. m.,1,2,1,1,1,Carrera 48 X Calle 96 Sur,140
7703,A000419403,feb/19/2016 06:00 p. m.,2,h,Caida Ocupante,feb/19/2016 06:00 p. m.,1,2,1,1,1,Carrera 48 X Calle 100B Sur,140
7704,A000419404,feb/20/2016 07:50 a. m.,4,h,Caida Ocupante,feb/20/2016 07:50 a. m.,1,2,1,1,1,Carrera 48 X Calle 101 Sur,140
7746,A000419434,mar/04/2016 06:20 p. m.,19,d,Choque,mar/04/2016 06:20 p. m.,1,1,1,1,1,Calle 77 Sur X Carrera 59,140
7747,A000419426,mar/03/2016 07:20 a. m.,19,d,Choque,mar/03/2016 07:20 a. m.,1,1,1,1,1,Carrera 59B X Calle 77 Sur,140
7786,A000419464,mar/15/2016 01:50 p. m.,1,h,Caida Ocupante,mar/15/2016 01:50 p. m.,1,1,1,1,1,Calle 79 Sur X Carrera 59,140
8250,A000459066,ago/18/2016 11:20 a. m.,18,d,Choque,ago/18/2016 11:20 a. m.,1,1,1,1,1,Carrera 54 X Calle 75AA Sur,143
8251,A000459055,ago/17/2016 10:15 p. m.,24,d,Choque,ago/17/2016 10:15 p. m.,1,1,1,1,1,Calle 87 Sur X Carrera 65A,143
8252,A000459067,ago/21/2016 11:30 a. m.,1,h,Caida Ocupante,ago/21/2016 11:30 a. m.,1,1,1,1,1,Carrera 61 X Calle 80 Sur,140
8253,A000459068,ago/21/2016 10:50 p. m.,2,m,Atropello,ago/21/2016 10:50 p. m.,1,2,1,1,1,Carrera 48 X Calle 101 Sur,409
8254,A000459071,ago/22/2016 11:20 a. m.,8,h,Caida Ocupante,ago/22/2016 11:20 a. m.,1,1,1,1,1,Carrera 56 X Calle 76B Sur,140
8255,A000459072,ago/22/2016 07:40 p. m.,2,h,Choque,ago/22/2016 07:40 p. m.,1,1,1,2,1,Carrera 50 X Calle 78 Sur,143
8256,A000459073,ago/22/2016 05:00 p. m.,3,h,Caida Ocupante,ago/22/2016 05:00 p. m.,1,1,1,1,1,Carrera 50 X Calle 79 Sur,140
8257,A000459076,ago/25/2016 02:20 p. m.,2,d,Choque,ago/25/2016 02:20 p. m.,1,1,1,1,1,Carrera 50 X Calle 100B Sur,143
8258,A000459077,ago/25/2016 04:50 p. m.,14,h,Caida Ocupante,ago/25/2016 04:50 p. m.,1,1,1,1,1,Carrera 50 X Calle 89 Sur,140
8259,A000459078,ago/24/2016 03:50 p. m.,23,h,Caida Ocupante,ago/24/2016 03:50 p. m.,1,1,1,1,1,Carrera 52A X Calle 79 Sur,140
8260,A00000707,ago/26/2016 09:00 p. m.,19,h,Choque,ago/26/2016 09:00 p. m.,1,1,1,2,1,Calle 77 Sur X Carrera 59B,143
8261,A000459079,ago/24/2016 04:10 p. m.,18,h,Caida Ocupante,ago/24/2016 04:10 p. m.,1,1,1,1,1,Calle 77 Sur X Carrera 52,140
8262,A000459085,ago/28/2016 04:10 p. m.,22,h,Choque,ago/28/2016 04:10 p. m.,1,1,1,1,1,Carrera 55 X Calle 79B Sur,143
8263,A000459080,ago/23/2016 06:30 a. m.,3,h,Choque,ago/23/2016 06:30 a. m.,1,1,1,1,1,Carrera 50 X Calle 83C Sur,143
8264,A000459082,ago/24/2016 07:30 a. m.,12,h,Atropello,ago/24/2016 07:30 a. m.,1,1,1,1,1,Calle 46B Sur X Carrera 50,409
8265,A000459087,ago/28/2016 12:30 p. m.,3,d,Choque,ago/28/2016 12:30 p. m.,1,1,1,1,1,Carrera 50 X Calle 79 Sur,143
8266,A000459069,ago/22/2016 07:30 p. m.,15,d,Choque,ago/22/2016 07:30 p. m.,1,1,1,1,1,Carrera 62A X Calle 75AB Sur,143
8267,A000459074,ago/23/2016 10:30 p. m.,3,h,Choque,ago/23/2016 10:30 p. m.,1,1,1,1,1,Carrera 50 X Calle 96 Sur,143
7819,A00000967,dic/08/2015 06:20 a. m.,18,d,Choque,dic/08/2015 06:20 a. m.,1,2,1,1,1,Carrera 50 X Calle 77 Sur,143
7820,A000419488,mar/28/2016 03:20 p. m.,4,d,Choque,mar/28/2016 03:20 p. m.,1,1,1,1,1,Carrera 48 X Calle 79 Sur,143
7821,A000419487,mar/18/2016 01:50 p. m.,1,d,Choque,mar/18/2016 01:50 p. m.,1,1,1,1,1,Carrera 59 X Calle 82 Sur,143
7822,A000419494,mar/20/2016 02:30 a. m.,3,h,Caida Ocupante,mar/20/2016 02:30 a. m.,1,1,1,1,1,Carrera 50 X Calle 79B Sur,140
7823,A000419492,mar/29/2016 05:10 p. m.,22,h,Choque,mar/29/2016 05:10 p. m.,1,1,1,1,1,Carrera 58 X Calle 82 Sur,143
7824,A000419493,mar/27/2016 04:45 p. m.,23,d,Choque,mar/27/2016 04:45 p. m.,1,2,1,1,1,Carrera 54 X Calle 80 Sur,143
7825,A00000269,mar/31/2016 01:50 p. m.,3,d,Choque,mar/31/2016 01:50 p. m.,1,2,1,1,1,Carrera 50 X Calle 79C Sur,143
7826,A00000270,mar/31/2016 04:20 p. m.,3,d,Choque,mar/31/2016 04:20 p. m.,1,1,1,1,1,Carrera 50 X Calle 79 Sur,143
7827,A000419495,mar/29/2016 06:40 a. m.,19,h,Choque,mar/29/2016 06:40 a. m.,1,1,1,1,1,Carrera 56E X Calle 77 Sur,143
7840,A000419504,abr/04/2016 05:20 a. m.,14,h,Choque,abr/04/2016 05:20 a. m.,1,1,1,1,1,Carrera 50 X Calle 88 Sur,143
7841,A00000277,abr/03/2016 09:20 a. m.,13,h,Choque,abr/03/2016 09:20 a. m.,1,2,1,1,1,Carrera 50 X Calle 97B Sur,143
7855,A000420890,abr/06/2016 01:40 p. m.,4,h,Caida Ocupante,abr/06/2016 01:40 p. m.,1,2,1,1,1,Carrera 48 X Calle 101 Sur,140
7856,A000420893,abr/11/2016 05:20 p. m.,23,d,Choque,abr/11/2016 05:20 p. m.,1,1,1,1,1,Carrera 53 X Calle 79 Sur,143
7857,A000420892,abr/11/2016 04:40 p. m.,18,h,Choque,abr/11/2016 04:40 p. m.,1,1,1,1,1,Calle 77 Sur X Carrera 52,143
7858,A000420889,abr/10/2016 10:00 a. m.,5,h,Caida Ocupante,abr/10/2016 10:00 a. m.,1,1,1,1,1,Carrera 55 X Calle 94 Sur,140
7859,A00000301,abr/10/2016 04:10 p. m.,2,h,Caida Ocupante,abr/10/2016 04:10 p. m.,1,2,1,1,1,Carrera 50 X Calle 98A Sur,140