NRO_RADICADO,NUMERO_EXPEDIENTE,FECHA_ACCIDENTE,ID_ZONA,GRAVEDAD,DESC_CLASE_ACCIDENTE,HORA_ACCIDENTE,AREA,SECTOR,ZONA,DISENO,ESTADO_TIEMPO,VIA_ACCID,POSIBLE_CAUSA
7860,A00000306,abr/12/2016 09:00 a. m.,3,h,Atropello,abr/12/2016 09:00 a. m.,1,1,1,1,1,Carrera 50 X Calle 88 Sur,409
7861,A000420901,abr/16/2016 10:20 p. m.,19,h,Caida Ocupante,abr/16/2016 10:20 p. m.,1,1,1,2,1,Carrera 59 X Calle 77 Sur,140
7862,A00000314,abr/17/2016 01:40 a. m.,3,h,Atropello,abr/17/2016 01:40 a. m.,1,1,1,1,1,Carrera 50 X Calle 80 Sur,409
7863,A000420900,abr/16/2016 02:40 a. m.,2,h,Caida Ocupante,abr/16/2016 02:40 a. m.,1,2,1,1,1,Carrera 50 X Calle 100D Sur,140
7864,A000420899,abr/15/2016 06:00 p. m.,3,h,Caida Ocupante,abr/15/2016 06:00 p. m.,1,2,1,1,1,Carrera 50 X Calle 80 Sur,140
7865,A000420897,abr/15/2016 10:20 a. m.,2,h,Caida Ocupante,abr/15/2016 10:20 a. m.,1,2,1,1,1,Carrera 48 X Calle 100 Sur,140
7866,A000420924,abr/23/2016 02:10 p. m.,2,h,Caida Ocupante,abr/23/2016 02:10 p. m.,1,2,1,1,1,Carrera 48A X Calle 100 Sur,140
7867,A000420923,abr/24/2016 10:00 a. m.,5,h,Caida Ocupante,abr/24/2016 10:00 a. m.,1,1,1,1,1,Carrera 55 X Calle 95B Sur,140
7868,A00000341,abr/22/2016 08:30 p. m.,22,h,Atropello,abr/22/2016 08:30 p. m.,1,1,1,1,1,Carrera 57A X Calle 82 Sur,409
7869,A00000340,abr/21/2016 02:00 p. m.,15,h,Atropello,abr/21/2016 02:00 p. m.,1,1,1,1,1,Carrera 62A X Calle 76 Sur,409
7870,A000420920,abr/20/2016 10:00 a. m.,20,h,Caida Ocupante,abr/20/2016 10:00 a. m.,1,1,1,1,1,Carrera 64 X Calle 77 Sur,140
7924,A000420949,may/05/2016 07:20 a. m.,23,d,Choque,may/05/2016 07:20 a. m.,1,2,1,2,1,Carrera 55 X Calle 79C Sur,143
7925,A000420944,may/02/2016 08:00 a. m.,2,d,Choque,may/02/2016 08:00 a. m.,1,2,1,1,1,Carrera 50 X Calle 100 Sur,143
7939,A000420969,may/12/2016 01:40 p. m.,5,d,Choque,may/12/2016 01:40 p. m.,1,1,1,1,1,Calle 73 Sur X Carrera 64,140
7943,A000420954,may/05/2016 06:10 p. m.,1,h,Atropello,may/05/2016 06:10 p. m.,1,1,1,1,1,Carrera 61 X Calle 78 Sur,409
7944,A000420955,may/05/2016 05:10 a. m.,14,h,Caida Ocupante,may/05/2016 05:10 a. m.,1,1,1,1,1,Carrera 60 X Calle 87 Sur,140
7945,A000420971,may/11/2016 04:40 p. m.,20,d,Choque,may/11/2016 04:40 p. m.,1,1,1,1,1,Calle 81 Sur X Carrera 62,143
7946,A000420972,may/11/2016 07:50 p. m.,2,d,Choque,may/11/2016 07:50 p. m.,1,1,1,1,1,Carrera 50 X Calle 100 Sur,143
7947,A000420973,may/13/2016 08:30 a. m.,2,h,Caida Ocupante,may/13/2016 08:30 a. m.,1,2,1,1,1,Carrera 50 X Calle 99 Sur,140
7291,A000273397,sept/17/2015 07:20 a. m.,3,h,Choque,sept/17/2015 07:20 a. m.,1,1,1,1,1,Calle 80 Sur X Carrera 50,143
7292,A000273394,sept/17/2015 07:00 p. m.,3,h,Atropello,sept/17/2015 07:00 p. m.,1,1,1,1,1,Carrera 50 X Calle 90 Sur,409
7382,A000331259,nov/10/2015 02:50 p. m.,3,h,Choque,nov/10/2015 02:50 p. m.,1,2,1,1,1,Carrera 50 X Calle 79 Sur,143
7383,A000331260,nov/10/2015 07:20 a. m.,12,h,Choque,nov/10/2015 07:20 a. m.,1,1,1,1,1,Carrera 50 X Calle 96 Sur,143
7384,A000331251,nov/05/2015 10:30 a. m.,2,h,Choque,nov/05/2015 10:30 a. m.,1,2,1,1,1,Carrera 48 X Calle 98A Sur,143
7385,A000331261,nov/10/2015 09:00 a. m.,1,d,Choque,nov/10/2015 09:00 a. m.,1,1,1,1,1,Carrera 60 X Calle 83 Sur,143
7386,A00000884,nov/11/2015 09:00 a. m.,2,h,Caida Ocupante,nov/11/2015 09:00 a. m.,1,1,1,1,1,Carrera 50 X Calle 100B Sur,140
7387,A000331262,nov/11/2015 03:15 p. m.,23,h,Caida Ocupante,nov/11/2015 03:15 p. m.,1,2,1,1,1,Calle 78 Sur X Carrera 52,140
7388,A000331263,nov/10/2015 03:20 p. m.,12,h,Choque,nov/10/2015 03:20 p. m.,1,1,1,1,1,Carrera 50 X Calle 95 Sur,143
7580,A000331416,ene/15/2016 03:30 p. m.,14,h,Caida Ocupante,ene/15/2016 03:30 p. m.,1,1,1,1,1,Calle 87 Sur X Carrera 56,140
7581,A000331415,ene/15/2016 04:20 p. m.,18,h,Caida Ocupante,ene/15/2016 04:20 p. m.,1,2,1,1,1,Carrera 50 X Calle 77 Sur,140
7582,A000024,ene/14/2016 01:10 p. m.,19,h,Choque,ene/14/2016 01:10 p. m.,1,1,1,1,1,Calle 77 Sur X Carrera 59,143
7583,A000331417,ene/15/2016 09:30 a. m.,12,d,Choque,ene/15/2016 09:30 a. m.,1,1,1,1,1,Carrera 50 X Calle 96 Sur,143
7584,A000331418,ene/15/2016 11:50 a. m.,11,d,Choque,ene/15/2016 11:50 a. m.,1,1,1,1,1,Calle 74 Sur X Carrera 66,143
7585,A000331420,ene/16/2016 05:40 a. m.,5,h,Caida Ocupante,ene/16/2016 05:40 a. m.,1,1,1,1,1,Carrera 55 X Calle 50 Sur,140
7586,A000331421,ene/17/2016 01:00 a. m.,1,h,Atropello,ene/17/2016 01:00 a. m.,1,2,1,1,1,Calle 81 Sur X Carrera 60,409
7587,A000331419,ene/16/2016 02:10 p. m.,12,h,Choque,ene/16/2016 02:10 p. m.,1,1,1,1,1,Carrera 51 X Calle 95 Sur,143
7604,A000331434,ene/21/2016 09:00 a. m.,4,d,Choque,ene/21/2016 09:00 a. m.,1,1,1,1,1,Carrera 48 X Calle 98A Sur,140
7605,A000419317,ene/25/2016 04:40 p. m.,3,h,Choque,ene/25/2016 04:40 p. m.,1,2,1,1,1,Carrera 50 X Calle 79C Sur,143
7643,A000419324,ene/26/2016 02:00 p. m.,3,h,Caida Ocupante,ene/26/2016 02:00 p. m.,1,1,1,1,1,Carrera 50 X Calle 79 Sur,140
7812,A000419473,mar/17/2016 01:00 p. m.,24,d,Choque,mar/17/2016 01:00 p. m.,1,1,1,1,1,Carrera 66 X Calle 74 Sur,143
7813,A000419475,mar/18/2016 07:15 a. m.,2,d,Choque,mar/18/2016 07:15 a. m.,1,2,1,1,1,Carrera 48 X Calle 98A Sur,143
6982,A00000465,jun/24/2015 01:20 p. m.,3,h,Incendio,jun/24/2015 01:20 p. m.,1,1,1,1,1,Carrera 50 X Calle 93B Sur,409
6983,A000265869,jun/27/2015 02:20 p. m.,2,h,Choque,jun/27/2015 02:20 p. m.,1,2,1,1,1,Carrera 49D X Calle 99 Sur,143
6984,A000265872,jun/25/2015 11:30 a. m.,3,h,Caida Ocupante,jun/25/2015 11:30 a. m.,1,2,1,1,1,Carrera 50 X Calle 98 Sur,140
6985,A000265873,jun/30/2015 10:00 a. m.,3,h,Caida Ocupante,jun/30/2015 10:00 a. m.,1,1,1,1,1,Carrera 50 X Calle 79 Sur,140
6986,A000265871,jun/30/2015 05:45 a. m.,2,h,Choque,jun/30/2015 05:45 a. m.,1,2,1,1,1,Carrera 48 X Calle 101 Sur,143
6987,A000265862,jun/25/2015 07:50 p. m.,4,h,Atropello,jun/25/2015 07:50 p. m.,1,1,1,1,1,Carrera 48 X Calle 98 Sur,409
6988,A000265876,jun/30/2015 06:45 p. m.,19,h,Caida Ocupante,jun/30/2015 06:45 p. m.,1,1,1,1,1,Calle 77 Sur X Carrera 60,140
6989,A000265878,jul/01/2015 06:00 p. m.,5,h,Atropello,jul/01/2015 06:00 p. m.,1,1,1,1,1,Calle 95A Sur X Carrera 56,409
6990,A000265868,jun/27/2015 08:10 a. m.,19,h,Choque,jun/27/2015 08:10 a. m.,1,1,1,2,1,Calle 75AA Sur X Carrera 60,143
7225,A000273386,sept/14/2015 03:20 p. m.,23,h,Atropello,sept/14/2015 03:20 p. m.,1,1,1,1,1,Carrera 54 X Calle 79BB Sur,409
7226,A000273383,sept/11/2015 11:00 p. m.,3,h,Caida Ocupante,sept/11/2015 11:00 p. m.,1,2,1,1,1,Carrera 59 X Calle 79 Sur,140
7227,A00000714,sept/14/2015 01:30 p. m.,7,h,Choque,sept/14/2015 01:30 p. m.,1,1,1,1,1,Calle 82 Sur X Carrera 56G,140
7228,A000273380,sept/11/2015 12:10 p. m.,3,d,Choque,sept/11/2015 12:10 p. m.,1,2,1,1,1,Carrera 50 X Calle 100D Sur,143
7229,A00000712,sept/10/2015 07:00 a. m.,23,h,Choque,sept/10/2015 07:00 a. m.,1,1,1,1,1,Calle 75A Sur X Carrera 54,143
7230,A00000717,sept/14/2015 02:40 p. m.,14,h,Atropello,sept/14/2015 02:40 p. m.,1,1,1,1,1,Carrera 60 X Calle 87 Sur,409
7315,A000273453,oct/08/2015 06:20 a. m.,3,d,Choque,oct/08/2015 06:20 a. m.,1,1,1,1,1,Carrera 50 X Calle 80 Sur,143
7316,A000273449,oct/06/2015 05:00 p. m.,2,d,Choque,oct/06/2015 05:00 p. m.,1,1,1,1,1,Carrera 50 X Calle 100B Sur,143
7461,A00000593,ago/01/2015 01:20 p. m.,14,d,Choque,ago/01/2015 01:20 p. m.,1,1,1,1,1,Carrera 50 X Calle 92 Sur,140
7462,A000331318,nov/29/2015 06:30 a. m.,5,d,Choque,nov/29/2015 06:30 a. m.,1,1,1,1,1,Calle 94 Sur X Carrera 55,143
7463,A000331319,nov/30/2015 01:30 p. m.,3,d,Choque,nov/30/2015 01:30 p. m.,1,2,1,1,1,Carrera 60 X Calle 78 Sur,143
7464,A000331315,nov/27/2015 07:30 p. m.,3,h,Choque,nov/27/2015 07:30 p. m.,1,2,1,1,1,Carrera 50 X Calle 92 Sur,143
7465,A000331320,dic/01/2015 03:20 p. m.,3,d,Choque,dic/01/2015 03:20 p. m.,1,1,1,1,1,Carrera 50 X Calle 94 Sur,143
7466,A000331321,dic/02/2015 10:25 a. m.,14,h,Atropello,dic/02/2015 10:25 a. m.,1,1,1,1,1,Carrera 60 X Calle 87 Sur,409
7467,A000331306,nov/26/2015 10:10 a. m.,3,d,Choque,nov/26/2015 10:10 a. m.,1,2,1,1,1,Carrera 50 X Calle 79 Sur,143
7468,A000331317,nov/28/2015 08:00 p. m.,2,h,Choque,nov/28/2015 08:00 p. m.,1,1,1,1,1,Carrera 50 X Calle 100 Sur,143
7469,A000331310,nov/27/2015 04:40 p. m.,12,h,Choque,nov/27/2015 04:40 p. m.,1,1,1,1,1,Carrera 50 X Calle 96A Sur,143
7470,A000956,dic/02/2015 05:30 p. m.,15,h,Atropello,dic/02/2015 05:30 p. m.,1,1,1,1,1,Carrera 62A X Calle 74 Sur,409
7509,A000331340,dic/13/2015 04:10 p. m.,3,d,Choque,dic/13/2015 04:10 p. m.,1,2,1,1,1,Carrera 50 X Calle 79 Sur,143
7783,A000419448,mar/10/2016 10:00 a. m.,3,h,Choque,mar/10/2016 10:00 a. m.,1,2,1,1,1,Carrera 50 X Calle 96A Sur,143
7784,A00000231,mar/16/2016 01:30 p. m.,3,h,Atropello,mar/16/2016 01:30 p. m.,1,1,1,1,1,Carrera 50 X Calle 80 Sur,409
6992,A000265881,jun/30/2015 09:45 p. m.,15,d,Choque,jun/30/2015 09:45 p. m.,1,1,1,1,1,Carrera 62A X Calle 74 Sur,143
6993,A000265879,jun/30/2015 05:00 p. m.,23,h,Caida Ocupante,jun/30/2015 05:00 p. m.,1,1,1,1,1,Carrera 55 X Calle 79C Sur,140
6994,A000265880,jun/29/2015 07:20 p. m.,3,d,Choque,jun/29/2015 07:20 p. m.,1,1,1,1,1,Carrera 50 X Calle 80 Sur,143
6995,A000265866,jun/26/2015 06:30 p. m.,6,d,Choque,jun/26/2015 06:30 p. m.,1,1,1,1,1,Calle 80 Sur X Carrera 55,143
6996,A000265864,jun/26/2015 02:30 p. m.,3,d,Choque,jun/26/2015 02:30 p. m.,1,2,1,1,1,Carrera 50 X Calle 79C Sur,143
6997,A000265874,jun/30/2015 07:30 a. m.,3,d,Choque,jun/30/2015 07:30 a. m.,1,1,1,1,1,Carrera 50 X Calle 80 Sur,143
6998,A000265870,jun/30/2015 06:30 a. m.,4,h,Choque,jun/30/2015 06:30 a. m.,1,1,1,1,1,Carrera 48 X Calle 97 Sur,143
6999,A000265858,jun/24/2015 12:00 p. m.,18,h,Caida Ocupante,jun/24/2015 12:00 p. m.,1,1,1,1,1,Calle 75AA Sur X Carrera 53,140
7000,A000265867,jun/27/2015 05:45 a. m.,4,h,Caida Ocupante,jun/27/2015 05:45 a. m.,1,2,1,1,1,Carrera 48 X Calle 100 Sur,140
7001,A00000482,jun/24/2015 11:00 a. m.,1,d,Choque,jun/24/2015 11:00 a. m.,1,1,1,1,1,Carrera 61 X Calle 80 Sur,143
7002,A000265863,jun/26/2015 06:50 a. m.,3,d,Choque,jun/26/2015 06:50 a. m.,1,1,1,1,1,Carrera 50 X Calle 79B Sur,143
7003,A000265875,jun/25/2015 07:00 a. m.,3,d,Choque,jun/25/2015 07:00 a. m.,1,2,1,1,1,Carrera 50 X Calle 79C Sur,143
7004,A000265865,jun/26/2015 07:20 p. m.,3,d,Choque,jun/26/2015 07:20 p. m.,1,2,1,1,1,Carrera 50 X Calle 79C Sur,143
7006,A000265859,jun/24/2015 08:20 p. m.,8,h,Volcamiento,jun/24/2015 08:20 p. m.,1,1,1,1,1,Carrera 55 X Calle 77 Sur,140
7007,A00000464,jun/23/2015 01:50 p. m.,14,d,Choque,jun/23/2015 01:50 p. m.,1,1,1,1,1,Calle 87 Sur X Carrera 60,143
7008,A000265852,jun/18/2015 09:45 p. m.,12,d,Choque,jun/18/2015 09:45 p. m.,1,2,1,1,1,Carrera 50 X Calle 96 Sur,143
7009,A000265851,jun/20/2015 09:00 a. m.,19,h,Choque,jun/20/2015 09:00 a. m.,1,1,1,1,1,Carrera 59 X Calle 76 Sur,143
7010,A000265847,jun/18/2015 07:05 p. m.,3,h,Choque,jun/18/2015 07:05 p. m.,1,1,1,2,1,Carrera 50 X Calle 99 Sur,143
7011,A000265860,jun/24/2015 06:00 a. m.,1,d,Choque,jun/24/2015 06:00 a. m.,1,1,1,1,1,Calle 80 Sur X Carrera 60,140
7099,A000265921,jul/15/2015 06:40 a. m.,3,d,Choque,jul/15/2015 06:40 a. m.,1,2,1,1,1,Carrera 50 X Calle 83 Sur,143
7100,A000265964,jul/30/2015 07:30 p. m.,2,h,Caida Ocupante,jul/30/2015 07:30 p. m.,1,1,1,1,1,Carrera 50 X Calle 97 Sur,140
6650,A000213270,mar/01/2015 08:00 p. m.,4,h,Volcamiento,mar/01/2015 08:00 p. m.,1,1,1,1,1,Calle 100B Sur X Carrera 48,140
6651,A000213273,mar/02/2015 02:40 p. m.,18,h,Choque,mar/02/2015 02:40 p. m.,1,1,1,1,1,Carrera 50 X Calle 77 Sur,143
6653,A000213268,feb/28/2015 05:30 a. m.,19,h,Atropello,feb/28/2015 05:30 a. m.,1,1,1,1,1,Carrera 59 X Calle 77 Sur,409
6654,A000213266,feb/26/2015 01:00 p. m.,19,d,Choque,feb/26/2015 01:00 p. m.,1,1,1,1,1,Calle 75 Sur X Carrera 62,143
6655,A000213272,feb/27/2015 02:40 p. m.,3,h,Choque,feb/27/2015 02:40 p. m.,1,1,1,1,1,Carrera 50 X Calle 79 Sur,143
6656,A000213267,feb/28/2015 08:00 p. m.,23,h,Caida Ocupante,feb/28/2015 08:00 p. m.,1,1,1,1,1,Carrera 55 X Calle 77 Sur,140
6657,A000213269,mar/01/2015 01:50 p. m.,15,h,Atropello,mar/01/2015 01:50 p. m.,1,1,1,1,1,Carrera 62A X Calle 74 Sur,409
7121,A000265982,ago/06/2015 10:10 a. m.,3,h,Choque,ago/06/2015 10:10 a. m.,1,1,1,1,1,Carrera 50 X Calle 89 Sur,143
7122,A000265985,ago/05/2015 04:10 p. m.,15,d,Choque,ago/05/2015 04:10 p. m.,1,1,1,1,1,Carrera 62A X Calle 75B Sur,143
7123,A000265981,ago/04/2015 08:40 p. m.,13,h,Choque,ago/04/2015 08:40 p. m.,1,1,1,1,1,Carrera 50 X Calle 98 Sur,143
7124,A000265983,ago/04/2015 01:28 p. m.,14,h,Choque,ago/04/2015 01:28 p. m.,1,1,1,1,1,Carrera 50 X Calle 88 Sur,143
7125,A000265984,ago/05/2015 05:40 a. m.,15,h,Caida Ocupante,ago/05/2015 05:40 a. m.,1,1,1,1,1,Carrera 62A X Calle 75AA Sur,140
7126,A000265972,jul/31/2015 07:40 a. m.,3,h,Caida Ocupante,jul/31/2015 07:40 a. m.,1,2,1,1,1,Carrera 50 X Calle 79 Sur,140
7127,A000265986,ago/06/2015 06:30 a. m.,13,h,Choque,ago/06/2015 06:30 a. m.,1,2,1,1,1,Carrera 50 X Calle 97B Sur,143
7128,A00000620,ago/10/2015 07:20 a. m.,9,h,Choque,ago/10/2015 07:20 a. m.,1,1,1,1,1,Calle 74 Sur X Carrera 57,143
7129,A000265994,ago/07/2015 01:45 p. m.,2,d,Choque,ago/07/2015 01:45 p. m.,1,2,1,1,1,Carrera 48 X Calle 98A Sur,143
7141,A000265993,ago/06/2015 10:40 a. m.,9,d,Choque,ago/06/2015 10:40 a. m.,1,2,1,1,1,Carrera 54 X Calle 75AB Sur,143
7142,A000265979,ago/05/2015 03:30 p. m.,12,d,Choque,ago/05/2015 03:30 p. m.,1,1,1,1,1,Carrera 50 X Calle 96A Sur,143
7143,A000265997,ago/11/2015 10:20 a. m.,4,d,Choque,ago/11/2015 10:20 a. m.,1,1,1,1,1,Calle 77 Sur X Carrera 48,143
7163,A000265831,jun/11/2015 07:45 a. m.,3,d,Choque,jun/11/2015 07:45 a. m.,1,2,1,1,1,Carrera 50 X Calle 79C Sur,143
7164,A000273337,ago/24/2015 04:20 p. m.,4,d,Choque,ago/24/2015 04:20 p. m.,1,2,1,1,1,Carrera 48 X Calle 98A Sur,140
7165,A000273331,ago/19/2015 01:00 p. m.,22,d,Choque,ago/19/2015 01:00 p. m.,1,1,1,1,1,Calle 83 Sur X Carrera 59,143
7166,A000273329,ago/18/2015 05:50 p. m.,1,h,Atropello,ago/18/2015 05:50 p. m.,1,1,1,1,1,Calle 77 Sur X Carrera 60,409
7167,A000273336,ago/24/2015 03:00 p. m.,3,h,Caida Ocupante,ago/24/2015 03:00 p. m.,1,2,1,1,1,Calle 78 Sur X Carrera 52A,140
7168,A000273335,ago/22/2015 01:10 p. m.,2,h,Caida Ocupante,ago/22/2015 01:10 p. m.,1,1,1,1,1,Carrera 50 X Calle 100D Sur,140
7169,A000273333,ago/20/2015 05:40 p. m.,13,h,Atropello,ago/20/2015 05:40 p. m.,1,1,1,1,1,Carrera 50 X Calle 97C Sur,409
7170,A00000651,ago/20/2015 02:30 p. m.,27,h,Atropello,ago/20/2015 02:30 p. m.,1,1,1,1,1,Carrera 54 X Calle 75AA Sur,409
7171,A000273332,ago/21/2015 06:45 p. m.,23,h,Caida Ocupante,ago/21/2015 06:45 p. m.,1,1,1,1,1,Calle 79C Sur X Carrera 54,140
7196,A000265826,jun/10/2015 04:50 p. m.,3,h,Caida Ocupante,jun/10/2015 04:50 p. m.,1,2,1,1,1,Carrera 50 X Calle 77 Sur,140
7197,A000273351,ago/29/2015 03:30 p. m.,4,h,Choque,ago/29/2015 03:30 p. m.,1,2,1,1,1,Carrera 50 X Calle 79C Sur,143
7198,A000273354,ago/31/2015 09:00 a. m.,1,h,Caida Ocupante,ago/31/2015 09:00 a. m.,1,1,1,1,1,Calle 87 Sur X Carrera 59,140
7787,A000419465,mar/15/2016 04:20 p. m.,2,h,Choque,mar/15/2016 04:20 p. m.,1,2,1,1,1,Carrera 50 X Calle 98 Sur,143
7788,A000419466,mar/15/2016 04:10 p. m.,14,h,Choque,mar/15/2016 04:10 p. m.,1,1,1,1,1,Carrera 55 X Calle 87 Sur,143
7789,A00000225,mar/14/2016 07:00 a. m.,6,d,Choque,mar/14/2016 07:00 a. m.,1,1,1,1,1,Carrera 55 X Calle 80 Sur,143
7790,A000419461,mar/15/2016 10:10 p. m.,4,h,Volcamiento,mar/15/2016 10:10 p. m.,1,2,1,1,1,Carrera 48 X Calle 98 Sur,140
7791,A000419462,mar/15/2016 03:30 p. m.,8,h,Choque,mar/15/2016 03:30 p. m.,1,2,1,1,1,Calle 77 Sur X Carrera 55,143
7792,A000419469,mar/17/2016 06:30 a. m.,12,h,Caida Ocupante,mar/17/2016 06:30 a. m.,1,1,1,1,1,Calle 95 Sur X Carrera 51,140
7793,A000419467,mar/16/2016 09:40 a. m.,1,h,Caida Ocupante,mar/16/2016 09:40 a. m.,1,1,1,1,1,Carrera 63 X Calle 83 Sur,140
7794,A000419468,mar/16/2016 07:35 a. m.,5,d,Choque,mar/16/2016 07:35 a. m.,1,1,1,1,1,Carrera 52 X Calle 82 Sur,143
7795,A000419470,mar/17/2016 04:40 p. m.,2,h,Choque,mar/17/2016 04:40 p. m.,1,2,1,1,1,Carrera 48 X Calle 98A Sur,143
7846,A000420881,abr/06/2016 04:10 p. m.,8,d,Choque,abr/06/2016 04:10 p. m.,1,2,1,1,1,Carrera 55 X Calle 77 Sur,143
7847,A00000292,abr/04/2016 12:30 p. m.,3,d,Choque,abr/04/2016 12:30 p. m.,1,2,1,1,1,Carrera 50 X Calle 100B Sur,143
7876,A000331257,nov/27/2015 06:20 p. m.,3,h,Choque,nov/27/2015 06:20 p. m.,1,1,1,1,1,Carrera 50 X Calle 92 Sur,143
7877,A000420919,abr/20/2016 08:20 a. m.,1,h,Atropello,abr/20/2016 08:20 a. m.,1,1,1,1,1,Carrera 60 X Calle 81 Sur,409
7878,A000420894,abr/13/2016 08:10 p. m.,11,d,Choque,abr/13/2016 08:10 p. m.,1,1,1,1,1,Calle 81 Sur X Carrera 66,140
7886,A000420913,abr/19/2016 11:10 a. m.,3,h,Choque,abr/19/2016 11:10 a. m.,1,2,1,1,1,Calle 100 Sur X Carrera 49B,143
7890,A000420896,abr/15/2016 06:30 a. m.,19,d,Choque,abr/15/2016 06:30 a. m.,1,1,1,1,1,Calle 77 Sur X Carrera 56,143
7891,A000420895,abr/14/2016 07:30 p. m.,14,d,Choque,abr/14/2016 07:30 p. m.,1,1,1,1,1,Carrera 50 X Calle 88A Sur,143
7892,A000420903,abr/16/2016 10:30 a. m.,12,d,Choque,abr/16/2016 10:30 a. m.,1,1,1,1,1,Carrera 50 X Calle 95 Sur,143
7893,A000420907,abr/18/2016 02:40 p. m.,4,d,Choque,abr/18/2016 02:40 p. m.,1,2,1,1,1,Carrera 48 X Calle 98A Sur,143
7894,A000420908,abr/15/2016 09:30 p. m.,24,d,Choque,abr/15/2016 09:30 p. m.,1,1,1,1,1,Calle 87 Sur X Carrera 65A,143
7726,A000419410,feb/24/2016 03:15 p. m.,3,d,Choque,feb/24/2016 03:15 p. m.,1,1,1,1,1,Carrera 50 X Calle 92B Sur,143
7727,A000419414,feb/27/2016 06:35 p. m.,22,d,Choque,feb/27/2016 06:35 p. m.,1,1,1,1,1,Carrera 57 X Calle 80 Sur,143
7748,A00000189,mar/05/2016 11:30 p. m.,3,d,Choque,mar/05/2016 11:30 p. m.,1,2,1,1,1,Carrera 50 X Calle 77 Sur,140
7749,A00000177,feb/26/2016 08:20 a. m.,20,h,Otro,feb/26/2016 08:20 a. m.,1,1,1,2,1,Carrera 63 X Calle 79 Sur,140
7750,A000419427,mar/01/2016 10:05 a. m.,4,d,Choque,mar/01/2016 10:05 a. m.,1,2,1,1,1,Carrera 50 X Calle 79C Sur,143
7751,A00000198,mar/04/2016 05:30 a. m.,9,h,Choque,mar/04/2016 05:30 a. m.,1,1,1,1,1,Calle 74 Sur X Carrera 54,140
7752,A000419435,mar/05/2016 02:30 p. m.,3,h,Caida Ocupante,mar/05/2016 02:30 p. m.,1,2,1,1,1,Carrera 55 X Calle 88 Sur,140
7796,A00000246,mar/21/2016 08:00 a. m.,4,h,Choque,mar/21/2016 08:00 a. m.,1,2,1,1,1,Carrera 48 X Calle 98A Sur,143
7797,A000419483,mar/21/2016 02:20 a. m.,1,h,Caida Ocupante,mar/21/2016 02:20 a. m.,1,1,1,1,1,Carrera 60 X Calle 79 Sur,140
7798,A000419485,mar/23/2016 04:50 a. m.,3,h,Atropello,mar/23/2016 04:50 a. m.,1,1,1,1,1,Carrera 50 X Calle 80 Sur,409
7799,A000419484,mar/23/2016 05:15 p. m.,2,h,Caida Ocupante,mar/23/2016 05:15 p. m.,1,2,1,1,1,Carrera 48 X Calle 98A Sur,140
7800,A000419480,mar/20/2016 05:00 a. m.,3,h,Choque,mar/20/2016 05:00 a. m.,1,2,1,1,1,Carrera 50 X Calle 98A Sur,143
7801,A000419486,mar/25/2016 02:15 a. m.,8,d,Choque,mar/25/2016 02:15 a. m.,1,1,1,1,1,Carrera 55 X Calle 77 Sur,140
7802,A00000258,mar/23/2016 05:30 a. m.,3,h,Choque,mar/23/2016 05:30 a. m.,1,1,1,1,1,Carrera 50 X Calle 79B Sur,143
7828,A00000282,abr/04/2016 11:20 a. m.,15,h,Atropello,abr/04/2016 11:20 a. m.,1,1,1,1,1,Carrera 62 X Calle 74 Sur,409
7829,A000419503,abr/01/2016 06:30 p. m.,19,h,Caida Ocupante,abr/01/2016 06:30 p. m.,1,1,1,1,1,Calle 77 Sur X Carrera 59,140
7830,A000419502,mar/31/2016 11:50 a. m.,15,d,Choque,mar/31/2016 11:50 a. m.,1,1,1,1,1,Calle 74 Sur X Carrera 57,143
7831,A000419496,mar/29/2016 03:50 p. m.,15,h,Caida Ocupante,mar/29/2016 03:50 p. m.,1,1,1,1,1,Carrera 61 X Calle 73 Sur,140
7832,A000419499,abr/01/2016 02:30 p. m.,19,h,Atropello,abr/01/2016 02:30 p. m.,1,1,1,1,1,Calle 77 Sur X Carrera 57,409
7833,A000419498,mar/31/2016 01:20 p. m.,13,h,Choque,mar/31/2016 01:20 p. m.,1,2,1,1,1,Carrera 50 X Calle 96 Sur,143
7834,A00000286,abr/05/2016 05:30 p. m.,19,h,Atropello,abr/05/2016 05:30 p. m.,1,1,1,1,1,Carrera 57 X Calle 77 Sur,409
7835,A000419508,abr/05/2016 10:00 p. m.,18,h,Caida Ocupante,abr/05/2016 10:00 p. m.,1,2,1,1,1,Carrera 50 X Calle 77 Sur,140
7836,A000419509,abr/05/2016 02:45 p. m.,6,h,Caida Ocupante,abr/05/2016 02:45 p. m.,1,1,1,1,1,Carrera 55 X Calle 80 Sur,140
7837,A000419505,mar/31/2016 07:55 a. m.,15,d,Choque,mar/31/2016 07:55 a. m.,1,1,1,1,1,Carrera 60 X Calle 76C Sur,143
7838,A000419497,mar/30/2016 07:10 a. m.,2,h,Choque,mar/30/2016 07:10 a. m.,1,2,1,1,1,Carrera 48 X Calle 100 Sur,143
7839,A000419501,abr/01/2016 02:20 p. m.,19,h,Choque,abr/01/2016 02:20 p. m.,1,1,1,1,1,Calle 77 Sur X Carrera 59,143
7879,A000420905,abr/18/2016 01:40 p. m.,13,d,Otro,abr/18/2016 01:40 p. m.,1,2,1,1,1,Carrera 50 X Calle 97B Sur,140