NRO_RADICADO,NUMERO_EXPEDIENTE,FECHA_ACCIDENTE,ID_ZONA,GRAVEDAD,DESC_CLASE_ACCIDENTE,HORA_ACCIDENTE,AREA,SECTOR,ZONA,DISENO,ESTADO_TIEMPO,VIA_ACCID,POSIBLE_CAUSA
7880,A000420912,abr/19/2016 07:20 a. m.,3,d,Choque,abr/19/2016 07:20 a. m.,1,2,1,1,1,Calle 96 Sur X Carrera 50,140
7881,A000420926,abr/23/2016 10:46 p. m.,14,m,Caida Ocupante,abr/23/2016 10:46 p. m.,1,2,1,1,1,Carrera 50 X Calle 80 Sur,140
7882,A000420917,abr/19/2016 02:10 p. m.,3,h,Atropello,abr/19/2016 02:10 p. m.,1,2,1,1,1,Carrera 50 X Calle 80 Sur,409
7883,A000420911,abr/19/2016 05:10 p. m.,3,h,Caida Ocupante,abr/19/2016 05:10 p. m.,1,1,1,1,1,Carrera 50 X Calle 101 Sur,140
7884,A00000317,abr/17/2016 07:30 a. m.,14,d,Choque,abr/17/2016 07:30 a. m.,1,1,1,1,1,Carrera 55 X Calle 87 Sur,143
7948,A000420974,may/13/2016 02:05 p. m.,6,d,Choque,may/13/2016 02:05 p. m.,1,1,1,2,1,Carrera 55 X Calle 80 Sur,143
7949,A000420956,may/06/2016 06:30 p. m.,2,h,Caida Ocupante,may/06/2016 06:30 p. m.,1,2,1,1,1,Carrera 48 X Calle 100D Sur,143
7954,A000420977,may/14/2016 01:00 p. m.,18,h,Atropello,may/14/2016 01:00 p. m.,1,1,1,1,1,Carrera 50D X Calle 77 Sur,409
7955,A000420979,may/15/2016 10:00 p. m.,23,h,Caida Ocupante,may/15/2016 10:00 p. m.,1,2,1,1,1,Carrera 54 X Calle 77 Sur,140
7961,A000420982,may/15/2016 06:50 a. m.,23,h,Caida Ocupante,may/15/2016 06:50 a. m.,1,1,1,1,1,Calle 79 Sur X Carrera 54B,140
7962,A000420962,may/08/2016 08:30 p. m.,12,d,Choque,may/08/2016 08:30 p. m.,1,1,1,1,1,Carrera 50 X Calle 90 Sur,143
7963,A00000406,may/15/2016 06:30 p. m.,1,h,Choque,may/15/2016 06:30 p. m.,1,1,1,2,1,Calle 83 Sur X Carrera 60,143
7964,A000420984,may/16/2016 01:50 p. m.,2,h,Caida Ocupante,may/16/2016 01:50 p. m.,1,1,1,1,1,Carrera 50 X Calle 96 Sur,140
7965,A000420995,may/19/2016 07:30 a. m.,12,d,Choque,may/19/2016 07:30 a. m.,1,1,1,1,1,Carrera 50 X Calle 92 Sur,140
7966,A00000420,may/19/2016 07:40 p. m.,1,d,Choque,may/19/2016 07:40 p. m.,1,1,1,1,1,Calle 83A Sur X Carrera 59,143
7967,A000421003,may/19/2016 08:10 p. m.,1,d,Choque,may/19/2016 08:10 p. m.,1,1,1,1,1,Calle 80 Sur X Carrera 62,143
7976,A000420996,may/19/2016 06:40 a. m.,17,h,Choque,may/19/2016 06:40 a. m.,1,1,1,2,1,Calle 80 Sur X Carrera 57,143
7977,A000420991,may/18/2016 01:20 p. m.,1,d,Choque,may/18/2016 01:20 p. m.,1,1,1,1,1,Calle 87 Sur X Carrera 60,143
7978,A000421010,may/23/2016 06:45 a. m.,22,d,Choque,may/23/2016 06:45 a. m.,1,1,1,2,1,Calle 82 Sur X Carrera 56D,143
7979,A000421017,may/24/2016 07:30 p. m.,24,h,Caida Ocupante,may/24/2016 07:30 p. m.,1,1,1,1,1,Carrera 63 X Calle 86 Sur,409
7980,A000421004,may/22/2016 01:30 p. m.,2,h,Caida Ocupante,may/22/2016 01:30 p. m.,1,1,1,1,1,Carrera 50 X Calle 101 Sur,140
7981,A000420992,may/21/2016 02:45 p. m.,15,d,Choque,may/21/2016 02:45 p. m.,1,1,1,2,1,Calle 76 Sur X Carrera 62,143
8558,A00000860,oct/07/2016 06:20 p. m.,17,h,Choque,oct/07/2016 06:20 p. m.,1,1,1,2,1,Calle 80 Sur X Carrera 55,143
8571,A00001019,nov/21/2016 06:35 p. m.,27,d,Choque,nov/21/2016 06:35 p. m.,1,1,1,1,1,Carrera 54 X Calle 75AA Sur,143
8574,A00001021,nov/23/2016 04:25 p. m.,24,d,Choque,nov/23/2016 04:25 p. m.,1,1,1,1,1,Calle 87 Sur X Carrera 55,143
8575,A00000890,oct/15/2016 05:30 p. m.,1,d,Choque,oct/15/2016 05:30 p. m.,1,1,1,1,1,Carrera 63 X Calle 87 Sur,143
8576,A00001023,nov/22/2016 02:41 p. m.,2,h,Caida Ocupante,nov/22/2016 02:41 p. m.,1,1,1,1,1,Carrera 48 X Calle 101 Sur,140
8591,A00001034,nov/25/2016 11:50 a. m.,23,h,Caida Ocupante,nov/25/2016 11:50 a. m.,1,1,1,1,1,Calle 78 Sur X Carrera 52,140
8592,A00001035,nov/26/2016 06:00 a. m.,4,h,Caida Ocupante,nov/26/2016 06:00 a. m.,1,1,1,1,1,Carrera 48 X Calle 98 Sur,140
8593,A00001031,nov/27/2016 07:50 p. m.,17,h,Caida Ocupante,nov/27/2016 07:50 p. m.,1,1,1,1,1,Calle 80 Sur X Carrera 50A,140
8594,A00001037,nov/28/2016 04:15 p. m.,2,h,Atropello,nov/28/2016 04:15 p. m.,1,1,1,1,1,Carrera 50 X Calle 99 Sur,409
8595,A00001038,nov/28/2016 06:30 p. m.,14,d,Choque,nov/28/2016 06:30 p. m.,1,1,1,1,1,Calle 87 Sur X Carrera 55,143
8748,A00000907,oct/18/2016 08:50 p. m.,16,h,Choque,oct/18/2016 08:50 p. m.,1,1,1,1,1,Carrera 56 X Calle 83 Sur,143
8749,A000037,ene/14/2017 11:30 p. m.,4,d,Volcamiento,ene/14/2017 11:30 p. m.,1,1,1,1,1,Carrera 48 X Calle 98 Sur,157
8750,A0000042,ene/19/2017 01:00 p. m.,4,d,Choque,ene/19/2017 01:00 p. m.,1,1,1,1,1,Carrera 48 X Calle 100 Sur,140
8758,A00001011,nov/17/2016 05:50 a. m.,15,h,Choque,nov/17/2016 05:50 a. m.,1,1,1,2,1,Carrera 62A X Calle 74 Sur,143
8759,A0000049,ene/21/2017 12:40 p. m.,14,h,Caida Ocupante,ene/21/2017 12:40 p. m.,1,1,1,1,1,Carrera 55 X Calle 83C Sur,140
8767,A000058,ene/20/2017 02:20 p. m.,2,d,Choque,ene/20/2017 02:20 p. m.,1,1,1,1,1,Carrera 50 X Calle 79 Sur,143
8768,A000057,ene/22/2017 08:00 p. m.,14,h,Choque,ene/22/2017 08:00 p. m.,1,1,1,1,1,Carrera 50 X Calle 89 Sur,143
8769,A000059,ene/23/2017 08:00 p. m.,11,h,Caida Ocupante,ene/23/2017 08:00 p. m.,1,1,1,1,1,Carrera 66 X Calle 74 Sur,140
8770,A000060,ene/23/2017 09:00 p. m.,3,h,Caida Ocupante,ene/23/2017 09:00 p. m.,1,1,1,1,1,Carrera 50 X Calle 91 Sur,140
8781,A000074,ene/26/2017 04:20 p. m.,19,h,Atropello,ene/26/2017 04:20 p. m.,1,1,1,1,1,Calle 77 Sur X Carrera 55,409
8782,A000075,ene/27/2017 07:00 a. m.,14,h,Caida Ocupante,ene/27/2017 07:00 a. m.,1,1,1,1,1,Carrera 55 X Calle 82A Sur,140
8874,A00000169,feb/19/2017 12:20 p. m.,14,d,Choque,feb/19/2017 12:20 p. m.,1,1,1,1,1,Calle 88AA Sur X Carrera 50,143
8875,A00000172,feb/19/2017 04:20 p. m.,1,d,Choque,feb/19/2017 04:20 p. m.,1,1,1,1,1,Carrera 59 X Calle 77 Sur,143
8876,A00000179,feb/21/2017 02:20 p. m.,24,d,Choque,feb/21/2017 02:20 p. m.,1,1,1,2,1,Carrera 65 X Calle 87 Sur,143
8877,A00000180,feb/21/2017 07:40 a. m.,17,h,Caida Ocupante,feb/21/2017 07:40 a. m.,1,1,1,1,1,Calle 82 Sur X Carrera 56A,140
8878,A00000181,feb/21/2017 11:50 a. m.,24,h,Choque,feb/21/2017 11:50 a. m.,1,1,1,1,1,Calle 87 Sur X Carrera 57,143
8879,A00000176,feb/20/2017 12:30 p. m.,1,d,Choque,feb/20/2017 12:30 p. m.,1,1,1,2,1,Carrera 54 X Calle 79 Sur,143
8880,A00000178,feb/20/2017 08:40 a. m.,15,h,Atropello,feb/20/2017 08:40 a. m.,1,1,1,1,1,Calle 73 Sur X Carrera 63AA,409
8881,A00000182,feb/21/2017 05:30 p. m.,23,d,Choque,feb/21/2017 05:30 p. m.,1,1,1,1,1,Calle 78A Sur X Carrera 52A,143
8882,A00000126,feb/01/2017 02:30 p. m.,19,h,Choque,feb/01/2017 02:30 p. m.,1,1,1,1,1,Calle 77 Sur X Carrera 59,143
8883,A00000177,feb/20/2017 12:00 p. m.,15,h,Choque,feb/20/2017 12:00 p. m.,1,1,1,1,1,Calle 74 Sur X Carrera 62A,143
8892,A0000156,feb/14/2017 10:30 a. m.,2,h,Choque,feb/14/2017 10:30 a. m.,1,1,1,1,1,Calle 100 Sur X Carrera 49,143
8893,A00000191,feb/24/2017 07:20 p. m.,13,h,Caida Ocupante,feb/24/2017 07:20 p. m.,1,1,1,1,1,Carrera 50 X Calle 96A Sur,140
8894,A00000193,feb/24/2017 06:45 p. m.,13,h,Caida Ocupante,feb/24/2017 06:45 p. m.,1,1,1,1,1,Carrera 50 X Calle 97B Sur,140
8895,A00000192,feb/24/2017 06:00 a. m.,3,d,Choque,feb/24/2017 06:00 a. m.,1,1,1,1,1,Carrera 50 X Calle 92B Sur,143
7785,A000419463,mar/09/2016 01:20 p. m.,15,d,Choque,mar/09/2016 01:20 p. m.,1,1,1,1,1,Carrera 62A X Calle 74 Sur,140
7887,A000420933,abr/24/2016 11:00 p. m.,3,h,Caida Ocupante,abr/24/2016 11:00 p. m.,1,1,1,1,1,Carrera 50 X Calle 90 Sur,140
7888,A000420934,abr/26/2016 11:40 a. m.,3,h,Caida Ocupante,abr/26/2016 11:40 a. m.,1,1,1,1,1,Carrera 50 X Calle 101 Sur,140
7889,A0000347,abr/23/2016 11:30 a. m.,19,h,Choque,abr/23/2016 11:30 a. m.,1,1,1,1,1,Carrera 55 X Calle 77 Sur,143
7905,A000420938,abr/30/2016 04:40 p. m.,19,h,Caida Ocupante,abr/30/2016 04:40 p. m.,1,1,1,1,1,Carrera 55 X Calle 77 Sur,140
7906,A000420937,abr/30/2016 04:00 p. m.,2,h,Caida Ocupante,abr/30/2016 04:00 p. m.,1,2,1,1,1,Carrera 48 X Calle 98A Sur,140
7907,A000420936,abr/28/2016 02:30 p. m.,9,h,Caida Ocupante,abr/28/2016 02:30 p. m.,1,1,1,1,1,Calle 75 Sur X Carrera 60,140
7908,A00000358,abr/28/2016 06:30 p. m.,1,d,Choque,abr/28/2016 06:30 p. m.,1,1,1,1,1,Carrera 62 X Calle 86 Sur,140
7909,A000420935,abr/28/2016 08:50 p. m.,3,h,Atropello,abr/28/2016 08:50 p. m.,1,2,1,1,1,Carrera 48 X Calle 98A Sur,409
8017,A000421030,may/30/2016 06:00 a. m.,17,d,Choque,may/30/2016 06:00 a. m.,1,1,1,1,1,Calle 80 Sur X Carrera 56D,143
8018,A000421035,may/31/2016 12:20 p. m.,4,h,Choque,may/31/2016 12:20 p. m.,1,2,1,1,1,Carrera 48 X Calle 100 Sur,143
8019,A000421034,may/31/2016 09:20 a. m.,5,h,Caida Ocupante,may/31/2016 09:20 a. m.,1,1,1,1,1,Carrera 55 X Calle 90 Sur,140
8020,A000421036,may/31/2016 07:00 p. m.,12,h,Caida Ocupante,may/31/2016 07:00 p. m.,1,2,1,1,1,Carrera 50 X Calle 96 Sur,140
8021,A000421015,may/24/2016 07:00 p. m.,22,h,Choque,may/24/2016 07:00 p. m.,1,1,1,1,1,Carrera 55 X Calle 84 Sur,143
8022,A000421027,may/27/2016 01:00 p. m.,4,d,Choque,may/27/2016 01:00 p. m.,1,2,1,1,1,Carrera 48 X Calle 79C Sur,143
8023,A000420947,may/05/2016 06:00 a. m.,17,d,Choque,may/05/2016 06:00 a. m.,1,1,1,1,1,Carrera 55 X Calle 80 Sur,143
8024,A000420948,may/04/2016 07:15 a. m.,15,d,Choque,may/04/2016 07:15 a. m.,1,1,1,1,1,Carrera 62A X Calle 75AA Sur,143
8025,A000420951,may/05/2016 10:10 a. m.,3,d,Choque,may/05/2016 10:10 a. m.,1,1,1,1,1,Carrera 50 X Calle 95 Sur,143
8026,A000421037,jun/01/2016 11:00 a. m.,3,h,Caida Ocupante,jun/01/2016 11:00 a. m.,1,1,1,1,1,Carrera 50 X Calle 88A Sur,140
8073,A000458902,jun/16/2016 03:20 p. m.,6,h,Choque,jun/16/2016 03:20 p. m.,1,1,1,1,1,Carrera 50 X Calle 91 Sur,143
8074,A000421079,jun/14/2016 02:10 p. m.,23,h,Caida Ocupante,jun/14/2016 02:10 p. m.,1,1,1,1,1,Calle 79 Sur X Carrera 50,140
8075,A000458904,jun/17/2016 10:30 a. m.,3,d,Choque,jun/17/2016 10:30 a. m.,1,1,1,1,1,Carrera 50 X Calle 79C Sur,143
6580,A000213199,ene/29/2015 10:30 a. m.,2,h,Choque,ene/29/2015 10:30 a. m.,1,1,1,1,1,Carrera 50 X Calle 102 Sur,143
6581,A000067,ene/28/2015 06:20 p. m.,1,h,Atropello,ene/28/2015 06:20 p. m.,1,1,1,1,1,Calle 80 Sur X Carrera 63,409
6582,A000213200,ene/29/2015 05:20 p. m.,1,d,Choque,ene/29/2015 05:20 p. m.,1,1,1,2,1,Calle 80 Sur X Carrera 63,143
6583,A000213201,ene/29/2015 05:30 p. m.,1,h,Caida Ocupante,ene/29/2015 05:30 p. m.,1,1,1,1,1,Calle 80 Sur X Carrera 64,140
6584,A000213202,ene/29/2015 01:20 p. m.,3,d,Choque,ene/29/2015 01:20 p. m.,1,1,1,1,1,Carrera 50 X Calle 77 Sur,143
6585,A000213203,feb/01/2015 12:30 p. m.,3,h,Caida Ocupante,feb/01/2015 12:30 p. m.,1,2,1,1,1,Carrera 50 X Calle 79 Sur,140
6589,A000213207,feb/02/2015 04:18 p. m.,22,h,Atropello,feb/02/2015 04:18 p. m.,1,1,1,1,1,Carrera 59 X Calle 82 Sur,409
6590,A000213208,ene/29/2015 12:55 p. m.,13,d,Choque,ene/29/2015 12:55 p. m.,1,1,1,1,1,Carrera 50 X Calle 97B Sur,143
6591,A000213209,feb/03/2015 01:20 p. m.,3,d,Choque,feb/03/2015 01:20 p. m.,1,1,1,2,1,Carrera 50 X Calle 100 Sur,143
6592,A000213210,feb/04/2015 07:00 p. m.,14,h,Atropello,feb/04/2015 07:00 p. m.,1,1,1,1,1,Calle 91 Sur X Carrera 55,409
6593,A000213211,feb/05/2015 08:00 p. m.,24,h,Caida Ocupante,feb/05/2015 08:00 p. m.,1,1,1,1,1,Carrera 62 X Calle 86 Sur,140
6594,A000213212,feb/06/2015 06:40 a. m.,3,h,Caida Ocupante,feb/06/2015 06:40 a. m.,1,1,1,1,1,Carrera 50 X Calle 88 Sur,140
6595,A000213214,feb/05/2015 10:00 a. m.,3,h,Caida Ocupante,feb/05/2015 10:00 a. m.,1,1,1,1,1,Carrera 50 X Calle 95 Sur,140
6596,A000213215,feb/06/2015 04:20 p. m.,18,h,Choque,feb/06/2015 04:20 p. m.,1,2,1,1,1,Carrera 50 X Calle 77 Sur,143
6597,A000213219,feb/10/2015 03:50 p. m.,4,h,Caida Ocupante,feb/10/2015 03:50 p. m.,1,1,1,1,1,Carrera 48 X Calle 98 Sur,140
6598,A000213216,feb/06/2015 01:15 p. m.,16,d,Choque,feb/06/2015 01:15 p. m.,1,1,1,1,1,Carrera 55 X Calle 83 Sur,143
6599,A000213221,feb/10/2015 10:30 p. m.,11,h,Volcamiento,feb/10/2015 10:30 p. m.,1,1,1,1,1,Carrera 65 X Calle 81 Sur,140
6600,A000213222,feb/11/2015 12:30 p. m.,2,h,Atropello,feb/11/2015 12:30 p. m.,1,1,1,1,1,Calle 100 Sur X Carrera 53,409
6601,A000213223,feb/11/2015 07:30 a. m.,15,h,Caida Ocupante,feb/11/2015 07:30 a. m.,1,1,1,1,1,Carrera 62 X Calle 75 Sur,140
6602,A000213224,feb/10/2015 11:30 a. m.,25,h,Choque,feb/10/2015 11:30 a. m.,1,1,1,1,1,Carrera 59 X Calle 81 Sur,143
6603,A000094,feb/12/2015 02:45 p. m.,3,h,Choque,feb/12/2015 02:45 p. m.,1,1,1,1,1,Carrera 50 X Calle 97 Sur,143
6604,A000213226,feb/11/2015 02:33 p. m.,3,d,Choque,feb/11/2015 02:33 p. m.,1,2,1,1,1,Carrera 50 X Calle 79 Sur,143
6605,A000213227,feb/11/2015 11:30 a. m.,13,d,Choque,feb/11/2015 11:30 a. m.,1,1,1,1,1,Carrera 50 X Calle 97B Sur,143
6899,A000213490,may/31/2015 11:40 a. m.,27,d,Choque,may/31/2015 11:40 a. m.,1,1,1,1,1,Calle 75 Sur X Carrera 54A,143
6900,A000265801,jun/02/2015 06:00 p. m.,6,d,Choque,jun/02/2015 06:00 p. m.,1,1,1,1,1,Calle 80 Sur X Carrera 55,143
6901,A00000295,abr/27/2015 04:00 p. m.,4,h,Choque,abr/27/2015 04:00 p. m.,1,2,1,1,1,Carrera 48 X Calle 96 Sur,140
6902,A000265803,jun/03/2015 05:50 p. m.,16,h,Choque,jun/03/2015 05:50 p. m.,1,1,1,1,1,Calle 83 Sur X Carrera 55,143
6903,A000265804,may/29/2015 07:10 a. m.,2,h,Caida Ocupante,may/29/2015 07:10 a. m.,1,2,1,1,1,Carrera 50 X Calle 100B Sur,140
6904,A000265802,may/30/2015 10:45 a. m.,3,d,Choque,may/30/2015 10:45 a. m.,1,1,1,1,1,Carrera 50 X Calle 79 Sur,143
6905,A000213399,abr/29/2015 03:30 p. m.,9,d,Choque,abr/29/2015 03:30 p. m.,1,1,1,1,1,Carrera 54 X Calle 75AB Sur,143
7199,A000273324,ago/15/2015 04:50 p. m.,4,h,Atropello,ago/15/2015 04:50 p. m.,1,1,1,1,1,Calle 77 Sur X Carrera 55,409
7200,A00000678,ago/01/2015 04:30 p. m.,11,h,Choque,ago/01/2015 04:30 p. m.,1,1,1,1,1,Calle 81 Sur X Carrera 64,143
7201,A00000656,ago/23/2015 08:50 p. m.,4,h,Otro,ago/23/2015 08:50 p. m.,1,2,1,1,1,Carrera 48 X Calle 97 Sur,140
7202,A00000633,ago/14/2015 05:00 p. m.,3,d,Choque,ago/14/2015 05:00 p. m.,1,2,1,1,1,Carrera 50 X Calle 79C Sur,143
7215,A000273371,sept/07/2015 12:05 p. m.,19,d,Choque,sept/07/2015 12:05 p. m.,1,1,1,2,1,Calle 77 Sur X Carrera 56C,143
7216,A000273372,sept/08/2015 01:20 p. m.,4,h,Atropello,sept/08/2015 01:20 p. m.,1,1,1,1,1,Carrera 48 X Calle 99 Sur,409
7217,A000273370,sept/08/2015 08:30 a. m.,1,d,Choque,sept/08/2015 08:30 a. m.,1,1,1,2,1,Carrera 63 X Calle 80 Sur,143
7218,A000273365,sept/05/2015 09:35 p. m.,19,h,Choque,sept/05/2015 09:35 p. m.,1,1,1,1,1,Calle 77 Sur X Carrera 57,143
7323,A000273457,oct/06/2015 11:20 a. m.,4,d,Choque,oct/06/2015 11:20 a. m.,1,2,1,1,1,Carrera 48 X Calle 98 Sur,143
7324,A000273464,oct/13/2015 07:30 p. m.,23,d,Choque,oct/13/2015 07:30 p. m.,1,2,1,1,1,Calle 78 Sur X Carrera 52,143
7325,A000273471,oct/13/2015 08:00 p. m.,4,d,Choque,oct/13/2015 08:00 p. m.,1,2,1,1,1,Carrera 48 X Calle 100D Sur,143
7326,A000273473,oct/16/2015 03:30 p. m.,2,d,Choque,oct/16/2015 03:30 p. m.,1,1,1,1,1,Carrera 50 X Calle 99 Sur,143
7327,A000273475,oct/17/2015 02:00 p. m.,3,d,Choque,oct/17/2015 02:00 p. m.,1,1,1,1,1,Carrera 50 X Calle 79C Sur,143
7343,A00000824,oct/17/2015 06:10 p. m.,1,h,Otro,oct/17/2015 06:10 p. m.,1,1,1,1,1,Calle 77 Sur X Carrera 59,140
7344,A000273479,oct/19/2015 07:00 a. m.,4,h,Caida Ocupante,oct/19/2015 07:00 a. m.,1,1,1,1,1,Carrera 48 X Calle 99 Sur,140
7368,A000273508,oct/29/2015 06:40 p. m.,3,d,Choque,oct/29/2015 06:40 p. m.,1,1,1,1,1,Carrera 55 X Calle 80A Sur,143
7369,A000273505,oct/27/2015 07:10 a. m.,13,d,Choque,oct/27/2015 07:10 a. m.,1,1,1,1,1,Carrera 50 X Calle 97 Sur,143
7370,A000273504,oct/27/2015 11:40 a. m.,14,h,Choque,oct/27/2015 11:40 a. m.,1,1,1,1,1,Carrera 50 X Calle 88 Sur,143
7371,A000273506,oct/27/2015 10:00 a. m.,2,d,Choque,oct/27/2015 10:00 a. m.,1,1,1,1,1,Calle 100 Sur X Carrera 49,143
7372,A000273507,oct/29/2015 06:30 a. m.,4,h,Caida Ocupante,oct/29/2015 06:30 a. m.,1,1,1,1,1,Carrera 48 X Calle 98 Sur,140
7373,A000331243,nov/03/2015 02:20 p. m.,2,h,Caida Ocupante,nov/03/2015 02:20 p. m.,1,1,1,1,1,Carrera 50 X Calle 100B Sur,140
7139,A000265991,ago/05/2015 12:30 p. m.,3,d,Choque,ago/05/2015 12:30 p. m.,1,1,1,1,1,Calle 79 Sur X Carrera 50,143
7140,A00000616,ago/06/2015 09:20 a. m.,3,h,Choque,ago/06/2015 09:20 a. m.,1,2,1,2,1,Calle 79 Sur X Carrera 50,143
7219,A000273377,sept/10/2015 11:00 a. m.,3,h,Choque,sept/10/2015 11:00 a. m.,1,1,1,1,1,Carrera 50 X Calle 88AA Sur,143
7220,A000273376,sept/05/2015 11:15 p. m.,8,d,Choque,sept/05/2015 11:15 p. m.,1,2,1,1,1,Carrera 55 X Calle 77A Sur,143
7221,A000273378,sept/10/2015 03:30 p. m.,14,d,Choque,sept/10/2015 03:30 p. m.,1,2,1,2,1,Carrera 50 X Calle 83 Sur,143
7222,A000273379,sept/10/2015 07:40 a. m.,19,h,Caida Ocupante,sept/10/2015 07:40 a. m.,1,1,1,1,1,Carrera 55 X Calle 77 Sur,140
7223,A000273382,sept/11/2015 03:10 p. m.,14,h,Choque,sept/11/2015 03:10 p. m.,1,1,1,2,1,Carrera 55 X Calle 83 Sur,143
7224,A00000716,sept/15/2015 05:15 p. m.,3,h,Choque,sept/15/2015 05:15 p. m.,1,1,1,1,1,Carrera 50 X Calle 79C Sur,143
7233,A000273391,sept/16/2015 05:00 p. m.,3,h,Caida Ocupante,sept/16/2015 05:00 p. m.,1,1,1,1,1,Carrera 50 X Calle 87 Sur,140
7234,A000273390,sept/14/2015 06:10 a. m.,3,d,Choque,sept/14/2015 06:10 a. m.,1,2,1,1,1,Calle 80 Sur X Carrera 50,143
7235,A00000719,sept/14/2015 08:00 a. m.,3,d,Choque,sept/14/2015 08:00 a. m.,1,1,1,1,1,Carrera 50 X Calle 79 Sur,143
7236,A000273389,sept/15/2015 03:07 p. m.,3,d,Choque,sept/15/2015 03:07 p. m.,1,2,1,2,1,Carrera 50 X Calle 77 Sur,143
7237,A000273388,sept/15/2015 02:15 p. m.,3,h,Caida Ocupante,sept/15/2015 02:15 p. m.,1,1,1,1,1,Carrera 50 X Calle 77 Sur,140
7238,A000273381,sept/11/2015 08:30 a. m.,23,h,Atropello,sept/11/2015 08:30 a. m.,1,1,1,1,1,Calle 79 Sur X Carrera 53,409
7239,A000273384,sept/09/2015 04:30 p. m.,1,d,Choque,sept/09/2015 04:30 p. m.,1,1,1,1,1,Carrera 62 X Calle 87 Sur,143
7240,A000273387,sept/13/2015 03:00 p. m.,3,h,Caida Ocupante,sept/13/2015 03:00 p. m.,1,1,1,1,1,Carrera 50 X Calle 99 Sur,140
7298,A000273439,oct/06/2015 11:15 a. m.,2,h,Choque,oct/06/2015 11:15 a. m.,1,2,1,2,1,Carrera 48 X Calle 98 Sur,143
7299,A000273445,oct/06/2015 11:00 a. m.,15,h,Caida Ocupante,oct/06/2015 11:00 a. m.,1,1,1,1,1,Calle 74 Sur X Carrera 62,140
7300,A000273446,oct/07/2015 09:25 p. m.,15,h,Atropello,oct/07/2015 09:25 p. m.,1,1,1,1,1,Carrera 62A X Calle 75AA Sur,409
7301,A000273442,oct/06/2015 10:30 a. m.,1,d,Choque,oct/06/2015 10:30 a. m.,1,1,1,1,1,Carrera 54 X Calle 75A Sur,143
7302,A000273440,oct/06/2015 09:20 a. m.,2,d,Volcamiento,oct/06/2015 09:20 a. m.,1,1,1,1,1,Carrera 48 X Calle 101 Sur,140
7303,A000273447,oct/07/2015 03:40 p. m.,11,h,Choque,oct/07/2015 03:40 p. m.,1,1,1,2,1,Calle 81 Sur X Carrera 65,143
7304,A000273448,oct/07/2015 04:10 p. m.,3,d,Choque,oct/07/2015 04:10 p. m.,1,1,1,1,1,Carrera 48 X Calle 79C Sur,143
7305,A000273438,oct/05/2015 01:00 p. m.,2,h,Atropello,oct/05/2015 01:00 p. m.,1,1,1,1,1,Calle 100 Sur X Carrera 49,409
7306,A000273441,oct/06/2015 05:40 p. m.,4,d,Choque,oct/06/2015 05:40 p. m.,1,2,1,1,1,Carrera 50 X Calle 77 Sur,143
7307,A000273443,oct/06/2015 05:30 a. m.,2,d,Choque,oct/06/2015 05:30 a. m.,1,2,1,1,1,Carrera 50 X Calle 97 Sur,143
7308,A000273444,oct/07/2015 01:00 p. m.,2,d,Choque,oct/07/2015 01:00 p. m.,1,1,1,1,1,Carrera 48CC X Calle 100BB Sur,143
7309,A00000794,oct/08/2015 11:20 a. m.,4,h,Atropello,oct/08/2015 11:20 a. m.,1,2,1,1,1,Carrera 48 X Calle 100 Sur,409
7310,A000273454,oct/09/2015 07:00 p. m.,6,h,Atropello,oct/09/2015 07:00 p. m.,1,1,1,1,1,Carrera 55 X Calle 80 Sur,409
7317,A00000795,oct/09/2015 05:50 p. m.,18,h,Choque,oct/09/2015 05:50 p. m.,1,1,1,1,1,Calle 77 Sur X Carrera 52D,143
7318,A000273455,oct/10/2015 04:00 p. m.,4,h,Caida Ocupante,oct/10/2015 04:00 p. m.,1,2,1,1,1,Carrera 48 X Calle 99 Sur,140
7885,A000420915,abr/19/2016 08:10 a. m.,3,d,Choque,abr/19/2016 08:10 a. m.,1,2,1,1,1,Carrera 50 X Calle 79 Sur,143
7895,A000420922,abr/23/2016 05:00 p. m.,15,d,Choque,abr/23/2016 05:00 p. m.,1,1,1,1,1,Calle 73 Sur X Carrera 63,143
7896,A000420929,abr/23/2016 09:30 a. m.,4,h,Caida Ocupante,abr/23/2016 09:30 a. m.,1,2,1,1,1,Carrera 48 X Calle 100D Sur,140
7897,A000420928,abr/22/2016 11:30 a. m.,3,h,Choque,abr/22/2016 11:30 a. m.,1,1,1,2,1,Carrera 50 X Calle 80 Sur,143
7898,A00000328,abr/19/2016 06:20 p. m.,18,h,Choque,abr/19/2016 06:20 p. m.,1,1,1,1,1,Carrera 50 X Calle 77 Sur,143
7899,A00000320,abr/16/2016 07:10 a. m.,2,h,Choque,abr/16/2016 07:10 a. m.,1,1,1,1,1,Carrera 50 X Calle 100B Sur,143
7900,A000420918,abr/20/2016 02:30 p. m.,3,d,Choque,abr/20/2016 02:30 p. m.,1,2,1,1,1,Carrera 50 X Calle 79 Sur,143
7901,A000420921,abr/21/2016 08:40 a. m.,19,d,Choque,abr/21/2016 08:40 a. m.,1,1,1,2,1,Calle 75B Sur X Carrera 56D,143
7902,A00000339,abr/21/2016 12:15 p. m.,19,d,Choque,abr/21/2016 12:15 p. m.,1,1,1,1,1,Calle 77 Sur X Carrera 56,143