NRO_RADICADO,NUMERO_EXPEDIENTE,FECHA_ACCIDENTE,ID_ZONA,GRAVEDAD,DESC_CLASE_ACCIDENTE,HORA_ACCIDENTE,AREA,SECTOR,ZONA,DISENO,ESTADO_TIEMPO,VIA_ACCID,POSIBLE_CAUSA
7903,A000420925,abr/23/2016 12:51 p. m.,3,d,Choque,abr/23/2016 12:51 p. m.,1,1,1,1,1,Calle 100 Sur X Carrera 45,143
7904,A000420930,abr/23/2016 09:00 a. m.,4,d,Choque,abr/23/2016 09:00 a. m.,1,1,1,1,1,Carrera 48 X Calle 47 Sur,143
7910,A000420891,abr/11/2016 12:10 p. m.,3,h,Choque,abr/11/2016 12:10 p. m.,1,2,1,1,1,Carrera 50 X Calle 98 Sur,140
7911,A000420931,abr/26/2016 03:15 p. m.,1,d,Choque,abr/26/2016 03:15 p. m.,1,2,1,1,1,Calle 81 Sur X Carrera 60,143
7912,A000420932,abr/26/2016 06:20 a. m.,23,h,Choque,abr/26/2016 06:20 a. m.,1,2,1,1,1,Carrera 53 X Calle 77 Sur,143
7913,A000420939,abr/30/2016 07:00 a. m.,3,h,Choque,abr/30/2016 07:00 a. m.,1,2,1,1,1,Carrera 50 X Calle 80 Sur,143
7914,A000420940,abr/28/2016 09:30 a. m.,2,d,Choque,abr/28/2016 09:30 a. m.,1,1,1,1,1,Carrera 49 X Calle 100 Sur,143
7915,A000420898,abr/15/2016 07:30 p. m.,12,h,Choque,abr/15/2016 07:30 p. m.,1,1,1,1,1,Carrera 50 X Calle 95A Sur,143
7916,A00000318,abr/18/2016 03:00 p. m.,2,h,Otro,abr/18/2016 03:00 p. m.,1,1,1,1,1,Carrera 49D X Calle 97A Sur,140
7917,A000420927,abr/24/2016 05:50 p. m.,19,h,Otro,abr/24/2016 05:50 p. m.,1,1,1,1,1,Carrera 54 X Calle 75B Sur,143
7918,A00000276,abr/01/2016 06:40 p. m.,18,h,Caida Ocupante,abr/01/2016 06:40 p. m.,1,1,1,1,1,Carrera 52D X Calle 75AA Sur,140
7523,A000331369,dic/21/2015 08:30 a. m.,13,h,Caida Ocupante,dic/21/2015 08:30 a. m.,1,1,1,1,1,Carrera 50 X Calle 97B Sur,140
7524,A000331367,dic/18/2015 06:40 a. m.,2,h,Caida Ocupante,dic/18/2015 06:40 a. m.,1,1,1,1,1,Carrera 48 X Calle 101 Sur,140
7555,A000331393,dic/30/2015 01:15 p. m.,23,h,Caida Ocupante,dic/30/2015 01:15 p. m.,1,2,1,1,1,Carrera 52 X Calle 79 Sur,140
7556,A000331394,dic/30/2015 06:50 p. m.,20,h,Caida Ocupante,dic/30/2015 06:50 p. m.,1,1,1,1,1,Carrera 63 X Calle 79 Sur,140
7557,A00001040,dic/31/2015 06:00 p. m.,2,h,Choque,dic/31/2015 06:00 p. m.,1,2,1,1,1,Carrera 48 X Calle 98 Sur,143
7558,A000331292,ene/01/2016 07:30 p. m.,23,h,Caida Ocupante,ene/01/2016 07:30 p. m.,1,1,1,1,1,Carrera 52 X Calle 78 Sur,140
7559,A00002,ene/01/2016 04:30 p. m.,11,h,Atropello,ene/01/2016 04:30 p. m.,1,1,1,1,1,Calle 73 Sur X Carrera 66,409
7579,A000331412,ene/11/2016 05:40 p. m.,3,h,Choque,ene/11/2016 05:40 p. m.,1,2,1,1,1,Carrera 48 X Calle 79C Sur,143
7601,A000331406,ene/10/2016 07:50 p. m.,1,h,Atropello,ene/10/2016 07:50 p. m.,1,1,1,1,1,Calle 77 Sur X Carrera 59,409
7602,A000419312,ene/25/2016 12:50 p. m.,6,h,Choque,ene/25/2016 12:50 p. m.,1,1,1,1,1,Carrera 55 X Calle 80 Sur,143
7603,A000419314,ene/24/2016 02:50 p. m.,3,h,Caida Ocupante,ene/24/2016 02:50 p. m.,1,1,1,1,1,Carrera 50 X Calle 80 Sur,140
7606,A000419316,ene/24/2016 04:10 p. m.,12,h,Atropello,ene/24/2016 04:10 p. m.,1,1,1,1,1,Carrera 50 X Calle 96 Sur,409
7607,A000419315,ene/24/2016 10:20 p. m.,6,h,Caida Ocupante,ene/24/2016 10:20 p. m.,1,1,1,1,1,Carrera 55 X Calle 80 Sur,140
7608,A000331436,ene/22/2016 03:30 p. m.,14,h,Caida Ocupante,ene/22/2016 03:30 p. m.,1,1,1,1,1,Carrera 55 X Calle 88 Sur,140
7609,A000419313,ene/23/2016 09:40 p. m.,4,h,Choque,ene/23/2016 09:40 p. m.,1,2,1,1,1,Carrera 48 X Calle 95 Sur,143
7610,A000331440,ene/22/2016 01:30 p. m.,4,d,Otro,ene/22/2016 01:30 p. m.,1,2,1,1,1,Carrera 48 X Calle 100B Sur,140
7611,A000331432,ene/19/2016 08:00 a. m.,22,h,Caida Ocupante,ene/19/2016 08:00 a. m.,1,1,1,1,1,Carrera 57 X Calle 82 Sur,140
7612,A000331437,ene/22/2016 01:45 p. m.,3,d,Choque,ene/22/2016 01:45 p. m.,1,2,1,1,1,Carrera 50 X Calle 79C Sur,143
7613,A000419311,ene/23/2016 01:30 p. m.,14,h,Caida Ocupante,ene/23/2016 01:30 p. m.,1,1,1,1,1,Calle 87 Sur X Carrera 55,140
7614,A000331439,ene/22/2016 03:00 p. m.,1,h,Caida Ocupante,ene/22/2016 03:00 p. m.,1,1,1,1,1,Carrera 62 X Calle 82 Sur,140
7633,A000419331,ene/31/2016 11:30 p. m.,20,h,Atropello,ene/31/2016 11:30 p. m.,1,1,1,1,1,Calle 80 Sur X Carrera 62,409
7634,A000419327,ene/28/2016 03:20 p. m.,4,h,Caida Ocupante,ene/28/2016 03:20 p. m.,1,1,1,1,1,Carrera 50 X Calle 98D Sur,140
7635,A000419332,ene/30/2016 11:00 a. m.,3,h,Choque,ene/30/2016 11:00 a. m.,1,2,1,1,1,Calle 80 Sur X Carrera 50,143
7636,A000419333,ene/30/2016 08:50 a. m.,15,h,Choque,ene/30/2016 08:50 a. m.,1,1,1,1,1,Carrera 62 X Calle 74 Sur,143
7637,A000419322,ene/26/2016 07:15 p. m.,3,d,Choque,ene/26/2016 07:15 p. m.,1,2,1,1,1,Carrera 50 X Calle 76D Sur,143
7638,A000419329,ene/28/2016 02:30 p. m.,3,d,Choque,ene/28/2016 02:30 p. m.,1,1,1,1,1,Carrera 50 X Calle 88 Sur,143
7639,A000419328,ene/30/2016 04:00 p. m.,3,d,Choque,ene/30/2016 04:00 p. m.,1,2,1,1,1,Carrera 50 X Calle 79 Sur,143
7640,A000419338,ene/30/2016 03:15 p. m.,4,d,Choque,ene/30/2016 03:15 p. m.,1,2,1,1,1,Carrera 48 X Calle 95 Sur,143
7644,A000419345,feb/02/2016 06:10 a. m.,2,h,Caida Ocupante,feb/02/2016 06:10 a. m.,1,1,1,1,1,Carrera 48 X Calle 100 Sur,140
7645,A000419341,ene/29/2016 07:20 a. m.,19,h,Choque,ene/29/2016 07:20 a. m.,1,1,1,1,1,Carrera 54 X Calle 77 Sur,143
7646,A000419344,feb/02/2016 07:20 a. m.,7,h,Choque,feb/02/2016 07:20 a. m.,1,1,1,1,1,Calle 82 Sur X Carrera 56,143
7647,A000419342,feb/01/2016 06:00 p. m.,6,h,Choque,feb/01/2016 06:00 p. m.,1,1,1,1,1,Carrera 55 X Calle 80 Sur,143
7648,A0000089,feb/02/2016 04:50 p. m.,15,h,Otro,feb/02/2016 04:50 p. m.,1,1,1,1,1,Carrera 60 X Calle 77 Sur,140
8896,A00000194,feb/24/2017 12:30 p. m.,14,d,Choque,feb/24/2017 12:30 p. m.,1,1,1,1,1,Calle 88 Sur X Carrera 65,143
8897,A00000195,feb/26/2017 02:30 p. m.,3,h,Atropello,feb/26/2017 02:30 p. m.,1,1,1,1,1,Carrera 50 X Calle 97B Sur,409
8898,A00000196,feb/26/2017 02:00 a. m.,4,h,Caida Ocupante,feb/26/2017 02:00 a. m.,1,1,1,1,1,Carrera 48 X Calle 98 Sur,140
8916,A00000227,mar/07/2017 07:15 p. m.,18,d,Choque,mar/07/2017 07:15 p. m.,1,1,1,1,1,Carrera 52D X Calle 75AB Sur,143
8917,A00000234,mar/08/2017 08:00 p. m.,26,d,Choque,mar/08/2017 08:00 p. m.,1,1,5,1,1,Carrera 48 Sur X Calle 100C Sur,143
8931,A00000308,mar/28/2017 05:30 p. m.,1,h,Choque,mar/28/2017 05:30 p. m.,1,1,1,1,1,Carrera 55 X Calle 79 Sur,143
8933,A00000328,mar/30/2017 12:50 p. m.,1,d,Choque,mar/30/2017 12:50 p. m.,1,1,1,1,1,Carrera 50 X Calle 97B Sur,143
8934,A00000311,mar/29/2017 05:00 p. m.,1,h,Choque,mar/29/2017 05:00 p. m.,1,1,1,1,1,Calle 77 Sur X Carrera 59,143
8935,A00000260,mar/16/2017 05:35 p. m.,1,h,Choque,mar/16/2017 05:35 p. m.,1,1,1,1,1,Carrera 50 X Calle 98 Sur,143
8955,A00000242,mar/11/2017 02:35 p. m.,1,d,Choque,mar/11/2017 02:35 p. m.,1,1,1,1,1,Calle 83C Sur X Carrera 50,143
8957,A00000359,abr/10/2017 06:00 p. m.,1,d,Choque,abr/10/2017 06:00 p. m.,1,1,1,1,1,Carrera 50 X Calle 79 Sur,143
8988,A00000499,may/21/2017 04:10 p. m.,23,d,Choque,may/21/2017 04:10 p. m.,1,1,1,1,1,Carrera 50 X Calle 79 Sur,143
8989,A00000430,may/02/2017 03:40 p. m.,1,d,Choque,may/02/2017 03:40 p. m.,1,1,1,1,1,Calle 81 Sur X Carrera 59,143
8990,A00000467,may/13/2017 04:00 p. m.,1,d,Choque,may/13/2017 04:00 p. m.,1,1,1,1,1,Carrera 63 X Calle 83A Sur,143
8991,A00000411,abr/28/2017 05:15 p. m.,18,d,Choque,abr/28/2017 05:15 p. m.,1,1,1,1,1,Carrera 55 X Calle 79 Sur,143
8992,A00000277,mar/18/2017 03:00 p. m.,5,d,Choque,mar/18/2017 03:00 p. m.,1,1,1,1,1,Carrera 57 X Calle 95 Sur,143
8993,A00000278,mar/19/2017 09:50 a. m.,14,h,Choque,mar/19/2017 09:50 a. m.,1,1,1,1,1,Carrera 50 X Calle 80 Sur,143
8338,A00000781,sept/12/2016 07:20 a. m.,3,d,Choque,sept/12/2016 07:20 a. m.,1,1,1,1,1,Carrera 50 X Calle 77 Sur,143
8339,A00000779,sept/15/2016 05:30 p. m.,17,h,Atropello,sept/15/2016 05:30 p. m.,1,1,1,1,1,Calle 80 Sur X Carrera 58,409
8340,A00000775,sept/14/2016 06:10 p. m.,16,d,Choque,sept/14/2016 06:10 p. m.,1,1,1,1,1,Carrera 56C X Calle 83 Sur,143
8362,A00000802,sept/18/2016 05:10 p. m.,5,h,Caida Ocupante,sept/18/2016 05:10 p. m.,1,1,1,1,1,Carrera 56 X Calle 88A Sur,140
8363,A00000803,sept/18/2016 04:30 p. m.,3,h,Choque,sept/18/2016 04:30 p. m.,1,1,1,1,1,Carrera 50 X Calle 91 Sur,143
8364,A00000804,sept/20/2016 06:30 a. m.,2,h,Caida Ocupante,sept/20/2016 06:30 a. m.,1,1,1,1,1,Carrera 50 X Calle 100 Sur,140
8374,A00000812,sept/24/2016 09:20 a. m.,1,h,Atropello,sept/24/2016 09:20 a. m.,1,1,1,1,1,Carrera 61 X Calle 80 Sur,409
8375,A00000814,sept/22/2016 07:40 p. m.,1,h,Choque,sept/22/2016 07:40 p. m.,1,1,1,1,1,Carrera 60 X Calle 87 Sur,143
8380,A00000823,sept/28/2016 12:35 p. m.,2,d,Choque,sept/28/2016 12:35 p. m.,1,1,1,1,1,Calle 100 Sur X Carrera 50,143
8387,A00000826,sept/28/2016 03:40 p. m.,23,d,Choque,sept/28/2016 03:40 p. m.,1,1,1,1,1,Calle 79 Sur X Carrera 52A,143
8388,A00000827,sept/28/2016 04:05 p. m.,3,h,Choque,sept/28/2016 04:05 p. m.,1,1,1,1,1,Carrera 50 X Calle 80 Sur,143
8389,A00000828,sept/28/2016 06:00 p. m.,15,h,Choque,sept/28/2016 06:00 p. m.,1,1,1,1,1,Calle 74 Sur X Carrera 64,143
8397,A00000838,sept/27/2016 06:40 a. m.,19,h,Atropello,sept/27/2016 06:40 a. m.,1,1,1,1,1,Calle 77 Sur X Carrera 55,409
8398,A00000839,sept/29/2016 01:00 p. m.,1,d,Choque,sept/29/2016 01:00 p. m.,1,1,1,1,1,Carrera 59 X Calle 80 Sur,143
8399,A00000843,oct/03/2016 07:30 a. m.,4,h,Atropello,oct/03/2016 07:30 a. m.,1,1,1,1,1,Carrera 48 X Calle 98A Sur,409
8400,A00000840,oct/01/2016 06:40 p. m.,22,h,Caida Ocupante,oct/01/2016 06:40 p. m.,1,1,1,1,1,Carrera 57 X Calle 80 Sur,140
8401,A00000842,oct/02/2016 02:20 p. m.,11,h,Atropello,oct/02/2016 02:20 p. m.,1,1,1,1,1,Calle 81 Sur X Carrera 65,409
8402,A00000837,oct/01/2016 03:30 p. m.,3,h,Choque,oct/01/2016 03:30 p. m.,1,1,1,1,1,Carrera 50 X Calle 101 Sur,143
8403,A00000841,oct/02/2016 07:50 a. m.,15,h,Atropello,oct/02/2016 07:50 a. m.,1,1,1,1,1,Carrera 62A X Calle 75 Sur,409
8404,A00000844,sept/24/2016 07:40 a. m.,17,h,Caida Ocupante,sept/24/2016 07:40 a. m.,1,1,1,1,1,Carrera 54 X Calle 80 Sur,140
8416,A00000859,oct/07/2016 06:20 a. m.,18,h,Caida Ocupante,oct/07/2016 06:20 a. m.,1,1,1,1,1,Calle 77 Sur X Carrera 52,140
8417,A00000861,oct/07/2016 12:20 p. m.,15,h,Caida Ocupante,oct/07/2016 12:20 p. m.,1,1,1,1,1,Carrera 62 X Calle 74 Sur,140
8418,A00000862,oct/08/2016 07:00 p. m.,2,h,Choque,oct/08/2016 07:00 p. m.,1,1,1,1,1,Carrera 50 X Calle 100B Sur,143
8419,A00000851,oct/05/2016 01:10 p. m.,1,h,Atropello,oct/05/2016 01:10 p. m.,1,1,1,1,1,Carrera 50 X Calle 77 Sur,143
8424,A00000866,oct/10/2016 11:30 a. m.,3,d,Choque,oct/10/2016 11:30 a. m.,1,1,1,1,1,Carrera 50 X Calle 83C Sur,143
8425,A00000867,oct/10/2016 08:00 a. m.,4,h,Caida Ocupante,oct/10/2016 08:00 a. m.,1,1,1,1,1,Carrera 48 X Calle 101 Sur,140
8426,A00000868,oct/10/2016 06:40 a. m.,18,h,Choque,oct/10/2016 06:40 a. m.,1,1,1,1,1,Carrera 52 X Calle 77 Sur,143
8444,A00000874,oct/09/2016 05:00 p. m.,5,h,Caida Ocupante,oct/09/2016 05:00 p. m.,1,1,1,1,1,Calle 95 Sur X Carrera 55,140
8445,A00000895,oct/16/2016 09:10 a. m.,19,h,Atropello,oct/16/2016 09:10 a. m.,1,1,1,1,1,Calle 77 Sur X Carrera 63,409
8446,A00000888,oct/14/2016 08:00 a. m.,1,h,Caida Ocupante,oct/14/2016 08:00 a. m.,1,1,1,1,1,Carrera 65 X Calle 80 Sur,140
8447,A00000663,ago/08/2016 11:15 a. m.,4,h,Choque,ago/08/2016 11:15 a. m.,1,1,1,1,1,Carrera 48 X Calle 98A Sur,143
8482,A00000877,oct/13/2016 03:50 p. m.,24,d,Choque,oct/13/2016 03:50 p. m.,1,1,1,1,1,Carrera 62 X Calle 83A Sur,143
8483,A00000924,oct/24/2016 07:30 a. m.,15,h,Choque,oct/24/2016 07:30 a. m.,1,1,1,1,1,Carrera 62 X Calle 74 Sur,143
8505,A00000943,oct/30/2016 06:40 a. m.,3,d,Choque,oct/30/2016 06:40 a. m.,1,1,1,1,1,Carrera 50 X Calle 79C Sur,143
8515,A00000793,sept/14/2016 03:20 p. m.,2,h,Choque,sept/14/2016 03:20 p. m.,1,1,1,2,1,Carrera 50 X Calle 88A Sur,143
6906,A000213402,abr/29/2015 03:30 p. m.,1,d,Choque,abr/29/2015 03:30 p. m.,1,1,1,1,1,Carrera 62 X Calle 82 Sur,143
6907,A000265806,jun/03/2015 07:20 a. m.,20,d,Choque,jun/03/2015 07:20 a. m.,1,1,1,1,1,Carrera 64 X Calle 77 Sur,143
6908,A000265807,jun/02/2015 06:10 a. m.,4,d,Choque,jun/02/2015 06:10 a. m.,1,1,1,1,1,Carrera 50 X Calle 79 Sur,143
6930,A000265821,jun/05/2015 05:20 p. m.,2,h,Caida Ocupante,jun/05/2015 05:20 p. m.,1,2,1,1,1,Carrera 50 X Calle 98 Sur,140
6931,A000265810,jun/04/2015 06:50 p. m.,3,h,Caida Ocupante,jun/04/2015 06:50 p. m.,1,2,1,1,1,Carrera 50 X Calle 80 Sur,140
6932,A000265815,jun/06/2015 12:20 p. m.,16,d,Volcamiento,jun/06/2015 12:20 p. m.,1,1,1,1,1,Calle 83D Sur X Carrera 56CC Sur,140
6933,A000265819,jun/07/2015 07:30 p. m.,4,h,Choque,jun/07/2015 07:30 p. m.,1,2,1,1,1,Carrera 48 X Calle 98 Sur,143
6934,A000265812,jun/05/2015 06:20 a. m.,3,d,Choque,jun/05/2015 06:20 a. m.,1,2,1,1,1,Carrera 50 X Calle 79 Sur,143
6935,A000265814,jun/06/2015 07:30 a. m.,2,h,Caida Ocupante,jun/06/2015 07:30 a. m.,1,1,1,1,1,Calle 100 Sur X Carrera 49D,140
6936,A000265828,jun/02/2015 06:20 p. m.,15,m,Choque,jun/02/2015 06:20 p. m.,1,1,1,1,1,Calle 74 Sur X Carrera 65,143
6937,A000265824,jun/09/2015 11:00 a. m.,2,h,Atropello,jun/09/2015 11:00 a. m.,1,2,1,1,1,Carrera 48A X Calle 98A Sur,409
6938,A000265813,jun/05/2015 10:30 a. m.,27,d,Choque,jun/05/2015 10:30 a. m.,1,1,1,1,1,Calle 77 Sur X Carrera 54,143
6939,A000265825,jun/09/2015 07:10 p. m.,3,h,Caida Ocupante,jun/09/2015 07:10 p. m.,1,1,1,1,1,Carrera 50 X Calle 101 Sur,140
6940,A00000433,jun/10/2015 06:00 p. m.,19,h,Choque,jun/10/2015 06:00 p. m.,1,1,1,1,1,Calle 77 Sur X Carrera 54,140
6941,A000265818,jun/08/2015 11:50 a. m.,23,h,Caida Ocupante,jun/08/2015 11:50 a. m.,1,1,1,1,1,Carrera 53 X Calle 79B Sur,140
6942,A000265817,jun/08/2015 12:00 p. m.,23,h,Caida Ocupante,jun/08/2015 12:00 p. m.,1,1,1,1,1,Calle 79 Sur X Carrera 52A,140
6943,A000265808,jun/03/2015 07:00 a. m.,3,h,Caida Ocupante,jun/03/2015 07:00 a. m.,1,1,1,1,1,Carrera 50 X Calle 94 Sur,140
7020,A000265905,jul/10/2015 10:40 a. m.,15,h,Choque,jul/10/2015 10:40 a. m.,1,1,1,1,1,Carrera 62 X Calle 75 Sur,143
7021,A000265890,jul/02/2015 10:50 a. m.,8,h,Choque,jul/02/2015 10:50 a. m.,1,2,1,1,1,Carrera 55 X Calle 77 Sur,143
7022,A000265901,jul/10/2015 06:45 p. m.,2,d,Choque,jul/10/2015 06:45 p. m.,1,1,1,1,1,Carrera 50 X Calle 100B Sur,143
7023,A000265896,jul/08/2015 06:30 a. m.,1,h,Caida Ocupante,jul/08/2015 06:30 a. m.,1,2,1,1,1,Carrera 50 X Calle 79C Sur,140
7024,A000265894,jul/06/2015 07:00 a. m.,13,h,Caida Ocupante,jul/06/2015 07:00 a. m.,1,1,1,1,1,Carrera 50 X Calle 98 Sur,140
6526,A000161466,ene/01/2015 02:30 p. m.,5,h,Caida Ocupante,ene/01/2015 02:30 p. m.,1,1,1,1,1,Calle 88 Sur X Carrera 52,140
6625,A000213244,feb/19/2015 02:50 p. m.,3,d,Choque,feb/19/2015 02:50 p. m.,1,2,1,1,1,Calle 80 Sur X Carrera 50,143
6626,A000213245,feb/20/2015 07:20 p. m.,2,h,Caida Ocupante,feb/20/2015 07:20 p. m.,1,1,1,1,1,Calle 100 Sur X Carrera 48,140
6627,A000213247,feb/20/2015 05:10 p. m.,23,d,Choque,feb/20/2015 05:10 p. m.,1,1,1,1,1,Carrera 52B X Calle 78 Sur,143
6628,A000213248,feb/20/2015 02:30 p. m.,12,d,Choque,feb/20/2015 02:30 p. m.,1,1,1,1,1,Calle 95 Sur X Carrera 52,143
6629,A000213250,feb/21/2015 12:15 a. m.,11,h,Volcamiento,feb/21/2015 12:15 a. m.,1,1,1,1,1,Carrera 66 X Calle 76 Sur,140
6630,A000213249,feb/20/2015 06:00 p. m.,1,h,Atropello,feb/20/2015 06:00 p. m.,1,1,1,1,1,Calle 81 Sur X Carrera 60,409
6631,A000213251,feb/21/2015 10:00 p. m.,16,h,Caida Ocupante,feb/21/2015 10:00 p. m.,1,1,1,1,1,Calle 83 Sur X Carrera 56CC,140
6632,A000213252,feb/21/2015 05:00 p. m.,3,h,Choque,feb/21/2015 05:00 p. m.,1,1,1,1,1,Carrera 50 X Calle 92 Sur,143
6633,A000213253,feb/21/2015 07:20 a. m.,3,h,Choque,feb/21/2015 07:20 a. m.,1,1,1,1,1,Carrera 50 X Calle 94 Sur,143
6634,A000213256,feb/22/2015 07:00 p. m.,20,h,Atropello,feb/22/2015 07:00 p. m.,1,1,1,1,1,Carrera 63 X Calle 81 Sur,409
6635,A000213254,feb/22/2015 01:20 p. m.,24,h,Choque,feb/22/2015 01:20 p. m.,1,1,1,1,1,Calle 87 Sur X Carrera 62,143
6636,A000213264,feb/20/2015 05:50 p. m.,23,d,Choque,feb/20/2015 05:50 p. m.,1,1,1,1,1,Calle 80 Sur X Carrera 54,143
6637,A000213255,feb/22/2015 09:20 p. m.,3,h,Caida Ocupante,feb/22/2015 09:20 p. m.,1,2,1,1,1,Calle 80 Sur X Carrera 52,140
6638,A00000130,feb/22/2015 02:00 p. m.,15,h,Atropello,feb/22/2015 02:00 p. m.,1,1,1,1,1,Carrera 63 X Calle 74 Sur,409
6639,A000213257,feb/21/2015 09:20 p. m.,1,d,Choque,feb/21/2015 09:20 p. m.,1,1,1,1,1,Calle 80 Sur X Carrera 62,143
6640,A000213260,feb/23/2015 08:15 p. m.,1,d,Choque,feb/23/2015 08:15 p. m.,1,1,1,1,1,Calle 80 Sur X Carrera 61,143
6641,A000213258,feb/19/2015 06:50 a. m.,1,h,Caida Ocupante,feb/19/2015 06:50 a. m.,1,1,1,1,1,Carrera 62 X Calle 76 Sur,140
6642,A000213259,feb/23/2015 12:00 p. m.,14,h,Caida Ocupante,feb/23/2015 12:00 p. m.,1,1,1,1,1,Carrera 55 X Calle 88 Sur,140
6643,A000213246,feb/20/2015 03:45 p. m.,4,h,Choque,feb/20/2015 03:45 p. m.,1,2,1,1,1,Carrera 48 X Calle 98A Sur,143
6644,A000213263,feb/22/2015 01:30 p. m.,13,h,Caida Ocupante,feb/22/2015 01:30 p. m.,1,1,1,1,1,Carrera 50 X Calle 97B Sur,140
6645,A00000139,feb/24/2015 06:20 p. m.,14,d,Choque,feb/24/2015 06:20 p. m.,1,1,1,1,1,Carrera 55 X Calle 83C Sur,143
6646,A000213265,feb/23/2015 07:30 a. m.,12,h,Choque,feb/23/2015 07:30 a. m.,1,1,1,1,1,Carrera 50 X Calle 94 Sur,143
6672,A000213285,mar/10/2015 05:15 p. m.,13,h,Choque,mar/10/2015 05:15 p. m.,1,2,1,1,1,Carrera 50 X Calle 97B Sur,143
6674,A000213286,mar/09/2015 07:50 a. m.,13,h,Choque,mar/09/2015 07:50 a. m.,1,1,1,1,1,Carrera 50 X Calle 97A Sur,143
7319,A000273458,oct/09/2015 01:10 p. m.,24,d,Choque,oct/09/2015 01:10 p. m.,1,1,1,1,1,Calle 87 Sur X Carrera 65B,143
7320,A000273460,oct/10/2015 01:00 p. m.,3,d,Choque,oct/10/2015 01:00 p. m.,1,1,1,1,1,Carrera 50 X Calle 100 Sur,143
7321,A000273461,oct/11/2015 04:30 p. m.,6,h,Caida Ocupante,oct/11/2015 04:30 p. m.,1,1,1,1,1,Carrera 55 X Calle 80 Sur,140
7322,A000273462,oct/11/2015 02:30 p. m.,3,h,Caida Ocupante,oct/11/2015 02:30 p. m.,1,1,1,1,1,Carrera 50 X Calle 93B Sur,140
7328,A000273474,oct/17/2015 10:00 a. m.,4,d,Choque,oct/17/2015 10:00 a. m.,1,2,1,1,1,Carrera 50 X Calle 79C Sur,143
7329,A00000806,oct/13/2015 01:45 p. m.,23,h,Otro,oct/13/2015 01:45 p. m.,1,1,1,1,1,Carrera 53 X Calle 77 Sur,140
7330,A000273467,oct/14/2015 05:00 a. m.,4,h,Caida Ocupante,oct/14/2015 05:00 a. m.,1,1,1,1,1,Carrera 48 X Calle 98 Sur,140
7331,A000273459,oct/10/2015 11:50 a. m.,4,d,Choque,oct/10/2015 11:50 a. m.,1,2,1,1,1,Carrera 48 X Calle 79 Sur,143
7332,A000273468,oct/12/2015 02:15 p. m.,13,h,Caida Ocupante,oct/12/2015 02:15 p. m.,1,2,1,1,1,Carrera 50 X Calle 97B Sur,140
7333,A000273465,oct/13/2015 09:50 p. m.,8,d,Choque,oct/13/2015 09:50 p. m.,1,1,1,1,1,Carrera 55 X Calle 77 Sur,143
7334,A000273470,oct/14/2015 06:40 p. m.,23,h,Atropello,oct/14/2015 06:40 p. m.,1,1,1,1,1,Calle 79 Sur X Carrera 52,409
7335,A00000813,oct/15/2015 07:40 p. m.,4,h,Otro,oct/15/2015 07:40 p. m.,1,1,1,1,1,Carrera 48 X Calle 98 Sur,140
7352,A000273495,oct/25/2015 03:00 p. m.,18,h,Choque,oct/25/2015 03:00 p. m.,1,1,1,1,1,Carrera 50 X Calle 77 Sur,143
7353,A000273496,oct/23/2015 09:00 a. m.,23,d,Choque,oct/23/2015 09:00 a. m.,1,1,1,1,1,Calle 79 Sur X Carrera 52,143
7354,A000273490,oct/25/2015 09:00 p. m.,5,h,Caida Ocupante,oct/25/2015 09:00 p. m.,1,1,1,1,1,Carrera 55 X Calle 91 Sur,140
7355,A000273485,oct/23/2015 04:30 p. m.,5,h,Volcamiento,oct/23/2015 04:30 p. m.,1,1,1,1,1,Carrera 55 X Calle 106A Sur,140
7356,A00000827,oct/22/2015 04:55 a. m.,4,h,Choque,oct/22/2015 04:55 a. m.,1,2,1,1,1,Carrera 48 X Calle 98A Sur,140
7357,A000273487,oct/24/2015 06:26 a. m.,18,d,Choque,oct/24/2015 06:26 a. m.,1,1,1,1,1,Carrera 50 X Calle 77 Sur,143
7358,A00000743,sept/22/2015 09:30 a. m.,27,d,Otro,sept/22/2015 09:30 a. m.,1,1,1,1,1,Carrera 54 X Calle 75AA Sur,140
7359,A000273488,oct/25/2015 02:10 p. m.,14,h,Atropello,oct/25/2015 02:10 p. m.,1,1,1,1,1,Calle 87 Sur X Carrera 55,409
7360,A000273492,oct/23/2015 02:40 p. m.,2,h,Choque,oct/23/2015 02:40 p. m.,1,1,1,1,1,Carrera 48 X Calle 100B Sur,140
7361,A000273493,oct/26/2015 01:30 p. m.,6,d,Choque,oct/26/2015 01:30 p. m.,1,1,1,1,1,Carrera 55 X Calle 79 Sur,143
7184,A000273341,ago/26/2015 05:55 p. m.,19,h,Choque,ago/26/2015 05:55 p. m.,1,1,1,1,1,Calle 77 Sur X Carrera 59,143
7190,A000273353,ago/31/2015 08:00 p. m.,19,d,Choque,ago/31/2015 08:00 p. m.,1,1,1,1,1,Carrera 59B X Calle 77 Sur,143
7191,A000273352,ago/31/2015 03:10 p. m.,3,d,Choque,ago/31/2015 03:10 p. m.,1,2,1,1,1,Carrera 50 X Calle 79 Sur,143
7192,A000273349,ago/30/2015 10:10 p. m.,4,h,Caida Ocupante,ago/30/2015 10:10 p. m.,1,2,1,1,1,Carrera 48 X Calle 101 Sur,140
7193,A000273350,ago/31/2015 08:20 a. m.,1,h,Caida Ocupante,ago/31/2015 08:20 a. m.,1,1,1,1,1,Calle 81 Sur X Carrera 66,140