NRO_RADICADO,NUMERO_EXPEDIENTE,FECHA_ACCIDENTE,ID_ZONA,GRAVEDAD,DESC_CLASE_ACCIDENTE,HORA_ACCIDENTE,AREA,SECTOR,ZONA,DISENO,ESTADO_TIEMPO,VIA_ACCID,POSIBLE_CAUSA
7231,A000273374,sept/05/2015 06:00 p. m.,19,d,Choque,sept/05/2015 06:00 p. m.,1,1,1,1,1,Carrera 54 X Calle 75B Sur,143
7232,A000273385,sept/13/2015 06:50 p. m.,3,d,Choque,sept/13/2015 06:50 p. m.,1,1,1,1,1,Carrera 50 X Calle 88 Sur,143
7241,A000273361,sept/03/2015 11:30 a. m.,2,h,Choque,sept/03/2015 11:30 a. m.,1,1,1,1,1,Carrera 50 X Calle 101 Sur,143
7242,A000273375,sept/07/2015 09:00 a. m.,8,d,Choque,sept/07/2015 09:00 a. m.,1,1,1,1,1,Carrera 55 X Calle 75A Sur,143
7243,A000273373,sept/05/2015 05:40 p. m.,17,h,Choque,sept/05/2015 05:40 p. m.,1,1,1,1,1,Calle 80 Sur X Carrera 59,143
7244,A00000710,sept/13/2015 03:50 p. m.,3,h,Choque,sept/13/2015 03:50 p. m.,1,1,1,1,1,Carrera 50 X Calle 79 Sur,140
7259,A000273403,sept/19/2015 07:10 p. m.,3,h,Choque,sept/19/2015 07:10 p. m.,1,1,1,1,1,Carrera 50 X Calle 94 Sur,143
7260,A000273421,sept/27/2015 02:20 a. m.,3,h,Choque,sept/27/2015 02:20 a. m.,1,1,1,1,1,Carrera 50 X Calle 88 Sur,140
7261,A000273420,sept/28/2015 08:40 a. m.,12,h,Volcamiento,sept/28/2015 08:40 a. m.,1,1,1,1,1,Calle 95 Sur X Carrera 51,140
7262,A000273423,sept/26/2015 08:20 p. m.,2,h,Caida Ocupante,sept/26/2015 08:20 p. m.,1,1,1,1,1,Carrera 50 X Calle 100B Sur,140
7268,A000273425,sept/28/2015 06:20 p. m.,3,d,Choque,sept/28/2015 06:20 p. m.,1,2,1,1,1,Carrera 50 X Calle 79C Sur,143
7269,A000273426,sept/28/2015 12:20 p. m.,10,h,Caida Ocupante,sept/28/2015 12:20 p. m.,1,1,1,1,1,Carrera 57 X Calle 80 Sur,140
7270,A000273424,sept/27/2015 02:45 p. m.,9,d,Choque,sept/27/2015 02:45 p. m.,1,1,1,2,1,Carrera 58 X Calle 75 Sur,143
7271,A000273404,sept/17/2015 05:25 p. m.,3,d,Choque,sept/17/2015 05:25 p. m.,1,2,1,1,1,Carrera 50 X Calle 79 Sur,143
7272,A000273409,sept/23/2015 01:55 p. m.,6,d,Choque,sept/23/2015 01:55 p. m.,1,1,1,1,1,Calle 82 Sur X Carrera 55,140
7273,A000273407,sept/23/2015 07:10 a. m.,12,h,Choque,sept/23/2015 07:10 a. m.,1,1,1,1,1,Carrera 50 X Calle 96 Sur,143
7274,A000273392,sept/10/2015 08:00 a. m.,15,h,Caida Ocupante,sept/10/2015 08:00 a. m.,1,1,1,1,1,Carrera 63A X Calle 74 Sur,140
7275,A00000731,sept/14/2015 08:50 a. m.,1,d,Choque,sept/14/2015 08:50 a. m.,1,1,1,1,1,Carrera 62 X Calle 77 Sur,143
7276,A00000732,sept/17/2015 11:20 a. m.,3,h,Choque,sept/17/2015 11:20 a. m.,1,1,1,1,1,Carrera 50 X Calle 88A Sur,143
7277,A00000725,sept/13/2015 07:20 a. m.,3,h,Choque,sept/13/2015 07:20 a. m.,1,2,1,1,1,Carrera 50 X Calle 77 Sur,143
7278,A000273395,sept/17/2015 03:30 p. m.,12,h,Caida Ocupante,sept/17/2015 03:30 p. m.,1,1,1,1,1,Calle 95 Sur X Carrera 53,140
7279,A000273393,sept/16/2015 07:10 a. m.,14,h,Atropello,sept/16/2015 07:10 a. m.,1,1,1,1,1,Carrera 55 X Calle 84 Sur,409
7280,A000273429,sept/29/2015 05:00 a. m.,3,h,Caida Ocupante,sept/29/2015 05:00 a. m.,1,1,1,1,1,Carrera 50 X Calle 97 Sur,140
7281,A000273430,sept/30/2015 02:05 p. m.,14,h,Choque,sept/30/2015 02:05 p. m.,1,1,1,1,1,Carrera 55 X Calle 87 Sur,143
7282,A000273401,sept/19/2015 02:10 p. m.,1,d,Choque,sept/19/2015 02:10 p. m.,1,1,1,1,1,Carrera 60 X Calle 80 Sur,143
7311,A000273451,oct/07/2015 09:30 a. m.,4,d,Choque,oct/07/2015 09:30 a. m.,1,1,1,1,1,Carrera 48 X Calle 79 Sur,143
7312,A000273452,oct/07/2015 09:00 a. m.,6,h,Caida Ocupante,oct/07/2015 09:00 a. m.,1,1,1,1,1,Carrera 55 X Calle 79 Sur,140
7649,A000419343,feb/02/2016 09:45 a. m.,5,d,Choque,feb/02/2016 09:45 a. m.,1,1,1,1,1,Calle 95B Sur X Carrera 55,143
7650,A000093,feb/01/2016 04:30 p. m.,13,d,Choque,feb/01/2016 04:30 p. m.,1,2,1,1,1,Carrera 50A X Calle 97B Sur,140
7651,A000419348,feb/05/2016 05:30 p. m.,12,h,Caida Ocupante,feb/05/2016 05:30 p. m.,1,1,1,1,1,Calle 96B Sur X Carrera 55,140
7652,A000419350,feb/06/2016 03:50 p. m.,3,h,Choque,feb/06/2016 03:50 p. m.,1,2,1,1,1,Carrera 50 X Calle 79 Sur,143
7653,A000419346,feb/04/2016 05:15 p. m.,14,h,Caida Ocupante,feb/04/2016 05:15 p. m.,1,1,1,1,1,Carrera 55 X Calle 87 Sur,140
7665,A000419360,feb/08/2016 08:30 p. m.,4,d,Choque,feb/08/2016 08:30 p. m.,1,2,1,1,1,Carrera 48 X Calle 79C Sur,143
7666,A000419371,feb/11/2016 07:30 p. m.,4,h,Caida Ocupante,feb/11/2016 07:30 p. m.,1,2,1,1,1,Carrera 48 X Calle 104 Sur,140
7667,A000419370,feb/10/2016 11:00 a. m.,9,h,Caida Ocupante,feb/10/2016 11:00 a. m.,1,1,1,1,1,Carrera 62A X Calle 75 Sur,140
7668,A000419366,feb/10/2016 06:10 a. m.,15,d,Choque,feb/10/2016 06:10 a. m.,1,1,1,1,1,Carrera 62A X Calle 75 Sur,143
7669,A000419365,feb/10/2016 03:40 p. m.,23,d,Choque,feb/10/2016 03:40 p. m.,1,1,1,1,1,Carrera 55 X Calle 79 Sur,143
7670,A000419369,feb/11/2016 10:55 a. m.,3,h,Caida Ocupante,feb/11/2016 10:55 a. m.,1,2,1,1,1,Carrera 50 X Calle 77 Sur,140
7671,A000419376,feb/13/2016 07:50 a. m.,3,h,Caida Ocupante,feb/13/2016 07:50 a. m.,1,1,1,1,1,Calle 78 Sur X Carrera 51,140
7672,A000419377,feb/14/2016 12:50 a. m.,2,h,Atropello,feb/14/2016 12:50 a. m.,1,1,1,1,1,Carrera 50 X Calle 100 Sur,409
7673,A000419361,feb/08/2016 06:50 a. m.,8,d,Choque,feb/08/2016 06:50 a. m.,1,1,1,2,1,Carrera 55 X Calle 77 Sur,143
7674,A000419367,feb/11/2016 01:30 a. m.,1,d,Choque,feb/11/2016 01:30 a. m.,1,1,1,1,1,Calle 83A Sur X Carrera 61,143
7675,A000419363,feb/09/2016 08:25 p. m.,5,h,Choque,feb/09/2016 08:25 p. m.,1,1,1,1,1,Carrera 55 X Calle 91 Sur,143
7676,A000419368,feb/11/2016 05:20 a. m.,3,h,Choque,feb/11/2016 05:20 a. m.,1,2,1,1,1,Carrera 50 X Calle 101 Sur,143
7677,A00000126,feb/12/2016 10:10 p. m.,14,h,Otro,feb/12/2016 10:10 p. m.,1,1,1,1,1,Calle 83 Sur X Carrera 55,140
7678,A000419362,feb/09/2016 02:10 p. m.,23,d,Choque,feb/09/2016 02:10 p. m.,1,2,1,1,1,Carrera 52 X Calle 77 Sur,143
7679,A000419372,feb/12/2016 01:20 p. m.,19,h,Caida Ocupante,feb/12/2016 01:20 p. m.,1,1,1,1,1,Calle 77 Sur X Carrera 56,140
8083,A00000527,jun/21/2016 05:20 p. m.,17,h,Choque,jun/21/2016 05:20 p. m.,1,1,1,1,1,Carrera 58 X Calle 80 Sur,143
8084,A00000528,jun/21/2016 02:30 p. m.,15,h,Atropello,jun/21/2016 02:30 p. m.,1,1,1,1,1,Carrera 62 X Calle 76 Sur,409
8085,A00000514,jun/16/2016 09:30 a. m.,19,d,Choque,jun/16/2016 09:30 a. m.,1,1,1,1,1,Carrera 56 X Calle 76 Sur,143
8086,A000458915,jun/21/2016 09:40 p. m.,10,h,Caida Ocupante,jun/21/2016 09:40 p. m.,1,1,1,1,1,Carrera 59 X Calle 79 Sur,140
8087,A000458906,jun/18/2016 07:05 a. m.,19,h,Choque,jun/18/2016 07:05 a. m.,1,1,1,2,1,Carrera 57 X Calle 75AA Sur,143
8088,A000458920,jun/22/2016 07:00 p. m.,15,h,Caida Ocupante,jun/22/2016 07:00 p. m.,1,1,1,1,1,Carrera 63 X Calle 75 Sur,140
8089,A000458916,jun/22/2016 10:00 p. m.,24,h,Caida Ocupante,jun/22/2016 10:00 p. m.,1,1,1,1,1,Carrera 65B X Calle 87 Sur,140
8104,A000458927,jun/24/2016 04:20 p. m.,8,h,Choque,jun/24/2016 04:20 p. m.,1,1,1,2,1,Carrera 55 X Calle 77 Sur,143
8105,A000458937,jun/25/2016 02:20 p. m.,19,d,Choque,jun/25/2016 02:20 p. m.,1,1,1,2,1,Carrera 54 X Calle 77 Sur,143
8106,A000458907,jun/18/2016 05:40 p. m.,2,d,Choque,jun/18/2016 05:40 p. m.,1,1,1,1,1,Calle 96B Sur X Carrera 55,143
8107,A000458929,jun/24/2016 08:30 p. m.,1,h,Atropello,jun/24/2016 08:30 p. m.,1,1,1,2,1,Carrera 57A X Calle 80 Sur,409
8108,A000458939,jun/27/2016 04:20 p. m.,19,h,Atropello,jun/27/2016 04:20 p. m.,1,1,1,1,1,Calle 77 Sur X Carrera 55,409
8109,A000458941,jun/28/2016 08:15 p. m.,2,h,Caida Ocupante,jun/28/2016 08:15 p. m.,1,1,1,1,1,Calle 100 Sur X Carrera 52A,140
8110,A000458940,jun/27/2016 11:30 a. m.,6,h,Choque,jun/27/2016 11:30 a. m.,1,1,1,1,1,Calle 80 Sur X Carrera 54,143
8125,A000458950,jun/28/2016 12:50 p. m.,3,d,Choque,jun/28/2016 12:50 p. m.,1,1,1,2,1,Carrera 50 X Calle 79 Sur,143
8126,A000458947,jun/29/2016 05:50 p. m.,4,h,Choque,jun/29/2016 05:50 p. m.,1,1,1,1,1,Carrera 48 X Calle 96 Sur,143
8127,A000458935,jun/26/2016 08:40 a. m.,19,h,Choque,jun/26/2016 08:40 a. m.,1,1,1,1,1,Carrera 59 X Calle 77 Sur,143
8128,A000458951,jun/30/2016 07:30 p. m.,12,d,Choque,jun/30/2016 07:30 p. m.,1,1,1,1,1,Carrera 49D X Calle 95 Sur,143
8132,A000458958,jul/02/2016 05:10 p. m.,15,d,Choque,jul/02/2016 05:10 p. m.,1,1,1,1,1,Carrera 62A X Calle 75 Sur,143
8133,A000458957,jul/02/2016 05:30 p. m.,4,h,Caida Ocupante,jul/02/2016 05:30 p. m.,1,1,1,1,1,Carrera 48 X Calle 97 Sur,140
8134,A00000575,jul/03/2016 11:00 p. m.,19,d,Choque,jul/03/2016 11:00 p. m.,1,1,1,1,1,Calle 76 Sur X Carrera 56,143
8135,A000458960,jul/02/2016 05:10 a. m.,16,h,Atropello,jul/02/2016 05:10 a. m.,1,1,1,1,1,Carrera 50 X Calle 83C Sur,409
8136,A000458961,jul/04/2016 05:40 a. m.,2,h,Volcamiento,jul/04/2016 05:40 a. m.,1,1,1,1,1,Carrera 48 X Calle 98 Sur,121
8148,A000458976,jul/11/2016 12:30 a. m.,18,h,Caida Ocupante,jul/11/2016 12:30 a. m.,1,1,1,1,1,Calle 77 Sur X Carrera 52,140
8149,A000458970,jul/02/2016 01:55 p. m.,22,d,Choque,jul/02/2016 01:55 p. m.,1,1,1,2,1,Carrera 57B X Calle 82 Sur,143
8150,A000458971,jul/07/2016 08:00 a. m.,3,h,Choque,jul/07/2016 08:00 a. m.,1,1,1,1,1,Carrera 50 X Calle 80 Sur,143
8151,A000458972,jul/08/2016 06:00 p. m.,2,h,Caida Ocupante,jul/08/2016 06:00 p. m.,1,1,1,1,1,Carrera 48 X Calle 100D Sur,140
8152,A000458973,jul/08/2016 09:00 a. m.,4,h,Choque,jul/08/2016 09:00 a. m.,1,1,1,1,1,Carrera 50 X Calle 79C Sur,143
8154,A000458975,jul/09/2016 05:20 p. m.,4,h,Caida Ocupante,jul/09/2016 05:20 p. m.,1,1,1,1,1,Carrera 48 X Calle 101 Sur,140
8005,A000421018,may/25/2016 12:00 p. m.,2,d,Choque,may/25/2016 12:00 p. m.,1,1,1,1,1,Carrera 49D X Calle 100 Sur,143
8030,A000421041,jun/03/2016 07:30 a. m.,14,h,Caida Ocupante,jun/03/2016 07:30 a. m.,1,1,1,1,1,Carrera 50 X Calle 88A Sur,140
8043,A000421053,jun/06/2016 11:20 a. m.,20,h,Choque,jun/06/2016 11:20 a. m.,1,1,1,1,1,Carrera 63 X Calle 79 Sur,143
8516,A00000959,nov/02/2016 10:40 a. m.,1,h,Caida Ocupante,nov/02/2016 10:40 a. m.,1,1,1,1,1,Carrera 60 X Calle 87 Sur,140
8525,A00000970,nov/05/2016 12:00 p. m.,3,h,Caida Ocupante,nov/05/2016 12:00 p. m.,1,1,1,1,1,Carrera 50 X Calle 95 Sur,140
8526,A00000971,nov/06/2016 10:00 a. m.,19,d,Choque,nov/06/2016 10:00 a. m.,1,1,1,1,1,Calle 77 Sur X Carrera 54,143
8527,A00000972,nov/07/2016 03:00 p. m.,1,h,Caida Ocupante,nov/07/2016 03:00 p. m.,1,1,1,1,1,Carrera 62 X Calle 82 Sur,140
8545,A00000952,nov/01/2016 02:50 p. m.,27,d,Choque,nov/01/2016 02:50 p. m.,1,1,1,1,1,Carrera 54 X Calle 75 Sur,143
8546,A00000981,nov/10/2016 07:30 p. m.,11,h,Choque,nov/10/2016 07:30 p. m.,1,1,1,1,1,Carrera 66 X Calle 76 Sur,143
8554,A00000998,nov/17/2016 09:40 p. m.,17,d,Choque,nov/17/2016 09:40 p. m.,1,1,1,2,1,Calle 80 Sur X Carrera 55,143
8555,A00001001,nov/15/2016 05:30 p. m.,24,h,Caida Ocupante,nov/15/2016 05:30 p. m.,1,1,1,1,1,Calle 87 Sur X Carrera 64,140
8556,A00001002,nov/16/2016 07:20 a. m.,3,h,Choque,nov/16/2016 07:20 a. m.,1,1,1,1,1,Carrera 50 X Calle 97A Sur,143
8557,A00001003,nov/10/2016 10:30 a. m.,17,h,Caida Ocupante,nov/10/2016 10:30 a. m.,1,1,1,1,1,Carrera 56D X Calle 80 Sur,140
8560,A00000999,nov/15/2016 09:00 a. m.,20,h,Caida Ocupante,nov/15/2016 09:00 a. m.,1,1,1,1,1,Carrera 63 X Calle 81 Sur,140
8561,A00001000,nov/15/2016 09:00 a. m.,3,h,Atropello,nov/15/2016 09:00 a. m.,1,1,1,1,1,Calle 80 Sur X Carrera 50,409
8577,A00001025,nov/23/2016 01:10 p. m.,3,d,Choque,nov/23/2016 01:10 p. m.,1,1,1,1,1,Carrera 50 X Calle 99 Sur,143
8578,A00001018,nov/19/2016 08:00 a. m.,23,h,Caida Ocupante,nov/19/2016 08:00 a. m.,1,1,1,1,1,Carrera 54 X Calle 80 Sur,140
8579,A00001022,nov/21/2016 02:35 p. m.,4,h,Choque,nov/21/2016 02:35 p. m.,1,1,1,1,1,Carrera 48 X Calle 98 Sur,143
8580,A00001014,nov/17/2016 05:00 p. m.,2,d,Choque,nov/17/2016 05:00 p. m.,1,1,1,1,1,Calle 100D Sur X Carrera 50,143
8581,A00001024,nov/22/2016 06:10 p. m.,16,h,Caida Ocupante,nov/22/2016 06:10 p. m.,1,1,1,2,1,Calle 82 Sur X Carrera 59,140
8268,A000459075,ago/23/2016 06:40 a. m.,3,h,Choque,ago/23/2016 06:40 a. m.,1,1,1,2,1,Carrera 50 X Calle 83A Sur,143
8269,A000459089,ago/28/2016 08:30 p. m.,3,h,Caida Ocupante,ago/28/2016 08:30 p. m.,1,1,1,1,1,Carrera 50 X Calle 79C Sur,140
8270,A000459090,ago/28/2016 05:40 p. m.,1,h,Choque,ago/28/2016 05:40 p. m.,1,1,1,2,1,Calle 82 Sur X Carrera 61,143
8271,A000459091,ago/25/2016 04:20 p. m.,14,d,Choque,ago/25/2016 04:20 p. m.,1,1,1,1,1,Carrera 50 X Calle 80 Sur,143
8272,A000459088,ago/28/2016 01:30 a. m.,8,h,Caida Ocupante,ago/28/2016 01:30 a. m.,1,1,1,1,1,Carrera 55 X Calle 77 Sur,140
8273,A000459092,ago/25/2016 06:40 a. m.,3,h,Caida Ocupante,ago/25/2016 06:40 a. m.,1,1,1,1,1,Carrera 55 X Calle 88 Sur,140
8274,A000459095,ago/28/2016 08:30 p. m.,24,h,Caida Ocupante,ago/28/2016 08:30 p. m.,1,1,1,1,1,Calle 87 Sur X Carrera 63,140
8275,A000459056,ago/16/2016 01:00 p. m.,4,h,Atropello,ago/16/2016 01:00 p. m.,1,1,1,1,1,Carrera 48 X Calle 98 Sur,409
8276,A000459083,ago/27/2016 05:15 p. m.,2,h,Caida Ocupante,ago/27/2016 05:15 p. m.,1,1,1,1,1,Calle 100 Sur X Carrera 48,140
8277,A000459084,ago/26/2016 10:10 p. m.,14,d,Choque,ago/26/2016 10:10 p. m.,1,1,1,1,1,Carrera 50 X Calle 88 Sur,143
8296,A00000732,sept/03/2016 01:30 p. m.,4,d,Choque,sept/03/2016 01:30 p. m.,1,1,1,1,1,Carrera 50 X Calle 79 Sur,143
8297,A00000737,sept/01/2016 10:40 a. m.,3,h,Choque,sept/01/2016 10:40 a. m.,1,1,1,2,1,Carrera 50 X Calle 88AA Sur,143
8322,A00000760,sept/10/2016 08:00 p. m.,17,d,Choque,sept/10/2016 08:00 p. m.,1,1,1,1,1,Carrera 58 X Calle 80 Sur,143
8330,A00000765,sept/09/2016 12:30 p. m.,11,h,Caida Ocupante,sept/09/2016 12:30 p. m.,1,1,1,1,1,Carrera 66 X Calle 81 Sur,140
8352,A00000783,sept/15/2016 09:30 a. m.,4,h,Choque,sept/15/2016 09:30 a. m.,1,1,1,1,1,Carrera 50 X Calle 79 Sur,143
8369,A00000809,sept/22/2016 10:00 a. m.,19,h,Choque,sept/22/2016 10:00 a. m.,1,1,1,1,1,Carrera 57 X Calle 75AA Sur,143
8370,A00000807,sept/21/2016 02:20 p. m.,3,d,Choque,sept/21/2016 02:20 p. m.,1,1,1,1,1,Carrera 50 X Calle 79B Sur,143
8371,A00000810,sept/21/2016 10:50 p. m.,14,h,Caida Ocupante,sept/21/2016 10:50 p. m.,1,1,1,1,1,Carrera 55 X Calle 87 Sur,140
8372,A00000811,sept/24/2016 12:10 a. m.,1,d,Choque,sept/24/2016 12:10 a. m.,1,1,1,1,1,Calle 81 Sur X Carrera 60,143
8373,A00000813,sept/24/2016 02:20 p. m.,17,h,Caida Ocupante,sept/24/2016 02:20 p. m.,1,1,1,1,1,Calle 80 Sur X Carrera 56,140
8377,A00000816,sept/23/2016 06:00 p. m.,4,h,Caida Ocupante,sept/23/2016 06:00 p. m.,1,1,1,1,1,Carrera 48 X Calle 98A Sur,140
8378,A00000818,sept/27/2016 06:00 a. m.,3,h,Caida Ocupante,sept/27/2016 06:00 a. m.,1,1,1,1,1,Carrera 50 X Calle 94 Sur,140
8379,A00000821,abr/25/2016 08:50 p. m.,8,h,Caida Ocupante,abr/25/2016 08:50 p. m.,1,1,1,1,1,Calle 77 Sur X Carrera 55,140
8390,A00000829,sept/29/2016 03:40 p. m.,3,h,Caida Ocupante,sept/29/2016 03:40 p. m.,1,1,1,1,1,Carrera 50 X Calle 93B Sur,140
8391,A00000830,sept/29/2016 05:40 p. m.,24,h,Atropello,sept/29/2016 05:40 p. m.,1,1,1,1,1,Calle 87 Sur X Carrera 66,409
8407,A00000846,oct/01/2016 07:30 a. m.,14,h,Choque,oct/01/2016 07:30 a. m.,1,1,1,1,1,Carrera 50 X Calle 83 Sur,143
8408,A00000848,oct/03/2016 02:30 p. m.,13,h,Choque,oct/03/2016 02:30 p. m.,1,1,1,1,1,Carrera 50 X Calle 96B Sur,143
8409,A00000850,oct/03/2016 06:05 a. m.,19,h,Choque,oct/03/2016 06:05 a. m.,1,1,1,1,1,Calle 77 Sur X Carrera 56D,143
8423,A000459034,ago/06/2016 08:40 p. m.,4,h,Volcamiento,ago/06/2016 08:40 p. m.,1,1,1,1,1,Carrera 48 X Calle 98 Sur,205
8429,A00000872,oct/11/2016 09:00 a. m.,4,h,Caida Ocupante,oct/11/2016 09:00 a. m.,1,1,1,1,1,Carrera 48 X Calle 100 Sur,140
8430,A00000831,sept/26/2016 06:50 a. m.,3,h,Choque,sept/26/2016 06:50 a. m.,1,1,1,2,1,Carrera 50 X Calle 83 Sur,143
8431,A00000879,oct/13/2016 01:00 p. m.,2,d,Choque,oct/13/2016 01:00 p. m.,1,1,1,1,1,Carrera 49 X Calle 96 Sur,143
8432,A00000880,oct/13/2016 12:15 p. m.,3,d,Choque,oct/13/2016 12:15 p. m.,1,1,1,1,1,Carrera 50 X Calle 79 Sur,143
8433,A00000881,oct/10/2016 02:10 p. m.,17,h,Caida Ocupante,oct/10/2016 02:10 p. m.,1,1,1,1,1,Calle 79 Sur X Carrera 77 Sur,140
8434,A00000882,oct/13/2016 01:30 p. m.,6,h,Caida Ocupante,oct/13/2016 01:30 p. m.,1,1,1,1,1,Carrera 55 X Calle 80 Sur,140
8435,A00000885,oct/13/2016 06:00 p. m.,18,d,Choque,oct/13/2016 06:00 p. m.,1,1,1,1,1,Calle 77 Sur X Carrera 52,143
6675,A000213280,mar/07/2015 08:30 p. m.,3,h,Choque,mar/07/2015 08:30 p. m.,1,1,1,1,1,Carrera 50 X Calle 92 Sur,143
6676,A000213287,mar/10/2015 04:30 p. m.,5,h,Choque,mar/10/2015 04:30 p. m.,1,1,1,1,1,Carrera 56 X Calle 95 Sur,143
6677,A000213290,mar/11/2015 02:00 p. m.,14,d,Choque,mar/11/2015 02:00 p. m.,1,1,1,1,1,Carrera 55 X Calle 83C Sur,143
6678,A00000175,mar/11/2015 10:50 p. m.,18,h,Otro,mar/11/2015 10:50 p. m.,1,1,1,1,1,Carrera 50 X Calle 100 Sur,143
6679,A000213300,mar/15/2015 09:30 a. m.,2,h,Caida Ocupante,mar/15/2015 09:30 a. m.,1,1,1,1,1,Carrera 50 X Calle 100 Sur,140
6688,A000213317,mar/24/2015 05:30 a. m.,4,d,Choque,mar/24/2015 05:30 a. m.,1,1,1,1,1,Carrera 48 X Calle 102 Sur,143
6689,A000213274,mar/02/2015 07:00 a. m.,14,d,Choque,mar/02/2015 07:00 a. m.,1,1,1,1,1,Carrera 50 X Calle 83 Sur,143
6690,A000213302,mar/16/2015 05:40 p. m.,14,d,Choque,mar/16/2015 05:40 p. m.,1,1,1,1,1,Carrera 55 X Calle 83C Sur,143
6691,A000213320,mar/21/2015 08:30 a. m.,19,d,Choque,mar/21/2015 08:30 a. m.,1,1,1,1,1,Calle 77 Sur X Carrera 55,143
6692,A000213295,mar/13/2015 03:20 p. m.,1,h,Caida Ocupante,mar/13/2015 03:20 p. m.,1,1,1,1,1,Calle 76 Sur X Carrera 58,140
6693,A000213294,mar/13/2015 06:50 a. m.,11,h,Caida Ocupante,mar/13/2015 06:50 a. m.,1,1,1,1,1,Carrera 66 X Calle 74 Sur,140
6769,A000213338,mar/31/2015 05:55 p. m.,3,d,Choque,mar/31/2015 05:55 p. m.,1,1,1,1,1,Carrera 50 X Calle 79 Sur,143
6770,A000213350,abr/01/2015 08:00 a. m.,17,h,Caida Ocupante,abr/01/2015 08:00 a. m.,1,1,1,1,1,Carrera 55 X Calle 80 Sur,143
6771,A000213191,ene/19/2015 10:00 a. m.,3,d,Choque,ene/19/2015 10:00 a. m.,1,1,1,1,1,Carrera 50 X Calle 79 Sur,143
6772,A000213213,feb/04/2015 04:30 p. m.,3,d,Choque,feb/04/2015 04:30 p. m.,1,1,1,1,1,Calle 77 Sur X Carrera 51,143
6819,A000213418,may/07/2015 06:30 a. m.,3,d,Choque,may/07/2015 06:30 a. m.,1,2,1,1,1,Carrera 50 X Calle 80 Sur,143
6820,A000213440,may/13/2015 08:00 p. m.,14,h,Choque,may/13/2015 08:00 p. m.,1,1,1,1,1,Calle 88 Sur X Carrera 55,143
6821,A000213393,abr/24/2015 08:00 a. m.,3,h,Caida Ocupante,abr/24/2015 08:00 a. m.,1,2,1,1,1,Carrera 50 X Calle 79 Sur,140
6822,A000213413,may/07/2015 12:30 p. m.,3,h,Caida Ocupante,may/07/2015 12:30 p. m.,1,2,1,1,1,Carrera 50 X Calle 80 Sur,140
6823,A000213415,may/04/2015 07:30 a. m.,24,h,Caida Ocupante,may/04/2015 07:30 a. m.,1,1,1,1,1,Carrera 60 X Calle 87 Sur,140
6824,A000213422,may/08/2015 12:15 p. m.,3,d,Choque,may/08/2015 12:15 p. m.,1,2,1,1,1,Carrera 50 X Calle 79 Sur,143
6825,A000213385,abr/23/2015 12:05 p. m.,4,d,Choque,abr/23/2015 12:05 p. m.,1,1,1,1,1,Carrera 50 X Calle 79 Sur,143
6509,A000161478,ene/09/2015 09:10 p. m.,3,d,Choque,ene/09/2015 09:10 p. m.,1,2,1,1,1,Carrera 50 X Calle 80 Sur,143
6510,A000161479,ene/10/2015 05:15 p. m.,4,h,Choque,ene/10/2015 05:15 p. m.,1,1,1,1,1,Carrera 48 X Calle 98 Sur,143
6511,A000161481,ene/10/2015 06:30 a. m.,3,h,Atropello,ene/10/2015 06:30 a. m.,1,1,1,2,1,Carrera 50 X Calle 80 Sur,409
6512,A000161480,ene/09/2015 02:00 p. m.,3,d,Choque,ene/09/2015 02:00 p. m.,1,1,1,1,1,Carrera 50 X Calle 79 Sur,143
6513,A000161482,ene/10/2015 12:20 p. m.,6,d,Choque,ene/10/2015 12:20 p. m.,1,1,1,1,1,Carrera 55B X Calle 79BB Sur,143
6514,A000161483,ene/11/2015 09:00 a. m.,22,h,Caida Ocupante,ene/11/2015 09:00 a. m.,1,1,1,1,1,Carrera 57 X Calle 80 Sur,140
6515,A000161473,ene/06/2015 01:15 p. m.,3,d,Choque,ene/06/2015 01:15 p. m.,1,1,1,1,1,Calle 79B Sur X Carrera 50,143
6516,A000161472,ene/05/2015 04:30 p. m.,7,d,Choque,ene/05/2015 04:30 p. m.,1,1,1,1,1,Carrera 56 X Calle 82 Sur,143
6517,A0000007,ene/05/2015 09:00 p. m.,19,h,Choque,ene/05/2015 09:00 p. m.,1,1,1,1,1,Carrera 59 X Calle 77 Sur,143
6518,A000161470,ene/03/2015 12:20 p. m.,3,h,Choque,ene/03/2015 12:20 p. m.,1,1,1,1,1,Carrera 50 X Calle 93B Sur,143
6519,A000161477,ene/08/2015 04:00 p. m.,4,h,Caida Ocupante,ene/08/2015 04:00 p. m.,1,2,1,1,1,Carrera 48 X Calle 98 Sur,140
6520,A000161475,ene/06/2015 09:20 p. m.,3,h,Caida Ocupante,ene/06/2015 09:20 p. m.,1,1,1,1,1,Carrera 50 X Calle 79 Sur,140
6521,A000161476,ene/06/2015 12:20 p. m.,4,h,Choque,ene/06/2015 12:20 p. m.,1,2,1,1,1,Carrera 48 X Calle 98 Sur,143
6522,A000161474,ene/05/2015 07:50 a. m.,19,h,Caida Ocupante,ene/05/2015 07:50 a. m.,1,1,1,1,1,Calle 77 Sur X Carrera 59,140
6523,A000161471,ene/03/2015 02:30 p. m.,4,h,Caida Ocupante,ene/03/2015 02:30 p. m.,1,2,1,1,1,Carrera 48 X Calle 98 Sur,140