NRO_RADICADO,NUMERO_EXPEDIENTE,FECHA_ACCIDENTE,ID_ZONA,GRAVEDAD,DESC_CLASE_ACCIDENTE,HORA_ACCIDENTE,AREA,SECTOR,ZONA,DISENO,ESTADO_TIEMPO,VIA_ACCID,POSIBLE_CAUSA
6524,A000161469,ene/02/2015 09:40 p. m.,1,h,Caida Ocupante,ene/02/2015 09:40 p. m.,1,1,1,1,1,Calle 76 Sur X Carrera 56,140
6525,A000161468,ene/01/2015 11:20 a. m.,3,h,Caida Ocupante,ene/01/2015 11:20 a. m.,1,1,1,1,1,Carrera 50 X Calle 79 Sur,140
6652,A0000104,feb/11/2015 11:00 a. m.,1,h,Atropello,feb/11/2015 11:00 a. m.,1,1,1,1,1,Carrera 62 X Calle 81 Sur,143
6697,A000213291,mar/12/2015 07:40 a. m.,18,h,Choque,mar/12/2015 07:40 a. m.,1,1,1,1,1,Calle 77 Sur X Carrera 50,143
6698,A000213345,abr/03/2015 03:00 p. m.,14,h,Atropello,abr/03/2015 03:00 p. m.,1,1,1,1,1,Calle 82 Sur X Carrera 55,409
6699,A000213347,abr/04/2015 06:00 p. m.,1,h,Caida Ocupante,abr/04/2015 06:00 p. m.,1,1,1,1,1,Calle 81 Sur X Carrera 60,140
6700,A000213346,abr/04/2015 08:22 a. m.,1,h,Atropello,abr/04/2015 08:22 a. m.,1,1,1,1,1,Calle 80 Sur X Carrera 59,409
6701,A000213356,abr/06/2015 01:10 p. m.,3,h,Caida Ocupante,abr/06/2015 01:10 p. m.,1,1,1,1,1,Carrera 50 X Calle 80 Sur,140
6702,A000213357,abr/05/2015 12:50 p. m.,14,h,Caida Ocupante,abr/05/2015 12:50 p. m.,1,1,1,1,1,Carrera 50AA X Calle 82 Sur,140
6703,A000213353,abr/08/2015 02:05 p. m.,19,h,Caida Ocupante,abr/08/2015 02:05 p. m.,1,1,1,1,1,Carrera 56 X Calle 77 Sur,140
6704,A000213343,abr/01/2015 04:20 p. m.,1,h,Atropello,abr/01/2015 04:20 p. m.,1,1,1,1,1,Calle 79 Sur X Carrera 61,409
6705,A00000249,abr/07/2015 10:00 a. m.,14,h,Atropello,abr/07/2015 10:00 a. m.,1,1,1,1,1,Carrera 55 X Calle 87 Sur,409
6706,A000213332,mar/28/2015 03:50 p. m.,16,h,Caida Ocupante,mar/28/2015 03:50 p. m.,1,1,1,1,1,Carrera 55 X Calle 83 Sur,140
6707,A000213322,mar/25/2015 01:30 p. m.,3,d,Choque,mar/25/2015 01:30 p. m.,1,1,1,1,1,Calle 79 Sur X Carrera 50,143
6708,A000213358,abr/08/2015 03:15 p. m.,14,d,Choque,abr/08/2015 03:15 p. m.,1,1,1,1,1,Carrera 50 X Calle 83 Sur,143
7313,A000273450,oct/06/2015 05:30 a. m.,3,h,Caida Ocupante,oct/06/2015 05:30 a. m.,1,2,1,1,1,Calle 80 Sur X Carrera 50,140
7314,A000273456,oct/11/2015 07:55 a. m.,3,h,Choque,oct/11/2015 07:55 a. m.,1,2,1,1,1,Carrera 50 X Calle 79 Sur,143
7336,A000273463,oct/13/2015 01:55 p. m.,23,d,Choque,oct/13/2015 01:55 p. m.,1,2,1,1,1,Carrera 54 X Calle 80 Sur,143
7337,A000273478,oct/17/2015 04:45 p. m.,15,h,Choque,oct/17/2015 04:45 p. m.,1,1,1,1,1,Carrera 62A X Calle 76 Sur,143
7338,A000273476,oct/17/2015 08:30 a. m.,4,d,Choque,oct/17/2015 08:30 a. m.,1,2,1,1,1,Carrera 50 X Calle 79C Sur,143
7339,A000273466,oct/13/2015 07:20 p. m.,2,h,Choque,oct/13/2015 07:20 p. m.,1,1,1,1,1,Carrera 50 X Calle 100 Sur,143
7340,A000273469,oct/13/2015 06:20 a. m.,3,d,Choque,oct/13/2015 06:20 a. m.,1,1,1,1,1,Carrera 50 X Calle 79 Sur,143
7341,A000273477,oct/13/2015 08:00 a. m.,3,d,Choque,oct/13/2015 08:00 a. m.,1,2,1,1,1,Carrera 50 X Calle 79 Sur,143
7342,A000273472,oct/15/2015 01:10 p. m.,15,d,Choque,oct/15/2015 01:10 p. m.,1,1,1,1,1,Carrera 62A X Calle 74 Sur,143
7345,A000273480,oct/19/2015 07:30 a. m.,3,d,Choque,oct/19/2015 07:30 a. m.,1,1,1,1,1,Carrera 50 X Calle 96 Sur,143
7346,A000273482,oct/21/2015 06:30 p. m.,23,h,Choque,oct/21/2015 06:30 p. m.,1,2,1,1,1,Carrera 55 X Calle 79 Sur,143
7347,A000273481,oct/22/2015 05:40 p. m.,2,h,Choque,oct/22/2015 05:40 p. m.,1,2,1,1,1,Carrera 48 X Calle 99 Sur,143
7348,A000273494,oct/26/2015 03:00 p. m.,23,d,Choque,oct/26/2015 03:00 p. m.,1,1,1,1,1,Calle 74 Sur X Carrera 54,143
7349,A000273489,oct/25/2015 03:00 p. m.,1,h,Caida Ocupante,oct/25/2015 03:00 p. m.,1,1,1,1,1,Carrera 61 X Calle 79 Sur,140
7350,A000273483,oct/23/2015 06:00 a. m.,3,h,Caida Ocupante,oct/23/2015 06:00 a. m.,1,2,1,1,1,Carrera 50 X Calle 79 Sur,140
7351,A000273486,oct/23/2015 09:35 p. m.,8,h,Caida Ocupante,oct/23/2015 09:35 p. m.,1,1,1,1,1,Calle 77 Sur X Carrera 55,140
7406,A000331285,nov/17/2015 06:20 p. m.,23,d,Choque,nov/17/2015 06:20 p. m.,1,1,1,1,1,Carrera 50 X Calle 79 Sur,143
7407,A000331287,nov/18/2015 06:20 p. m.,1,d,Choque,nov/18/2015 06:20 p. m.,1,1,1,1,1,Carrera 60 X Calle 82A Sur,143
7408,A000331276,nov/14/2015 04:30 p. m.,4,d,Choque,nov/14/2015 04:30 p. m.,1,2,1,1,1,Carrera 50 X Calle 79C Sur,143
7409,A000331280,nov/15/2015 01:10 a. m.,1,d,Choque,nov/15/2015 01:10 a. m.,1,1,1,1,1,Calle 80 Sur X Carrera 59,143
7428,A000331303,nov/25/2015 07:30 a. m.,4,d,Choque,nov/25/2015 07:30 a. m.,1,1,1,1,1,Carrera 50 X Calle 79C Sur,143
7101,A000265966,jul/30/2015 09:20 a. m.,19,h,Choque,jul/30/2015 09:20 a. m.,1,2,1,1,1,Carrera 56B X Calle 76 Sur,143
7102,A000265965,jul/29/2015 08:00 a. m.,1,d,Choque,jul/29/2015 08:00 a. m.,1,1,1,1,1,Calle 83 Sur X Carrera 67,143
7103,A000265943,jul/22/2015 06:20 a. m.,1,d,Choque,jul/22/2015 06:20 a. m.,1,1,1,1,1,Carrera 60 X Calle 83 Sur,143
7104,A000265950,jul/25/2015 04:50 p. m.,19,d,Choque,jul/25/2015 04:50 p. m.,1,1,1,1,1,Carrera 55 X Calle 77 Sur,143
7105,A000265973,ago/01/2015 11:00 a. m.,3,d,Choque,ago/01/2015 11:00 a. m.,1,1,1,1,1,Carrera 50 X Calle 79 Sur,143
7106,A00000595,ago/01/2015 07:10 p. m.,8,d,Choque,ago/01/2015 07:10 p. m.,1,1,1,1,1,Carrera 56 X Calle 77 Sur,143
7107,A000265971,jul/30/2015 07:50 a. m.,3,d,Choque,jul/30/2015 07:50 a. m.,1,1,1,1,1,Carrera 50 X Calle 79 Sur,143
7108,A000265967,jul/27/2015 08:15 p. m.,2,h,Atropello,jul/27/2015 08:15 p. m.,1,1,1,1,1,Carrera 50 X Calle 101 Sur,409
7109,A000265974,ago/01/2015 06:40 p. m.,19,h,Caida Ocupante,ago/01/2015 06:40 p. m.,1,1,1,1,1,Calle 77 Sur X Carrera 56D,140
7110,A000265968,jul/30/2015 06:00 a. m.,1,h,Caida Ocupante,jul/30/2015 06:00 a. m.,1,1,1,1,1,Calle 75 Sur X Carrera 54,140
7111,A000265969,jul/30/2015 07:30 p. m.,14,d,Choque,jul/30/2015 07:30 p. m.,1,1,1,1,1,Carrera 55 X Calle 83 Sur,140
7144,A000273323,ago/13/2015 10:30 p. m.,3,h,Choque,ago/13/2015 10:30 p. m.,1,1,1,1,1,Carrera 50 X Calle 79 Sur,143
7145,A000273326,ago/16/2015 12:30 p. m.,19,h,Choque,ago/16/2015 12:30 p. m.,1,1,1,1,1,Calle 77 Sur X Carrera 55,143
7146,A000273316,ago/14/2015 08:00 a. m.,1,h,Atropello,ago/14/2015 08:00 a. m.,1,1,1,1,1,Carrera 61 X Calle 77 Sur,409
7147,A00000643,ago/17/2015 08:50 a. m.,3,h,Choque,ago/17/2015 08:50 a. m.,1,2,1,1,1,Calle 80 Sur X Carrera 50,143
7148,A000273317,ago/15/2015 01:15 p. m.,3,h,Caida Ocupante,ago/15/2015 01:15 p. m.,1,1,1,1,1,Carrera 50 X Calle 100B Sur,140
7149,A000273312,ago/14/2015 06:50 a. m.,3,d,Choque,ago/14/2015 06:50 a. m.,1,1,1,1,1,Carrera 50 X Calle 79C Sur,143
7150,A000273313,ago/14/2015 05:30 p. m.,3,h,Atropello,ago/14/2015 05:30 p. m.,1,2,1,1,1,Carrera 50 X Calle 79C Sur,409
7151,A000273327,ago/17/2015 06:00 p. m.,3,h,Atropello,ago/17/2015 06:00 p. m.,1,1,1,1,1,Carrera 50 X Calle 94 Sur,409
7152,A000273311,ago/14/2015 09:40 a. m.,6,h,Caida Ocupante,ago/14/2015 09:40 a. m.,1,1,1,1,1,Carrera 55 X Calle 79 Sur,140
7153,A000266000,ago/13/2015 08:10 p. m.,19,h,Caida Ocupante,ago/13/2015 08:10 p. m.,1,2,1,1,1,Calle 77 Sur X Carrera 52,140
7154,A000273325,ago/18/2015 05:50 a. m.,13,h,Caida Ocupante,ago/18/2015 05:50 a. m.,1,2,1,1,1,Carrera 50 X Calle 98 Sur,140
7155,A000273318,ago/15/2015 08:00 a. m.,20,h,Caida Ocupante,ago/15/2015 08:00 a. m.,1,1,1,1,1,Carrera 63 X Calle 81 Sur,143
7156,A000273315,ago/14/2015 02:40 p. m.,4,h,Caida Ocupante,ago/14/2015 02:40 p. m.,1,1,1,1,1,Carrera 48 X Calle 101 Sur,140
7157,A000273314,ago/14/2015 02:00 p. m.,2,h,Caida Ocupante,ago/14/2015 02:00 p. m.,1,1,1,1,1,Carrera 50 X Calle 100C Sur,140
7158,A000273322,ago/16/2015 09:00 p. m.,1,h,Caida Ocupante,ago/16/2015 09:00 p. m.,1,1,1,1,1,Calle 80 Sur X Carrera 60,140
7159,A000273321,ago/10/2015 11:40 a. m.,4,d,Choque,ago/10/2015 11:40 a. m.,1,2,1,1,1,Carrera 48 X Calle 79C Sur,143
7160,A000273319,ago/17/2015 12:55 p. m.,2,d,Choque,ago/17/2015 12:55 p. m.,1,2,1,1,1,Carrera 50 X Calle 100C Sur,143
7161,A000273328,ago/18/2015 11:50 a. m.,3,d,Choque,ago/18/2015 11:50 a. m.,1,2,1,1,1,Calle 97 Sur X Carrera 50,140
7162,A00000625,ago/12/2015 01:40 p. m.,14,d,Choque,ago/12/2015 01:40 p. m.,1,1,1,1,1,Calle 87 Sur X Carrera 59,143
7188,A000273347,ago/27/2015 03:20 p. m.,3,h,Caida Ocupante,ago/27/2015 03:20 p. m.,1,1,1,1,1,Carrera 63 X Calle 89 Sur,140
7189,A00000670,ago/28/2015 10:30 a. m.,3,d,Choque,ago/28/2015 10:30 a. m.,1,1,1,1,1,Carrera 50 X Calle 96A Sur,143
8188,A000459004,jul/27/2016 08:00 p. m.,3,d,Choque,jul/27/2016 08:00 p. m.,1,1,1,1,1,Carrera 50 X Calle 79 Sur,143
8189,A000459005,jul/27/2016 07:10 p. m.,2,h,Atropello,jul/27/2016 07:10 p. m.,1,1,1,1,1,Carrera 50 X Calle 99 Sur,409
8190,A000459006,jul/28/2016 08:30 a. m.,4,h,Caida Ocupante,jul/28/2016 08:30 a. m.,1,1,1,1,1,Carrera 48 X Calle 100D Sur,140
8191,A000459007,jul/29/2016 04:40 p. m.,2,h,Caida Ocupante,jul/29/2016 04:40 p. m.,1,2,1,1,1,Carrera 48 X Calle 100B Sur,140
8192,A000459008,jul/29/2016 07:30 a. m.,3,d,Choque,jul/29/2016 07:30 a. m.,1,1,1,1,1,Carrera 50 X Calle 79C Sur,143
8197,A000459019,ago/01/2016 02:00 p. m.,2,h,Caida Ocupante,ago/01/2016 02:00 p. m.,1,1,1,1,1,Carrera 49 X Calle 100 Sur,140
8198,A000459020,jul/31/2016 08:20 p. m.,19,d,Choque,jul/31/2016 08:20 p. m.,1,1,1,2,1,Calle 77 Sur X Carrera 61,143
8199,A00001004,dic/20/2015 12:30 p. m.,17,d,Choque,dic/20/2015 12:30 p. m.,1,1,1,1,1,Calle 79 Sur X Carrera 117,143
8200,A000459010,ago/01/2016 05:10 p. m.,18,d,Choque,ago/01/2016 05:10 p. m.,1,1,1,1,1,Carrera 50A X Calle 77 Sur,143
8201,A000459021,jul/30/2016 08:30 a. m.,4,d,Choque,jul/30/2016 08:30 a. m.,1,1,1,1,1,Carrera 48 X Calle 98A Sur,143
8202,A000459018,ago/01/2016 04:30 p. m.,17,h,Choque,ago/01/2016 04:30 p. m.,1,1,1,2,1,Calle 80 Sur X Carrera 59,143
8294,A00000735,sept/01/2016 11:20 a. m.,23,h,Caida Ocupante,sept/01/2016 11:20 a. m.,1,1,1,1,1,Carrera 54 X Calle 79 Sur,140
8295,A00000736,sept/01/2016 11:20 a. m.,19,d,Choque,sept/01/2016 11:20 a. m.,1,1,1,2,1,Carrera 60 X Calle 77 Sur,143
8301,A00000741,sept/02/2016 03:20 p. m.,3,h,Choque,sept/02/2016 03:20 p. m.,1,1,1,1,1,Carrera 50 X Calle 88 Sur,143
8302,A00000742,sept/05/2016 10:10 a. m.,23,h,Choque,sept/05/2016 10:10 a. m.,1,1,1,1,1,Carrera 55 X Calle 77 Sur,143
8303,A00000743,sept/06/2016 06:33 a. m.,13,h,Choque,sept/06/2016 06:33 a. m.,1,1,1,1,1,Carrera 50 X Calle 97B Sur,143
8308,A00000753,sept/07/2016 08:00 a. m.,4,h,Choque,sept/07/2016 08:00 a. m.,1,1,1,1,1,Carrera 48 X Calle 97 Sur,143
8309,A00000750,sept/06/2016 08:20 p. m.,18,d,Choque,sept/06/2016 08:20 p. m.,1,1,1,1,1,Calle 75AB Sur X Carrera 52D,143
8310,A00000751,sept/08/2016 06:20 a. m.,3,h,Choque,sept/08/2016 06:20 a. m.,1,1,1,1,1,Carrera 50 X Calle 97 Sur,143
8323,A00000764,sept/09/2016 11:10 a. m.,23,d,Choque,sept/09/2016 11:10 a. m.,1,1,1,2,1,Calle 79 Sur X Carrera 50,143
7926,A000420958,may/07/2016 04:30 p. m.,13,d,Choque,may/07/2016 04:30 p. m.,1,2,1,1,1,Carrera 50 X Calle 96A Sur,143
7929,A000420950,may/05/2016 12:20 p. m.,14,h,Choque,may/05/2016 12:20 p. m.,1,1,1,2,1,Carrera 50 X Calle 88A Sur,143
7930,A000420952,may/02/2016 08:30 a. m.,3,h,Caida Ocupante,may/02/2016 08:30 a. m.,1,1,1,1,1,Carrera 50 X Calle 100 Sur,140
7931,A000420963,may/10/2016 06:20 a. m.,23,h,Caida Ocupante,may/10/2016 06:20 a. m.,1,2,1,1,1,Calle 79 Sur X Carrera 52,140
7932,A000420957,may/07/2016 03:20 p. m.,3,h,Caida Ocupante,may/07/2016 03:20 p. m.,1,2,1,1,1,Carrera 50 X Calle 80 Sur,140
7933,A000420964,may/09/2016 07:20 p. m.,19,h,Choque,may/09/2016 07:20 p. m.,1,1,1,2,1,Carrera 55 X Calle 77 Sur,143
7934,A000420943,may/02/2016 06:30 a. m.,4,d,Choque,may/02/2016 06:30 a. m.,1,2,1,1,1,Carrera 50 X Calle 79C Sur,143
7935,A000420965,may/07/2016 08:00 a. m.,3,h,Caida Ocupante,may/07/2016 08:00 a. m.,1,2,1,1,1,Carrera 50 X Calle 80 Sur,140
7936,A000420966,may/10/2016 10:00 a. m.,14,h,Caida Ocupante,may/10/2016 10:00 a. m.,1,1,1,1,1,Carrera 60 X Calle 87 Sur,140
7937,A000420961,may/08/2016 09:30 a. m.,19,h,Caida Ocupante,may/08/2016 09:30 a. m.,1,1,1,1,1,Calle 77 Sur X Carrera 50A,140
7938,A00000366,may/01/2016 11:50 a. m.,14,h,Choque,may/01/2016 11:50 a. m.,1,1,1,1,1,Calle 88 Sur X Carrera 50,143
7960,A000421000,may/19/2016 04:00 p. m.,4,h,Choque,may/19/2016 04:00 p. m.,1,2,1,1,1,Carrera 48 X Calle 97 Sur,143
7968,A000420975,may/14/2016 10:30 p. m.,6,h,Choque,may/14/2016 10:30 p. m.,1,2,1,1,1,Carrera 50 X Calle 80 Sur,143
7969,A000420985,may/16/2016 03:00 p. m.,2,h,Caida Ocupante,may/16/2016 03:00 p. m.,1,1,1,1,1,Carrera 50 X Calle 100B Sur,140
7970,A000420986,may/18/2016 07:40 a. m.,19,h,Caida Ocupante,may/18/2016 07:40 a. m.,1,1,1,2,1,Carrera 55 X Calle 77 Sur,140
7988,A000421016,may/23/2016 05:10 p. m.,2,d,Choque,may/23/2016 05:10 p. m.,1,1,1,1,1,Carrera 50 X Calle 100 Sur,143
7989,A000421024,may/26/2016 02:50 p. m.,4,d,Choque,may/26/2016 02:50 p. m.,1,1,1,1,1,Calle 98 Sur X Carrera 48,143
7990,A000421008,may/23/2016 02:10 p. m.,3,h,Choque,may/23/2016 02:10 p. m.,1,2,1,1,1,Carrera 50 X Calle 78 Sur,143
7991,A000420997,may/20/2016 06:20 p. m.,4,d,Choque,may/20/2016 06:20 p. m.,1,2,1,1,1,Carrera 48 X Calle 100 Sur,143
7997,A000420970,may/12/2016 03:20 p. m.,20,d,Choque,may/12/2016 03:20 p. m.,1,1,1,1,1,Calle 80 Sur X Carrera 62,143
7998,A000421029,may/30/2016 09:00 a. m.,20,d,Choque,may/30/2016 09:00 a. m.,1,1,1,2,1,Carrera 63 X Calle 80 Sur,143
7999,A000421013,may/25/2016 05:30 a. m.,18,h,Caida Ocupante,may/25/2016 05:30 a. m.,1,1,1,1,1,Carrera 50A X Calle 77 Sur,140
8000,A000421006,may/23/2016 02:25 p. m.,2,h,Caida Ocupante,may/23/2016 02:25 p. m.,1,2,1,1,1,Carrera 48 X Calle 100 Sur,140
8001,A000421011,may/24/2016 07:20 a. m.,3,h,Caida Ocupante,may/24/2016 07:20 a. m.,1,1,1,1,1,Carrera 50 X Calle 96A Sur,140
8002,A000420993,may/19/2016 08:40 p. m.,2,h,Atropello,may/19/2016 08:40 p. m.,1,2,3,2,1,Carrera 48B X Calle 98 Sur,409
8003,A000421023,may/24/2016 11:00 a. m.,23,d,Choque,may/24/2016 11:00 a. m.,1,1,1,1,1,Carrera 53 X Calle 77 Sur,143
8004,A000421032,may/30/2016 08:00 p. m.,15,h,Caida Ocupante,may/30/2016 08:00 p. m.,1,1,1,1,1,Carrera 62A X Calle 76 Sur,140
8006,A000421022,may/25/2016 08:40 p. m.,12,d,Choque,may/25/2016 08:40 p. m.,1,1,1,1,1,Carrera 50 X Calle 96 Sur,143
8007,A000421020,may/25/2016 08:00 p. m.,1,h,Caida Ocupante,may/25/2016 08:00 p. m.,1,1,1,2,1,Carrera 54 X Calle 75 Sur,140
8008,A00000427,may/22/2016 10:50 a. m.,3,h,Choque,may/22/2016 10:50 a. m.,1,1,1,1,1,Carrera 50 X Calle 100D Sur,143
8009,A000421050,jun/04/2016 12:00 p. m.,24,d,Choque,jun/04/2016 12:00 p. m.,1,1,1,1,1,Carrera 65 X Calle 87 Sur,143
8036,A000421046,jun/07/2016 10:50 a. m.,18,h,Atropello,jun/07/2016 10:50 a. m.,1,1,1,1,1,Calle 77 Sur X Carrera 50A,409
8436,A00000845,sept/27/2016 10:00 a. m.,2,d,Otro,sept/27/2016 10:00 a. m.,1,1,1,1,1,Carrera 50 X Calle 100 Sur,140
8437,A00000896,oct/15/2016 02:55 p. m.,3,d,Choque,oct/15/2016 02:55 p. m.,1,1,1,2,1,Carrera 50 X Calle 79 Sur,143
8440,A00000876,oct/12/2016 02:20 p. m.,2,h,Caida Ocupante,oct/12/2016 02:20 p. m.,1,1,1,1,1,Carrera 50 X Calle 98 Sur,140
8441,A00000884,oct/13/2016 04:30 p. m.,3,d,Choque,oct/13/2016 04:30 p. m.,1,1,1,2,1,Carrera 50 X Calle 78 Sur,143
8442,A00000886,oct/14/2016 09:40 p. m.,13,h,Choque,oct/14/2016 09:40 p. m.,1,1,1,1,1,Carrera 50 X Calle 97B Sur,143
8443,A00000887,oct/14/2016 06:50 a. m.,19,h,Choque,oct/14/2016 06:50 a. m.,1,1,1,1,1,Calle 77 Sur X Carrera 56E,143
8448,A00000889,oct/14/2016 03:10 p. m.,3,d,Choque,oct/14/2016 03:10 p. m.,1,1,1,1,1,Calle 79 Sur X Carrera 50,143
8449,A00000869,oct/10/2016 08:20 p. m.,22,d,Choque,oct/10/2016 08:20 p. m.,1,1,1,2,1,Carrera 57 X Calle 82 Sur,143
8459,A00000903,oct/19/2016 06:30 p. m.,14,h,Caida Ocupante,oct/19/2016 06:30 p. m.,1,1,1,1,1,Carrera 55 X Calle 87 Sur,140
8460,A00000904,oct/19/2016 02:20 p. m.,23,h,Atropello,oct/19/2016 02:20 p. m.,1,1,1,1,1,Carrera 54 X Calle 79 Sur,409
8461,A00000905,oct/19/2016 06:50 a. m.,3,h,Atropello,oct/19/2016 06:50 a. m.,1,1,1,1,1,Carrera 50 X Calle 79 Sur,409
8462,A0000908,oct/19/2016 10:30 a. m.,2,d,Choque,oct/19/2016 10:30 a. m.,1,1,1,1,1,Carrera 48 X Calle 100 Sur,143
8463,A00000909,oct/19/2016 06:10 a. m.,15,d,Choque,oct/19/2016 06:10 a. m.,1,1,1,1,1,Carrera 63 X Calle 73 Sur,143
8464,A00000910,oct/19/2016 08:00 a. m.,2,d,Choque,oct/19/2016 08:00 a. m.,1,1,1,1,1,Calle 98A Sur X Carrera 48,143
8465,A00000911,oct/20/2016 04:45 p. m.,2,d,Choque,oct/20/2016 04:45 p. m.,1,1,1,1,1,Carrera 50 X Calle 100 Sur,143
8466,A00000912,oct/20/2016 02:05 p. m.,2,d,Choque,oct/20/2016 02:05 p. m.,1,1,1,1,1,Calle 100 Sur X Carrera 49A,143
8467,A00000913,oct/20/2016 07:40 p. m.,2,h,Caida Ocupante,oct/20/2016 07:40 p. m.,1,1,1,1,1,Carrera 50 X Calle 101 Sur,140
7982,A000421002,may/21/2016 09:45 p. m.,14,h,Choque,may/21/2016 09:45 p. m.,1,1,1,1,1,Carrera 50 X Calle 88A Sur,143
7983,A000421007,may/23/2016 07:40 p. m.,23,h,Caida Ocupante,may/23/2016 07:40 p. m.,1,1,1,1,1,Carrera 55 X Calle 79B Sur,140
7984,A000420999,may/20/2016 07:00 p. m.,4,h,Caida Ocupante,may/20/2016 07:00 p. m.,1,1,1,1,1,Carrera 48 X Calle 100B Sur,140
7985,A00000411,may/17/2016 07:10 p. m.,2,h,Caida Ocupante,may/17/2016 07:10 p. m.,1,2,1,1,1,Carrera 48 X Calle 98A Sur,140
7986,A000421009,may/23/2016 04:05 p. m.,23,d,Choque,may/23/2016 04:05 p. m.,1,1,1,2,1,Calle 77 Sur X Carrera 53,143
7987,A000421005,may/23/2016 11:00 a. m.,19,h,Caida Ocupante,may/23/2016 11:00 a. m.,1,2,1,1,1,Carrera 55 X Calle 77 Sur,140
7992,A000421028,may/28/2016 01:40 p. m.,3,h,Choque,may/28/2016 01:40 p. m.,1,1,1,1,1,Carrera 50 X Calle 88 Sur,143
8090,A000458922,jun/23/2016 04:00 p. m.,11,d,Choque,jun/23/2016 04:00 p. m.,1,1,1,1,1,Carrera 67 X Calle 81 Sur,143
8091,A000458934,jun/26/2016 08:00 a. m.,4,d,Volcamiento,jun/26/2016 08:00 a. m.,1,2,1,1,1,Carrera 48 X Calle 100B Sur,143
8092,A000458923,jun/24/2016 07:40 a. m.,3,d,Choque,jun/24/2016 07:40 a. m.,1,2,1,1,1,Carrera 50 X Calle 79B Sur,143
8093,A000458912,jun/20/2016 06:30 a. m.,4,h,Choque,jun/20/2016 06:30 a. m.,1,1,1,1,1,Carrera 48 X Calle 98A Sur,143
8094,A000458919,jun/22/2016 07:30 a. m.,2,h,Caida Ocupante,jun/22/2016 07:30 a. m.,1,1,1,1,1,Calle 100 Sur X Carrera 49,140
8095,A000458921,jun/23/2016 09:30 a. m.,12,d,Choque,jun/23/2016 09:30 a. m.,1,1,1,2,1,Carrera 50 X Calle 95 Sur,143
8096,A000458924,jun/24/2016 12:00 p. m.,4,d,Choque,jun/24/2016 12:00 p. m.,1,1,1,1,1,Carrera 48 X Calle 98A Sur,143
8097,A000458917,jun/22/2016 04:15 p. m.,2,h,Choque,jun/22/2016 04:15 p. m.,1,1,5,1,1,Carrera 48 X Calle 98A Sur,143
8098,A000458918,jun/23/2016 07:00 a. m.,18,h,Choque,jun/23/2016 07:00 a. m.,1,2,1,1,1,Carrera 49 X Calle 77 Sur,143
8099,A000458925,jun/24/2016 06:20 a. m.,4,d,Choque,jun/24/2016 06:20 a. m.,1,1,1,1,1,Carrera 48 X Calle 79C Sur,143
8100,A000458926,jun/24/2016 06:05 p. m.,4,h,Caida Ocupante,jun/24/2016 06:05 p. m.,1,1,1,1,1,Carrera 48 X Calle 98 Sur,140
8101,A000458930,jun/24/2016 10:40 p. m.,5,h,Caida Ocupante,jun/24/2016 10:40 p. m.,1,1,1,1,1,Carrera 55 X Calle 91 Sur,140
8102,A000458931,jun/25/2016 03:30 a. m.,19,d,Choque,jun/25/2016 03:30 a. m.,1,1,1,1,1,Calle 76 Sur X Carrera 57A,143
8103,A000458932,jun/25/2016 08:00 a. m.,2,h,Choque,jun/25/2016 08:00 a. m.,1,1,1,1,1,Carrera 50 X Calle 100C Sur,143
8111,A00000513,jun/16/2016 03:10 p. m.,14,h,Otro,jun/16/2016 03:10 p. m.,1,1,1,1,1,Carrera 50 X Calle 96A Sur,140
8137,A000458954,jul/01/2016 07:10 p. m.,3,d,Choque,jul/01/2016 07:10 p. m.,1,1,1,1,1,Carrera 50 X Calle 79 Sur,143
8138,A000458959,jul/02/2016 12:50 p. m.,13,h,Choque,jul/02/2016 12:50 p. m.,1,1,1,1,1,Carrera 50 X Calle 97 Sur,143
8139,A000458962,jul/05/2016 07:00 a. m.,4,h,Choque,jul/05/2016 07:00 a. m.,1,1,1,1,1,Carrera 48 X Calle 98 Sur,143
8140,A000458969,jul/07/2016 09:30 p. m.,2,h,Caida Ocupante,jul/07/2016 09:30 p. m.,1,1,1,1,1,Carrera 48 X Calle 100 Sur,140
8141,A000458964,jul/05/2016 08:10 a. m.,4,h,Caida Ocupante,jul/05/2016 08:10 a. m.,1,1,1,1,1,Carrera 48 X Calle 100B Sur,140
8142,A000458963,jul/04/2016 08:20 p. m.,2,h,Atropello,jul/04/2016 08:20 p. m.,1,1,1,1,1,Carrera 50 X Calle 98 Sur,409
8143,A000458966,jul/06/2016 09:50 a. m.,12,d,Choque,jul/06/2016 09:50 a. m.,1,1,1,1,1,Carrera 51 X Calle 95B Sur,143
8144,A000458965,jul/05/2016 06:30 a. m.,4,m,Otro,jul/05/2016 06:30 a. m.,1,1,1,1,1,Carrera 48 X Calle 98 Sur,143
8145,A000458968,jul/06/2016 07:00 p. m.,14,h,Caida Ocupante,jul/06/2016 07:00 p. m.,1,1,1,1,1,Carrera 50 X Calle 88 Sur,140
8155,A000458979,jul/09/2016 12:10 p. m.,5,h,Caida Ocupante,jul/09/2016 12:10 p. m.,1,1,1,1,1,Carrera 51 X Calle 95 Sur,140