NRO_RADICADO,NUMERO_EXPEDIENTE,FECHA_ACCIDENTE,ID_ZONA,GRAVEDAD,DESC_CLASE_ACCIDENTE,HORA_ACCIDENTE,AREA,SECTOR,ZONA,DISENO,ESTADO_TIEMPO,VIA_ACCID,POSIBLE_CAUSA
8156,A000458978,jul/10/2016 05:30 p. m.,27,h,Caida Ocupante,jul/10/2016 05:30 p. m.,1,1,1,1,1,Carrera 54 X Calle 75AA Sur,140
8157,A00000594,jul/09/2016 11:30 a. m.,24,h,Atropello,jul/09/2016 11:30 a. m.,1,1,1,2,1,Carrera 62 X Calle 87 Sur,409
8158,A000458983,jul/11/2016 08:20 p. m.,3,d,Choque,jul/11/2016 08:20 p. m.,1,1,1,2,1,Carrera 50 X Calle 79 Sur,143
8159,A000458984,jul/12/2016 02:20 p. m.,19,h,Caida Ocupante,jul/12/2016 02:20 p. m.,1,1,1,1,1,Calle 77 Sur X Carrera 62,140
6709,A000213351,abr/07/2015 05:00 p. m.,3,d,Choque,abr/07/2015 05:00 p. m.,1,1,1,1,1,Carrera 50 X Calle 78 Sur,143
6710,A000213355,abr/07/2015 03:45 p. m.,14,d,Choque,abr/07/2015 03:45 p. m.,1,1,1,1,1,Carrera 50 X Calle 83C Sur,143
6744,A000213321,mar/21/2015 10:15 a. m.,14,d,Choque,mar/21/2015 10:15 a. m.,1,1,1,1,1,Carrera 55 X Calle 88 Sur,143
6745,A000213330,mar/27/2015 12:25 p. m.,4,d,Choque,mar/27/2015 12:25 p. m.,1,1,1,1,1,Carrera 50 X Calle 79 Sur,143
6746,A000213318,mar/24/2015 09:50 p. m.,2,d,Choque,mar/24/2015 09:50 p. m.,1,1,1,1,1,Carrera 48 X Calle 103 Sur,143
6747,A000213339,mar/30/2015 05:40 p. m.,4,d,Choque,mar/30/2015 05:40 p. m.,1,2,1,1,1,Carrera 48 X Calle 98 Sur,143
6748,A000213333,mar/29/2015 01:30 a. m.,3,h,Choque,mar/29/2015 01:30 a. m.,1,2,1,1,1,Carrera 50 X Calle 98 Sur,143
6749,A000213316,mar/23/2015 02:50 p. m.,2,d,Choque,mar/23/2015 02:50 p. m.,1,1,1,1,1,Calle 100 Sur X Carrera 49D,143
6750,A00000234,abr/02/2015 05:17 a. m.,24,h,Choque,abr/02/2015 05:17 a. m.,1,1,1,1,1,Carrera 65 X Calle 87 Sur,143
6778,A000213369,abr/15/2015 07:00 a. m.,14,h,Caida Ocupante,abr/15/2015 07:00 a. m.,1,1,1,1,1,Carrera 55 X Calle 87 Sur,140
6779,A000213412,may/05/2015 07:30 p. m.,27,h,Caida Ocupante,may/05/2015 07:30 p. m.,1,1,1,1,1,Carrera 54 X Calle 75AA Sur,140
6780,A000213370,abr/16/2015 06:00 a. m.,3,d,Choque,abr/16/2015 06:00 a. m.,1,1,1,1,1,Carrera 50 X Calle 91 Sur,140
6781,A000213371,abr/17/2015 04:00 p. m.,15,d,Choque,abr/17/2015 04:00 p. m.,1,1,1,1,1,Carrera 64 X Calle 73 Sur,140
6782,A000213372,abr/17/2015 02:00 p. m.,15,d,Choque,abr/17/2015 02:00 p. m.,1,1,1,1,1,Carrera 62 X Calle 75B Sur,143
6783,A00000246,abr/08/2015 06:10 a. m.,2,h,Choque,abr/08/2015 06:10 a. m.,1,1,1,1,1,Carrera 50 X Calle 99 Sur,143
6784,A000213373,abr/17/2015 06:00 a. m.,4,h,Atropello,abr/17/2015 06:00 a. m.,1,1,1,1,1,Carrera 48 X Calle 103 Sur,409
6785,A000213374,abr/19/2015 07:00 a. m.,3,h,Caida Ocupante,abr/19/2015 07:00 a. m.,1,1,1,1,1,Carrera 50 X Calle 101 Sur,140
6788,A000213421,may/08/2015 05:50 p. m.,22,h,Choque,may/08/2015 05:50 p. m.,1,1,1,1,1,Calle 82 Sur X Carrera 58,143
6789,A000213420,may/08/2015 01:15 p. m.,3,d,Choque,may/08/2015 01:15 p. m.,1,2,1,1,1,Carrera 50 X Calle 79C Sur,143
6790,A000213417,may/07/2015 09:05 p. m.,18,h,Caida Ocupante,may/07/2015 09:05 p. m.,1,1,1,1,1,Calle 75A Sur X Carrera 52AB,140
6830,A000213447,may/15/2015 04:00 p. m.,3,d,Choque,may/15/2015 04:00 p. m.,1,2,1,1,1,Carrera 50 X Calle 79C Sur,143
6835,A00000272,abr/19/2015 01:10 p. m.,3,h,Choque,abr/19/2015 01:10 p. m.,1,1,1,1,1,Carrera 50 X Calle 91 Sur,143
6579,A000213198,ene/30/2015 07:20 a. m.,4,h,Choque,ene/30/2015 07:20 a. m.,1,2,1,1,1,Carrera 48 X Calle 100C Sur,143
6586,A000213204,ene/29/2015 12:00 p. m.,3,d,Choque,ene/29/2015 12:00 p. m.,1,2,1,1,1,Carrera 50 X Calle 100 Sur,143
6587,A000213205,feb/01/2015 10:00 a. m.,2,h,Caida Ocupante,feb/01/2015 10:00 a. m.,1,1,1,1,1,Carrera 48 X Calle 98 Sur,140
6588,A000213206,feb/02/2015 01:20 p. m.,12,d,Choque,feb/02/2015 01:20 p. m.,1,1,1,1,1,Carrera 50 X Calle 96 Sur,143
6606,A000213233,feb/16/2015 01:42 p. m.,19,h,Choque,feb/16/2015 01:42 p. m.,1,1,1,1,1,Carrera 53 X Calle 77 Sur,143
6607,A0000098,feb/13/2015 02:00 p. m.,4,h,Choque,feb/13/2015 02:00 p. m.,1,2,1,1,1,Carrera 48 X Calle 98 Sur,143
6608,A000213228,feb/13/2015 01:15 p. m.,4,d,Choque,feb/13/2015 01:15 p. m.,1,2,1,1,1,Carrera 48 X Calle 98 Sur,143
6609,A000213229,feb/13/2015 08:20 p. m.,2,h,Choque,feb/13/2015 08:20 p. m.,1,1,1,1,1,Carrera 52 X Calle 100 Sur,143
6610,A000213230,feb/13/2015 06:00 p. m.,3,h,Caida Ocupante,feb/13/2015 06:00 p. m.,1,1,1,1,1,Carrera 51 X Calle 92 Sur,140
6611,A000213231,feb/14/2015 02:00 p. m.,2,h,Caida Ocupante,feb/14/2015 02:00 p. m.,1,1,1,1,1,Carrera 50 X Calle 100B Sur,140
6612,A000213232,feb/16/2015 03:30 p. m.,9,d,Choque,feb/16/2015 03:30 p. m.,1,1,1,1,1,Carrera 57 X Calle 75AA Sur,143
6613,A000213236,feb/17/2015 07:10 a. m.,9,h,Caida Ocupante,feb/17/2015 07:10 a. m.,1,1,1,1,1,Calle 75 Sur X Carrera 57,140
6614,A000213235,feb/16/2015 02:17 p. m.,8,d,Choque,feb/16/2015 02:17 p. m.,1,1,1,1,1,Carrera 55 X Calle 77 Sur,143
6615,A000213234,feb/16/2015 02:20 p. m.,23,h,Choque,feb/16/2015 02:20 p. m.,1,1,1,1,1,Calle 79 Sur X Carrera 52,143
6617,A000213237,feb/17/2015 12:40 p. m.,1,h,Choque,feb/17/2015 12:40 p. m.,1,1,1,1,1,Calle 80 Sur X Carrera 59,143
6618,A000213238,feb/05/2015 11:20 a. m.,1,h,Caida Ocupante,feb/05/2015 11:20 a. m.,1,1,1,1,1,Calle 81 Sur X Carrera 60,140
6619,A000213239,feb/06/2015 01:30 p. m.,23,h,Caida Ocupante,feb/06/2015 01:30 p. m.,1,2,1,1,1,Carrera 54 X Calle 79 Sur,140
6620,A000213241,feb/15/2015 08:00 p. m.,25,d,Choque,feb/15/2015 08:00 p. m.,1,1,1,1,1,Carrera 59 X Calle 80 Sur,140
6621,A000213240,feb/17/2015 02:15 p. m.,3,d,Choque,feb/17/2015 02:15 p. m.,1,1,1,1,1,Carrera 50 X Calle 79 Sur,143
6622,A000213242,feb/16/2015 10:15 a. m.,3,h,Caida Ocupante,feb/16/2015 10:15 a. m.,1,1,1,1,1,Carrera 50 X Calle 79 Sur,140
6623,A0000115,feb/16/2015 10:00 a. m.,14,h,Choque,feb/16/2015 10:00 a. m.,1,2,1,1,1,Carrera 55 X Calle 88 Sur,143
6624,A000213243,feb/19/2015 11:00 a. m.,18,h,Caida Ocupante,feb/19/2015 11:00 a. m.,1,1,1,1,1,Calle 77 Sur X Carrera 50B,140
6658,A000158,mar/05/2015 06:00 a. m.,2,h,Atropello,mar/05/2015 06:00 a. m.,1,1,1,1,1,Calle 100B Sur X Carrera 54,409
6659,A000157,mar/04/2015 06:30 a. m.,4,h,Choque,mar/04/2015 06:30 a. m.,1,1,1,1,1,Carrera 48 X Calle 96 Sur,143
6660,A000156,mar/03/2015 08:00 p. m.,14,h,Choque,mar/03/2015 08:00 p. m.,1,1,1,1,1,Calle 88 Sur X Carrera 65,143
6661,A000213275,mar/03/2015 08:05 p. m.,12,h,Caida Ocupante,mar/03/2015 08:05 p. m.,1,1,1,1,1,Carrera 50 X Calle 94 Sur,140
6751,A000213335,mar/30/2015 03:55 p. m.,14,d,Choque,mar/30/2015 03:55 p. m.,1,2,1,1,1,Carrera 54 X Calle 79 Sur,143
6752,A00000243,abr/06/2015 05:15 p. m.,23,h,Otro,abr/06/2015 05:15 p. m.,1,1,1,1,1,Calle 79 Sur X Carrera 55,140
6753,A000213360,abr/10/2015 04:20 p. m.,19,h,Choque,abr/10/2015 04:20 p. m.,1,1,1,1,1,Calle 77 Sur X Carrera 55,143
6754,A000213349,abr/05/2015 03:00 a. m.,2,h,Choque,abr/05/2015 03:00 a. m.,1,1,1,1,1,Carrera 52 X Calle 100B Sur,143
7194,A000273355,sept/01/2015 10:30 p. m.,3,h,Caida Ocupante,sept/01/2015 10:30 p. m.,1,2,1,1,1,Carrera 50 X Calle 79C Sur,140
7195,A000273356,sept/02/2015 05:00 p. m.,4,h,Caida Ocupante,sept/02/2015 05:00 p. m.,1,1,1,1,1,Carrera 48 X Calle 79 Sur,140
7203,A000273359,ago/31/2015 01:10 p. m.,1,h,Caida Ocupante,ago/31/2015 01:10 p. m.,1,1,1,1,1,Carrera 57 X Calle 75AB Sur,140
7204,A000273367,sept/04/2015 09:10 p. m.,12,h,Atropello,sept/04/2015 09:10 p. m.,1,1,1,1,1,Calle 95 Sur X Carrera 58A,409
7205,A000273368,sept/04/2015 05:50 p. m.,4,h,Caida Ocupante,sept/04/2015 05:50 p. m.,1,1,1,1,1,Carrera 48 X Calle 97 Sur,140
7206,A000273366,sept/07/2015 08:20 a. m.,13,h,Caida Ocupante,sept/07/2015 08:20 a. m.,1,2,1,1,1,Carrera 50 X Calle 97 Sur,140
7207,A000273358,sept/02/2015 06:40 a. m.,14,d,Choque,sept/02/2015 06:40 a. m.,1,2,1,1,1,Calle 92 Sur X Carrera 55,143
7208,A000273357,ago/31/2015 10:20 a. m.,14,d,Choque,ago/31/2015 10:20 a. m.,1,1,1,1,1,Carrera 60 X Calle 87 Sur,143
7209,A000273364,sept/05/2015 08:10 a. m.,2,d,Choque,sept/05/2015 08:10 a. m.,1,1,1,1,1,Carrera 50 X Calle 100 Sur,143
7210,A000273362,sept/03/2015 02:00 p. m.,2,h,Caida Ocupante,sept/03/2015 02:00 p. m.,1,1,1,1,1,Carrera 50 X Calle 97 Sur,140
7211,A000273369,sept/05/2015 10:30 a. m.,1,h,Atropello,sept/05/2015 10:30 a. m.,1,1,1,1,1,Carrera 65 X Calle 81 Sur,409
7212,A00000681,ago/28/2015 07:50 a. m.,3,h,Atropello,ago/28/2015 07:50 a. m.,1,1,1,1,1,Carrera 50 X Calle 88 Sur,409
7213,A000273363,sept/05/2015 04:20 p. m.,14,h,Caida Ocupante,sept/05/2015 04:20 p. m.,1,2,1,1,1,Carrera 55 X Calle 87 Sur,140
7214,A00000682,ago/30/2015 12:10 p. m.,12,h,Atropello,ago/30/2015 12:10 p. m.,1,1,1,1,1,Carrera 51 X Calle 96 Sur,409
7245,A000273405,sept/22/2015 09:20 p. m.,14,h,Choque,sept/22/2015 09:20 p. m.,1,1,1,1,1,Carrera 50 X Calle 80 Sur,143
7246,A000273398,sept/18/2015 04:10 p. m.,19,d,Choque,sept/18/2015 04:10 p. m.,1,1,1,1,1,Carrera 60 X Calle 77 Sur,143
7247,A000273360,sept/03/2015 08:20 a. m.,2,d,Choque,sept/03/2015 08:20 a. m.,1,1,1,1,1,Carrera 48B X Calle 99 Sur,143
7248,A000273396,sept/17/2015 06:20 a. m.,23,d,Choque,sept/17/2015 06:20 a. m.,1,2,1,1,1,Calle 78A Sur X Carrera 82A,143
7249,A000273408,sept/24/2015 10:00 a. m.,1,h,Atropello,sept/24/2015 10:00 a. m.,1,1,1,1,1,Carrera 61 X Calle 79 Sur,409
7250,A000273400,sept/19/2015 02:20 p. m.,1,d,Choque,sept/19/2015 02:20 p. m.,1,1,1,1,1,Carrera 54 X Calle 75B Sur,143
7251,A000273411,sept/23/2015 09:40 p. m.,3,h,Choque,sept/23/2015 09:40 p. m.,1,1,1,1,1,Carrera 50 X Calle 91 Sur,143
7374,A000331242,nov/02/2015 11:00 a. m.,2,h,Choque,nov/02/2015 11:00 a. m.,1,1,1,1,1,Carrera 50 X Calle 100B Sur,140
7431,A000331274,nov/14/2015 03:10 p. m.,4,h,Choque,nov/14/2015 03:10 p. m.,1,2,1,1,1,Carrera 48 X Calle 79C Sur,143
7432,A000331272,nov/13/2015 12:20 p. m.,15,d,Choque,nov/13/2015 12:20 p. m.,1,1,1,1,1,Carrera 63 X Calle 74 Sur,143
7433,A000331271,nov/13/2015 02:30 p. m.,3,h,Choque,nov/13/2015 02:30 p. m.,1,1,1,1,1,Carrera 50 X Calle 80 Sur,143
7481,A000331337,dic/09/2015 04:10 p. m.,25,h,Caida Ocupante,dic/09/2015 04:10 p. m.,1,1,1,1,1,Carrera 56 X Calle 83 Sur,140
7482,A000331322,nov/29/2015 07:50 a. m.,4,h,Choque,nov/29/2015 07:50 a. m.,1,2,1,1,1,Carrera 48 X Calle 100 Sur,143
7483,A000331330,dic/05/2015 10:00 p. m.,2,h,Choque,dic/05/2015 10:00 p. m.,1,2,1,1,1,Carrera 48 X Calle 94 Sur,143
7484,A000331336,dic/09/2015 07:23 p. m.,2,d,Choque,dic/09/2015 07:23 p. m.,1,1,1,1,1,Calle 100 Sur X Carrera 50,143
7512,A000331354,dic/13/2015 10:30 a. m.,13,h,Choque,dic/13/2015 10:30 a. m.,1,2,1,1,1,Carrera 50 X Calle 98 Sur,143
7513,A000331360,dic/16/2015 04:10 p. m.,4,d,Choque,dic/16/2015 04:10 p. m.,1,2,1,1,1,Carrera 48 X Calle 101 Sur,140
7514,A000331328,dic/06/2015 11:30 a. m.,1,d,Choque,dic/06/2015 11:30 a. m.,1,1,1,1,1,Calle 80 Sur X Carrera 60,143
7515,A000331343,dic/11/2015 11:20 a. m.,3,d,Choque,dic/11/2015 11:20 a. m.,1,2,1,1,1,Carrera 50 X Calle 79 Sur,143
7516,A000331359,dic/17/2015 10:30 p. m.,16,h,Choque,dic/17/2015 10:30 p. m.,1,1,1,1,1,Calle 83 Sur X Carrera 55B,143
7517,A000331358,dic/15/2015 08:20 p. m.,3,h,Choque,dic/15/2015 08:20 p. m.,1,2,1,1,1,Carrera 50 X Calle 79C Sur,143
7525,A000331364,dic/20/2015 11:40 p. m.,3,h,Atropello,dic/20/2015 11:40 p. m.,1,1,1,1,1,Carrera 50 X Calle 83 Sur,409
7526,A000331366,dic/20/2015 01:20 p. m.,2,h,Choque,dic/20/2015 01:20 p. m.,1,1,1,1,1,Carrera 50 X Calle 100C Sur,143
7527,A000331362,dic/15/2015 07:00 a. m.,18,h,Caida Ocupante,dic/15/2015 07:00 a. m.,1,2,1,1,1,Carrera 50 X Calle 77 Sur,143
7528,A00001007,dic/19/2015 04:00 p. m.,15,d,Choque,dic/19/2015 04:00 p. m.,1,1,1,1,1,Carrera 62A X Calle 75B Sur,143
7529,A00001012,dic/21/2015 07:30 a. m.,4,h,Otro,dic/21/2015 07:30 a. m.,1,2,1,1,1,Carrera 48 X Calle 98A Sur,140
7530,A000331363,dic/17/2015 09:50 p. m.,6,h,Caida Ocupante,dic/17/2015 09:50 p. m.,1,1,1,1,1,Carrera 55 X Calle 80 Sur,140
7531,A000331371,dic/19/2015 08:15 p. m.,1,h,Atropello,dic/19/2015 08:15 p. m.,1,1,1,1,1,Carrera 60 X Calle 79 Sur,409
7532,A000331372,dic/22/2015 11:10 p. m.,2,h,Caida Ocupante,dic/22/2015 11:10 p. m.,1,2,1,1,1,Carrera 50 X Calle 98 Sur,140
7548,A000331389,dic/28/2015 12:10 p. m.,3,d,Choque,dic/28/2015 12:10 p. m.,1,2,1,1,1,Carrera 50 X Calle 79 Sur,143
7549,A00001031,dic/28/2015 04:00 p. m.,3,h,Choque,dic/28/2015 04:00 p. m.,1,1,1,2,1,Carrera 50 X Calle 89 Sur,143
7550,A000331388,dic/27/2015 01:00 p. m.,2,h,Caida Ocupante,dic/27/2015 01:00 p. m.,1,1,1,1,1,Calle 100B Sur X Carrera 48,140
7560,A000331399,ene/05/2016 07:15 a. m.,3,h,Choque,ene/05/2016 07:15 a. m.,1,2,1,1,1,Carrera 50 X Calle 97 Sur,143
7628,A000419336,ene/29/2016 05:30 p. m.,3,h,Caida Ocupante,ene/29/2016 05:30 p. m.,1,1,1,1,1,Carrera 50 X Calle 100 Sur,140
7629,A000419326,ene/28/2016 07:35 p. m.,19,h,Choque,ene/28/2016 07:35 p. m.,1,1,1,1,1,Calle 75B Sur X Carrera 56D,143
7630,A000419340,ene/31/2016 01:10 p. m.,14,h,Choque,ene/31/2016 01:10 p. m.,1,1,1,1,1,Carrera 55 X Calle 83 Sur,143
7631,A000419339,ene/30/2016 05:05 p. m.,16,h,Choque,ene/30/2016 05:05 p. m.,1,1,1,1,1,Calle 83C Sur X Carrera 55,143
7632,A000069,ene/28/2016 11:30 a. m.,2,h,Atropello,ene/28/2016 11:30 a. m.,1,1,1,1,1,Carrera 50 X Calle 106 Sur,409
7654,A000419358,feb/06/2016 02:20 p. m.,4,h,Caida Ocupante,feb/06/2016 02:20 p. m.,1,2,1,1,1,Carrera 48 X Calle 101 Sur,140
8037,A000421045,jun/05/2016 03:00 p. m.,3,h,Caida Ocupante,jun/05/2016 03:00 p. m.,1,1,1,1,1,Carrera 50 X Calle 98 Sur,140
8038,A000421049,jun/04/2016 12:10 p. m.,3,h,Caida Ocupante,jun/04/2016 12:10 p. m.,1,1,1,1,1,Carrera 50 X Calle 92B Sur,140
8044,A000421054,jun/07/2016 06:20 a. m.,2,h,Caida Ocupante,jun/07/2016 06:20 a. m.,1,1,1,1,1,Carrera 50 X Calle 100 Sur,140
8045,A000421056,jun/08/2016 07:30 a. m.,14,h,Caida Ocupante,jun/08/2016 07:30 a. m.,1,1,1,1,1,Carrera 55 X Calle 87 Sur,140
8046,A000421057,jun/08/2016 06:20 p. m.,3,h,Choque,jun/08/2016 06:20 p. m.,1,1,1,1,1,Carrera 50 X Calle 97 Sur,143
8047,A000421058,jun/08/2016 05:50 p. m.,24,d,Choque,jun/08/2016 05:50 p. m.,1,1,1,1,1,Carrera 65 X Calle 86 Sur,143
8048,A000421070,jun/13/2016 05:40 p. m.,2,h,Atropello,jun/13/2016 05:40 p. m.,1,2,1,1,1,Carrera 50 X Calle 97 Sur,409
8049,A000421062,jun/08/2016 06:50 p. m.,3,h,Caida Ocupante,jun/08/2016 06:50 p. m.,1,1,1,1,1,Carrera 50 X Calle 96 Sur,140
8050,A000421063,jun/09/2016 05:55 p. m.,3,h,Atropello,jun/09/2016 05:55 p. m.,1,1,1,1,1,Carrera 50 X Calle 97 Sur,409
8051,A000421064,jun/07/2016 08:45 a. m.,4,h,Caida Ocupante,jun/07/2016 08:45 a. m.,1,1,1,1,1,Carrera 48 X Calle 48 Sur,140
8052,A000421065,jun/09/2016 02:45 p. m.,1,h,Caida Ocupante,jun/09/2016 02:45 p. m.,1,1,1,1,1,Carrera 61 X Calle 81 Sur,140
8053,A000421067,jun/11/2016 10:40 p. m.,3,h,Caida Ocupante,jun/11/2016 10:40 p. m.,1,1,1,1,1,Carrera 50 X Calle 80 Sur,140
8054,A000421066,jun/10/2016 03:10 p. m.,3,d,Choque,jun/10/2016 03:10 p. m.,1,1,1,1,1,Carrera 50 X Calle 98 Sur,143
8055,A000421059,jun/08/2016 06:10 p. m.,4,d,Choque,jun/08/2016 06:10 p. m.,1,1,1,1,1,Carrera 48 X Calle 79C Sur,143
8056,A000421060,jun/11/2016 08:20 p. m.,19,d,Choque,jun/11/2016 08:20 p. m.,1,1,1,1,1,Carrera 60 X Calle 77 Sur,143
8057,A000421068,jun/12/2016 02:40 p. m.,17,d,Choque,jun/12/2016 02:40 p. m.,1,1,1,2,1,Calle 80 Sur X Carrera 55A,143
8058,A000421061,jun/08/2016 05:30 p. m.,24,d,Choque,jun/08/2016 05:30 p. m.,1,1,1,1,1,Carrera 62 X Calle 83A Sur,143
8061,A000421072,jun/13/2016 05:40 p. m.,4,h,Choque,jun/13/2016 05:40 p. m.,1,1,1,1,1,Carrera 48 X Calle 98 Sur,143
7919,A000420902,abr/17/2016 05:05 a. m.,3,h,Choque,abr/17/2016 05:05 a. m.,1,1,1,1,1,Carrera 50 X Calle 89 Sur,143
7920,A000420914,abr/19/2016 08:20 a. m.,3,d,Choque,abr/19/2016 08:20 a. m.,1,1,1,1,1,Carrera 50 X Calle 78 Sur,143
7921,A000420941,abr/29/2016 05:50 a. m.,3,h,Caida Ocupante,abr/29/2016 05:50 a. m.,1,2,1,1,1,Calle 80 Sur X Carrera 50,140
7922,A000420942,may/02/2016 05:50 p. m.,15,h,Caida Ocupante,may/02/2016 05:50 p. m.,1,1,1,1,1,Calle 73 Sur X Carrera 63,140
7923,A000420945,may/03/2016 12:30 p. m.,1,h,Atropello,may/03/2016 12:30 p. m.,1,1,1,1,1,Calle 81 Sur X Carrera 59,409
7927,A000420959,may/07/2016 06:20 p. m.,23,h,Otro,may/07/2016 06:20 p. m.,1,2,1,1,1,Carrera 53 X Calle 79 Sur,143
7928,A000420960,may/09/2016 08:00 p. m.,23,h,Atropello,may/09/2016 08:00 p. m.,1,2,1,1,1,Carrera 55 Sur X Calle 79 Sur,409
7940,A000420967,may/10/2016 01:15 p. m.,3,d,Choque,may/10/2016 01:15 p. m.,1,2,1,1,1,Carrera 50 X Calle 97A Sur,143
7941,A000420983,may/15/2016 03:00 p. m.,15,h,Choque,may/15/2016 03:00 p. m.,1,1,1,1,1,Calle 77 Sur X Carrera 60,143
7951,A000420968,may/11/2016 02:00 p. m.,1,d,Choque,may/11/2016 02:00 p. m.,1,1,1,1,1,Calle 80 Sur X Carrera 60,143
7958,A000420980,may/15/2016 03:25 p. m.,3,d,Choque,may/15/2016 03:25 p. m.,1,2,1,1,1,Carrera 50 X Calle 98 Sur,143
7959,A000420981,may/15/2016 02:30 p. m.,19,h,Caida Ocupante,may/15/2016 02:30 p. m.,1,1,1,1,1,Calle 77 Sur X Carrera 55,140
7973,A000420988,may/16/2016 10:00 a. m.,3,h,Choque,may/16/2016 10:00 a. m.,1,1,1,1,1,Carrera 50 X Calle 79 Sur,143
7974,A000420946,may/04/2016 02:30 p. m.,2,h,Choque,may/04/2016 02:30 p. m.,1,1,1,1,1,Carrera 50 X Calle 100 Sur,143
7975,A000420987,may/18/2016 07:10 a. m.,23,d,Choque,may/18/2016 07:10 a. m.,1,2,1,1,1,Calle 79C Sur X Carrera 55,143
8010,A000421033,may/31/2016 12:00 p. m.,23,d,Choque,may/31/2016 12:00 p. m.,1,1,1,1,1,Carrera 52 X Calle 79 Sur,143
8011,A000421039,jun/01/2016 01:40 p. m.,19,d,Choque,jun/01/2016 01:40 p. m.,1,1,1,2,1,Carrera 62 X Calle 77 Sur,143
8012,A000421019,may/25/2016 02:40 p. m.,18,d,Choque,may/25/2016 02:40 p. m.,1,1,1,2,1,Carrera 50D X Calle 77 Sur,143
8013,A000421021,may/25/2016 04:50 p. m.,4,d,Choque,may/25/2016 04:50 p. m.,1,2,1,2,1,Carrera 48 X Calle 100 Sur,143
8014,A000421026,may/27/2016 08:00 a. m.,14,h,Caida Ocupante,may/27/2016 08:00 a. m.,1,1,1,1,1,Carrera 55 X Calle 83 Sur,140
8015,A000421031,may/28/2016 02:40 a. m.,16,h,Caida Ocupante,may/28/2016 02:40 a. m.,1,1,1,1,1,Calle 83 Sur X Carrera 56,140
8016,A000421025,may/26/2016 11:00 p. m.,4,m,Choque,may/26/2016 11:00 p. m.,1,2,1,1,1,Carrera 48 X Calle 98A Sur,143
8040,A000421048,jun/03/2016 07:34 a. m.,24,h,Atropello,jun/03/2016 07:34 a. m.,1,1,1,1,1,Carrera 62 X Calle 83 Sur,409
8041,A000421051,jun/02/2016 07:40 a. m.,27,h,Atropello,jun/02/2016 07:40 a. m.,1,1,1,1,1,Carrera 54 X Calle 75AB Sur,409
8042,A000421052,jun/03/2016 05:30 p. m.,2,d,Choque,jun/03/2016 05:30 p. m.,1,1,1,1,1,Carrera 48B X Calle 99 Sur,143
8059,A000421080,jun/15/2016 04:00 p. m.,4,h,Choque,jun/15/2016 04:00 p. m.,1,1,1,1,1,Carrera 48 X Calle 100 Sur,143
8060,A000421071,jun/13/2016 07:45 a. m.,24,d,Choque,jun/13/2016 07:45 a. m.,1,1,1,1,1,Carrera 62 X Calle 83A Sur,143
8063,A000421073,jun/13/2016 10:27 a. m.,19,h,Choque,jun/13/2016 10:27 a. m.,1,1,1,2,1,Calle 77 Sur X Carrera 59,143
8064,A00000503,jun/11/2016 07:45 p. m.,15,h,Choque,jun/11/2016 07:45 p. m.,1,1,1,1,1,Calle 76 Sur X Carrera 61,143
8065,A000421078,jun/13/2016 01:55 p. m.,4,d,Choque,jun/13/2016 01:55 p. m.,1,2,1,1,1,Carrera 48 X Calle 100 Sur,143
8066,A000421074,jun/13/2016 08:30 a. m.,8,h,Choque,jun/13/2016 08:30 a. m.,1,1,1,1,1,Carrera 55 X Calle 77 Sur,143
8067,A000421075,jun/13/2016 01:00 p. m.,4,h,Caida Ocupante,jun/13/2016 01:00 p. m.,1,2,1,1,1,Carrera 48 X Calle 98 Sur,140
8068,A000421076,jun/14/2016 07:55 a. m.,3,h,Choque,jun/14/2016 07:55 a. m.,1,2,1,1,1,Carrera 50 X Calle 83 Sur,143
8069,A000421077,jun/13/2016 05:40 p. m.,2,h,Caida Ocupante,jun/13/2016 05:40 p. m.,1,1,1,1,1,Carrera 50 X Calle 97B Sur,140
8070,A000421055,jun/08/2016 11:00 a. m.,1,d,Choque,jun/08/2016 11:00 a. m.,1,1,1,1,1,Carrera 50 X Calle 79 Sur,143
8160,A000458987,jul/15/2016 12:00 p. m.,2,h,Caida Ocupante,jul/15/2016 12:00 p. m.,1,1,1,1,1,Carrera 50 X Calle 97A Sur,140
8161,A000458988,jul/17/2016 05:10 a. m.,3,d,Choque,jul/17/2016 05:10 a. m.,1,1,1,1,1,Carrera 50 X Calle 79 Sur,143
8162,A000458989,jul/18/2016 10:30 p. m.,15,h,Caida Ocupante,jul/18/2016 10:30 p. m.,1,1,1,1,1,Calle 77 Sur X Carrera 62,140
8163,A00000609,jul/17/2016 10:30 a. m.,19,d,Choque,jul/17/2016 10:30 a. m.,1,1,1,1,1,Calle 77 Sur X Carrera 62A,143
8164,A000458985,jul/13/2016 05:20 p. m.,20,d,Choque,jul/13/2016 05:20 p. m.,1,1,1,1,1,Calle 81 Sur X Carrera 64,143
8165,A000458986,jul/13/2016 03:20 p. m.,19,h,Caida Ocupante,jul/13/2016 03:20 p. m.,1,1,1,1,1,Calle 77 Sur X Carrera 60,506
8182,A000458977,jul/09/2016 02:10 p. m.,2,h,Caida Ocupante,jul/09/2016 02:10 p. m.,1,1,1,1,1,Carrera 48 X Calle 100B Sur,140