NRO_RADICADO,NUMERO_EXPEDIENTE,FECHA_ACCIDENTE,ID_ZONA,GRAVEDAD,DESC_CLASE_ACCIDENTE,HORA_ACCIDENTE,AREA,SECTOR,ZONA,DISENO,ESTADO_TIEMPO,VIA_ACCID,POSIBLE_CAUSA
7577,A000331410,ene/13/2016 10:00 a. m.,9,d,Choque,ene/13/2016 10:00 a. m.,1,1,1,1,1,Calle 74 Sur X Carrera 63,143
7578,A000331411,ene/13/2016 05:40 a. m.,3,h,Choque,ene/13/2016 05:40 a. m.,1,2,1,1,1,Carrera 50 X Calle 80 Sur,143
7615,A0000051,ene/23/2016 08:00 p. m.,13,h,Choque,ene/23/2016 08:00 p. m.,1,2,1,1,1,Carrera 50 X Calle 97A Sur,143
7616,A0000052,ene/23/2016 03:40 p. m.,23,h,Choque,ene/23/2016 03:40 p. m.,1,1,1,1,1,Carrera 52 X Calle 79 Sur,143
7617,A000419321,ene/26/2016 06:30 p. m.,18,h,Choque,ene/26/2016 06:30 p. m.,1,1,1,2,1,Carrera 52 X Calle 75 Sur,143
7618,A000419320,ene/26/2016 06:30 a. m.,4,h,Caida Ocupante,ene/26/2016 06:30 a. m.,1,1,1,1,1,Carrera 48 X Calle 101 Sur,140
7619,A000419323,ene/27/2016 02:00 p. m.,15,h,Atropello,ene/27/2016 02:00 p. m.,1,1,1,1,1,Carrera 62A X Calle 74 Sur,409
7620,A000419319,ene/25/2016 01:30 p. m.,23,d,Choque,ene/25/2016 01:30 p. m.,1,1,1,1,1,Carrera 54 X Calle 79 Sur,143
7621,A000331438,ene/22/2016 11:25 a. m.,11,h,Choque,ene/22/2016 11:25 a. m.,1,1,1,1,1,Calle 81 Sur X Carrera 65,143
7622,A000331435,ene/22/2016 05:50 p. m.,13,h,Choque,ene/22/2016 05:50 p. m.,1,2,1,2,1,Carrera 50 X Calle 97 Sur,143
7623,A000419334,ene/30/2016 03:20 p. m.,14,h,Caida Ocupante,ene/30/2016 03:20 p. m.,1,1,1,1,1,Carrera 50 X Calle 89 Sur,140
7624,A000419337,ene/31/2016 05:30 a. m.,23,h,Caida Ocupante,ene/31/2016 05:30 a. m.,1,1,1,1,1,Carrera 55 X Calle 79B Sur,140
7625,A000419325,ene/28/2016 08:00 a. m.,2,h,Caida Ocupante,ene/28/2016 08:00 a. m.,1,1,1,1,1,Carrera 50 X Calle 101 Sur,140
7626,A000080,ene/30/2016 06:50 p. m.,3,h,Otro,ene/30/2016 06:50 p. m.,1,1,1,1,1,Carrera 50 X Calle 95 Sur,143
7770,A000419439,mar/09/2016 03:00 p. m.,2,h,Choque,mar/09/2016 03:00 p. m.,1,1,1,1,1,Carrera 48 X Calle 98A Sur,143
7771,A000419451,mar/13/2016 09:40 p. m.,3,h,Choque,mar/13/2016 09:40 p. m.,1,1,1,1,1,Carrera 50 X Calle 94 Sur,143
7772,A000419450,mar/12/2016 10:10 p. m.,1,h,Caida Ocupante,mar/12/2016 10:10 p. m.,1,1,1,1,1,Carrera 60 X Calle 80 Sur,140
7773,A000419452,mar/13/2016 09:40 p. m.,2,h,Caida Ocupante,mar/13/2016 09:40 p. m.,1,1,1,1,1,Carrera 50 X Calle 97 Sur,140
7774,A000419459,mar/13/2016 08:20 a. m.,14,h,Caida Ocupante,mar/13/2016 08:20 a. m.,1,2,1,1,1,Carrera 50 X Calle 83 Sur,140
7775,A000419449,mar/10/2016 06:40 p. m.,5,h,Choque,mar/10/2016 06:40 p. m.,1,1,1,1,1,Carrera 55 X Calle 90 Sur,143
7776,A000419455,mar/14/2016 02:20 p. m.,3,d,Choque,mar/14/2016 02:20 p. m.,1,2,1,1,1,Carrera 50 X Calle 78 Sur,143
7777,A000419456,mar/10/2016 04:50 p. m.,4,d,Choque,mar/10/2016 04:50 p. m.,1,2,1,1,1,Carrera 50 X Calle 79C Sur,143
7778,A000419454,mar/14/2016 07:00 a. m.,3,d,Choque,mar/14/2016 07:00 a. m.,1,2,1,1,1,Carrera 50 X Calle 79B Sur,143
7779,A000419453,mar/13/2016 01:15 p. m.,20,d,Choque,mar/13/2016 01:15 p. m.,1,1,1,1,1,Carrera 63 X Calle 83A Sur,143
7780,A000419457,mar/11/2016 12:15 p. m.,1,d,Choque,mar/11/2016 12:15 p. m.,1,1,1,1,1,Carrera 59 X Calle 81 Sur,143
7781,A000419458,mar/14/2016 09:50 a. m.,4,d,Choque,mar/14/2016 09:50 a. m.,1,2,1,1,1,Carrera 50 X Calle 79C Sur,143
7782,A000419460,mar/15/2016 07:50 a. m.,23,h,Choque,mar/15/2016 07:50 a. m.,1,1,1,1,1,Carrera 53B X Calle 79C Sur,143
7814,A000419476,mar/18/2016 05:14 a. m.,15,d,Choque,mar/18/2016 05:14 a. m.,1,1,1,1,1,Carrera 62A X Calle 76 Sur,143
7815,A000419489,mar/28/2016 07:15 a. m.,4,d,Choque,mar/28/2016 07:15 a. m.,1,2,1,1,1,Carrera 48 X Calle 101 Sur,143
7816,A000419477,mar/19/2016 09:30 a. m.,9,h,Choque,mar/19/2016 09:30 a. m.,1,1,1,1,1,Calle 74 Sur X Carrera 56,143
7817,A000419478,mar/14/2016 12:10 p. m.,4,d,Choque,mar/14/2016 12:10 p. m.,1,2,1,1,1,Carrera 48 X Calle 98 Sur,143
7818,A000419490,mar/28/2016 05:20 p. m.,4,d,Choque,mar/28/2016 05:20 p. m.,1,1,1,1,1,Carrera 48 X Calle 79C Sur,143
8324,A00000769,sept/09/2016 01:00 p. m.,27,d,Choque,sept/09/2016 01:00 p. m.,1,1,1,1,1,Carrera 54 X Calle 75AA Sur,143
8325,A00000766,sept/11/2016 08:10 p. m.,4,h,Choque,sept/11/2016 08:10 p. m.,1,1,1,1,1,Carrera 50 X Calle 79C Sur,143
8326,A00000774,sept/13/2016 02:50 p. m.,2,d,Choque,sept/13/2016 02:50 p. m.,1,1,1,1,1,Calle 100 Sur X Carrera 49,143
8327,A00000770,sept/13/2016 10:10 p. m.,2,h,Caida Ocupante,sept/13/2016 10:10 p. m.,1,1,1,1,1,Carrera 48 X Calle 98A Sur,140
8328,A00000773,sept/14/2016 07:30 a. m.,5,h,Caida Ocupante,sept/14/2016 07:30 a. m.,1,1,1,1,1,Carrera 55 X Calle 90 Sur,140
8329,A00000763,sept/12/2016 04:40 a. m.,3,h,Choque,sept/12/2016 04:40 a. m.,1,1,1,2,1,Carrera 50 X Calle 79 Sur,143
8331,A00000780,sept/16/2016 08:20 a. m.,4,h,Caida Ocupante,sept/16/2016 08:20 a. m.,1,1,1,1,1,Carrera 48 Sur X Calle 100D Sur,140
8332,A00000767,sept/12/2016 12:40 p. m.,11,h,Choque,sept/12/2016 12:40 p. m.,1,1,1,1,1,Carrera 63 X Calle 73 Sur,143
8333,A00000768,sept/12/2016 10:05 a. m.,27,h,Choque,sept/12/2016 10:05 a. m.,1,1,1,1,1,Carrera 57 X Calle 74 Sur,143
8334,A00000772,sept/14/2016 07:20 a. m.,2,h,Caida Ocupante,sept/14/2016 07:20 a. m.,1,1,1,1,1,Carrera 50 X Calle 94 Sur,140
8335,A00000776,sept/10/2016 03:30 p. m.,2,d,Choque,sept/10/2016 03:30 p. m.,1,1,1,1,1,Carrera 48 X Calle 98 Sur,143
8336,A00000777,sept/14/2016 02:10 p. m.,3,h,Atropello,sept/14/2016 02:10 p. m.,1,1,1,1,1,Carrera 50 X Calle 76 Sur,409
8341,A00000778,sept/14/2016 06:00 p. m.,13,d,Choque,sept/14/2016 06:00 p. m.,1,1,1,1,1,Carrera 50 X Calle 98 Sur,143
8342,A00000782,sept/14/2016 11:10 a. m.,2,d,Choque,sept/14/2016 11:10 a. m.,1,1,1,1,1,Carrera 49D X Calle 99 Sur,143
8343,A00000784,sept/16/2016 08:50 p. m.,17,h,Choque,sept/16/2016 08:50 p. m.,1,1,1,1,1,Carrera 59 X Calle 80 Sur,143
8344,A00000787,sept/16/2016 03:30 p. m.,4,h,Caida Ocupante,sept/16/2016 03:30 p. m.,1,1,1,1,1,Carrera 48 X Calle 100D Sur,140
8345,A00000786,sept/16/2016 05:00 a. m.,4,h,Choque,sept/16/2016 05:00 a. m.,1,1,1,1,1,Carrera 48 X Calle 100 Sur,143
8346,A00000785,sept/15/2016 07:30 a. m.,4,h,Caida Ocupante,sept/15/2016 07:30 a. m.,1,1,1,1,1,Carrera 50 X Calle 88A Sur,140
8347,A00000788,sept/17/2016 06:00 p. m.,27,d,Choque,sept/17/2016 06:00 p. m.,1,1,1,1,1,Carrera 54 X Calle 75AA Sur,143
8348,A00000789,sept/16/2016 09:40 a. m.,19,d,Choque,sept/16/2016 09:40 a. m.,1,1,1,2,1,Carrera 60 X Calle 77 Sur,143
8349,A00000790,sept/17/2016 02:50 p. m.,27,d,Choque,sept/17/2016 02:50 p. m.,1,1,1,1,1,Carrera 54 X Calle 75AA Sur,143
8350,A00000794,sept/19/2016 09:30 p. m.,2,h,Atropello,sept/19/2016 09:30 p. m.,1,1,1,1,1,Carrera 48 X Calle 100 Sur,409
8353,A00000791,sept/18/2016 06:10 a. m.,17,d,Choque,sept/18/2016 06:10 a. m.,1,1,1,2,1,Calle 80 Sur X Carrera 55,143
8354,A00000792,sept/16/2016 07:00 a. m.,2,h,Choque,sept/16/2016 07:00 a. m.,1,1,1,1,1,Carrera 48 X Calle 98 Sur,143
8355,A00000796,sept/17/2016 03:00 p. m.,16,d,Choque,sept/17/2016 03:00 p. m.,1,1,1,1,1,Carrera 55 X Calle 80 Sur,143
8356,A00000798,sept/18/2016 10:40 p. m.,2,h,Caida Ocupante,sept/18/2016 10:40 p. m.,1,1,1,1,1,Carrera 48 X Calle 100D Sur,140
8357,A00000799,sept/19/2016 02:00 p. m.,3,h,Choque,sept/19/2016 02:00 p. m.,1,1,1,1,1,Carrera 50 X Calle 89 Sur,143
8358,A00000800,sept/19/2016 07:00 a. m.,13,h,Choque,sept/19/2016 07:00 a. m.,1,1,1,1,1,Carrera 50 X Calle 97B Sur,143
8359,A00000797,sept/18/2016 03:40 p. m.,7,d,Choque,sept/18/2016 03:40 p. m.,1,1,1,1,1,Carrera 56 X Calle 82A Sur,143
8360,A00000795,sept/15/2016 03:00 p. m.,2,h,Choque,sept/15/2016 03:00 p. m.,1,1,1,1,1,Carrera 48 X Calle 101 Sur,143
8361,A00000801,sept/16/2016 05:15 p. m.,19,h,Atropello,sept/16/2016 05:15 p. m.,1,1,1,1,1,Calle 77 Sur X Carrera 56D,409
8368,A000459032,ago/06/2016 01:10 a. m.,18,d,Choque,ago/06/2016 01:10 a. m.,1,1,1,1,1,Calle 78A Sur X Carrera 50F,143
8381,A00000817,sept/24/2016 09:35 p. m.,21,m,Atropello,sept/24/2016 09:35 p. m.,1,1,1,1,1,Calle 87 Sur X Carrera 65,409
8382,A00000820,sept/26/2016 07:30 a. m.,3,d,Choque,sept/26/2016 07:30 a. m.,1,1,1,1,1,Carrera 50 X Calle 79 Sur,143
8383,A00000819,sept/24/2016 04:00 p. m.,3,h,Caida Ocupante,sept/24/2016 04:00 p. m.,1,1,1,1,1,Carrera 50 X Calle 80 Sur,140
8675,A00001114,dic/22/2016 08:30 p. m.,19,h,Choque,dic/22/2016 08:30 p. m.,1,1,1,2,1,Carrera 54 X Calle 77 Sur,143
8676,A00001135,dic/28/2016 05:40 p. m.,3,d,Choque,dic/28/2016 05:40 p. m.,1,1,1,1,1,Carrera 50 X Calle 79C Sur,143
8677,A00001115,dic/22/2016 11:30 p. m.,11,d,Choque,dic/22/2016 11:30 p. m.,1,1,1,11,1,Carrera 66 X Calle 81 Sur,143
8678,A00001116,dic/22/2016 08:20 a. m.,15,d,Choque,dic/22/2016 08:20 a. m.,1,1,1,1,1,Carrera 63 X Calle 73 Sur,143
8679,A00001117,dic/24/2016 09:30 a. m.,3,d,Choque,dic/24/2016 09:30 a. m.,1,1,1,1,1,Carrera 50 X Calle 100C Sur,143
8680,A00001118,dic/24/2016 02:25 p. m.,15,d,Choque,dic/24/2016 02:25 p. m.,1,1,1,2,1,Carrera 62A X Calle 24A Sur,143
8681,A00001120,dic/25/2016 05:10 p. m.,3,h,Atropello,dic/25/2016 05:10 p. m.,1,1,1,1,1,Carrera 50 X Calle 79 Sur,143
8682,A00001121,dic/25/2016 06:50 a. m.,3,d,Choque,dic/25/2016 06:50 a. m.,1,1,1,1,1,Carrera 50 X Calle 79 Sur,143
8683,A00001122,dic/27/2016 11:30 p. m.,2,h,Choque,dic/27/2016 11:30 p. m.,1,1,1,2,1,Carrera 49 X Calle 100C Sur,143
8684,A00001123,dic/23/2016 01:20 p. m.,23,h,Otro,dic/23/2016 01:20 p. m.,1,1,1,1,1,Calle 80 Sur X Carrera 50,106
8697,A00001140,dic/29/2016 02:40 p. m.,3,h,Atropello,dic/29/2016 02:40 p. m.,1,1,1,1,1,Carrera 50 X Calle 77 Sur,409
8698,A00001141,dic/29/2016 06:00 p. m.,18,h,Caida Ocupante,dic/29/2016 06:00 p. m.,1,1,1,1,1,Calle 77 Sur X Carrera 53,140
8699,A00001142,dic/29/2016 05:00 p. m.,15,h,Caida Ocupante,dic/29/2016 05:00 p. m.,1,1,1,1,1,Carrera 62 X Calle 74 Sur,140
8700,A00001143,dic/29/2016 01:40 p. m.,11,d,Choque,dic/29/2016 01:40 p. m.,1,1,1,1,1,Calle 81 Sur X Carrera 64,143
8701,A00001144,dic/29/2016 05:50 a. m.,23,h,Caida Ocupante,dic/29/2016 05:50 a. m.,1,1,1,1,1,Carrera 54 X Calle 80 Sur,140
8702,A00001145,dic/30/2016 01:20 p. m.,4,h,Caida Ocupante,dic/30/2016 01:20 p. m.,1,1,1,1,1,Carrera 50 X Calle 79 Sur,140
8703,A00001146,dic/30/2016 01:00 p. m.,18,h,Caida Ocupante,dic/30/2016 01:00 p. m.,1,1,1,1,1,Calle 77 Sur X Carrera 52,140
8468,A00000914,oct/21/2016 11:30 p. m.,5,h,Caida Ocupante,oct/21/2016 11:30 p. m.,1,1,1,1,1,Calle 95 Sur X Carrera 55,140
8469,A0000915,oct/21/2016 07:00 p. m.,1,h,Caida Ocupante,oct/21/2016 07:00 p. m.,1,1,1,1,1,Calle 81 Sur X Carrera 60,140
8470,A00000916,oct/21/2016 09:10 p. m.,2,h,Caida Ocupante,oct/21/2016 09:10 p. m.,1,1,1,1,1,Carrera 50 X Calle 98 Sur,140
8472,A00000878,oct/13/2016 01:50 p. m.,19,h,Choque,oct/13/2016 01:50 p. m.,1,1,1,2,1,Carrera 54 X Calle 75B Sur,143
8473,A00000917,oct/23/2016 02:10 p. m.,1,h,Caida Ocupante,oct/23/2016 02:10 p. m.,1,1,1,1,1,Carrera 60 X Calle 80 Sur,140
8474,A00000901,oct/15/2016 03:00 p. m.,4,d,Choque,oct/15/2016 03:00 p. m.,1,1,1,1,1,Carrera 48 X Calle 99 Sur,143
8475,A00000897,oct/14/2016 06:10 p. m.,4,d,Choque,oct/14/2016 06:10 p. m.,1,1,1,1,1,Carrera 48 X Calle 98 Sur,143
8476,A00000918,oct/23/2016 06:40 p. m.,23,h,Caida Ocupante,oct/23/2016 06:40 p. m.,1,1,1,1,1,Carrera 55 X Calle 79 Sur,143
8477,A00000919,oct/21/2016 12:10 p. m.,3,h,Choque,oct/21/2016 12:10 p. m.,1,1,1,1,1,Carrera 50 X Calle 98A Sur,143
8478,A00000920,oct/22/2016 06:30 p. m.,3,h,Caida Ocupante,oct/22/2016 06:30 p. m.,1,1,1,1,1,Carrera 50 X Calle 98A Sur,140
8479,A00000921,oct/20/2016 09:20 a. m.,5,h,Caida Ocupante,oct/20/2016 09:20 a. m.,1,1,1,1,1,Carrera 55 X Calle 95 Sur,140
8480,A00000922,oct/21/2016 10:15 a. m.,17,h,Caida Ocupante,oct/21/2016 10:15 a. m.,1,1,1,1,1,Carrera 58 X Calle 80 Sur,140
8481,A00000923,oct/21/2016 09:30 a. m.,3,d,Choque,oct/21/2016 09:30 a. m.,1,1,1,1,1,Carrera 50 X Calle 79B Sur,143
8487,A00000941,oct/29/2016 02:10 p. m.,14,h,Choque,oct/29/2016 02:10 p. m.,1,1,1,2,1,Carrera 55 X Calle 83B Sur,143
8488,A00000948,oct/30/2016 02:00 a. m.,2,h,Atropello,oct/30/2016 02:00 a. m.,1,1,1,1,1,Carrera 48D X Calle 100B Sur,409
8489,A00000942,oct/29/2016 01:35 p. m.,18,h,Atropello,oct/29/2016 01:35 p. m.,1,1,1,1,1,Calle 77 Sur X Carrera 50A,409
8490,A00000925,oct/24/2016 10:00 a. m.,15,h,Caida Ocupante,oct/24/2016 10:00 a. m.,1,1,1,1,1,Carrera 60A X Calle 74 Sur,140
8491,A00000945,oct/31/2016 11:30 a. m.,16,d,Choque,oct/31/2016 11:30 a. m.,1,1,1,1,1,Calle 83B Sur X Carrera 59,143
8492,A00000926,oct/24/2016 09:00 a. m.,9,h,Choque,oct/24/2016 09:00 a. m.,1,1,1,1,1,Carrera 62 X Calle 75 Sur,143
8493,A000930,oct/26/2016 10:30 p. m.,1,d,Choque,oct/26/2016 10:30 p. m.,1,1,1,1,1,Carrera 61 X Calle 81 Sur,143
8494,A00000929,oct/26/2016 05:30 p. m.,3,h,Caida Ocupante,oct/26/2016 05:30 p. m.,1,1,1,1,1,Carrera 50 X Calle 80 Sur,140
8495,A00000931,oct/25/2016 01:45 p. m.,14,d,Choque,oct/25/2016 01:45 p. m.,1,1,1,1,1,Calle 87 Sur X Carrera 55,143
8496,A00000932,oct/25/2016 08:15 p. m.,2,h,Caida Ocupante,oct/25/2016 08:15 p. m.,1,1,1,1,1,Carrera 50 X Calle 102 Sur,140
8497,A00000933,oct/27/2016 07:10 p. m.,3,d,Choque,oct/27/2016 07:10 p. m.,1,1,1,1,1,Carrera 50 X Calle 77 Sur,143
8498,A00000934,oct/27/2016 09:00 a. m.,23,h,Caida Ocupante,oct/27/2016 09:00 a. m.,1,1,1,1,1,Carrera 54 X Calle 79 Sur,140
8499,A00000936,oct/27/2016 06:00 p. m.,16,h,Caida Ocupante,oct/27/2016 06:00 p. m.,1,1,1,1,1,Carrera 55 X Calle 80 Sur,140
8500,A00000937,oct/27/2016 05:00 p. m.,3,d,Choque,oct/27/2016 05:00 p. m.,1,1,1,1,1,Carrera 49 X Calle 100 Sur,143
8501,A00000938,oct/28/2016 07:10 p. m.,3,h,Caida Ocupante,oct/28/2016 07:10 p. m.,1,1,1,1,1,Carrera 50 X Calle 79C Sur,140
8502,A00000939,oct/28/2016 08:05 p. m.,1,d,Choque,oct/28/2016 08:05 p. m.,1,1,1,1,1,Calle 80 Sur X Carrera 61,143
8503,A00000940,oct/28/2016 07:00 a. m.,14,h,Caida Ocupante,oct/28/2016 07:00 a. m.,1,1,1,1,1,Carrera 55 X Calle 87 Sur,140
8506,A00000944,oct/29/2016 09:30 p. m.,2,h,Volcamiento,oct/29/2016 09:30 p. m.,1,1,1,1,1,Calle 100 Sur X Carrera 47,141
8507,A00000946,oct/31/2016 09:50 a. m.,19,d,Choque,oct/31/2016 09:50 a. m.,1,1,1,1,1,Calle 77 Sur X Carrera 57B,143
8508,A00000947,oct/31/2016 01:30 p. m.,19,d,Choque,oct/31/2016 01:30 p. m.,1,1,1,1,1,Calle 76 Sur X Carrera 56,143
8509,A00000949,oct/31/2016 03:00 p. m.,13,h,Choque,oct/31/2016 03:00 p. m.,1,1,1,1,1,Carrera 50 X Calle 97A Sur,143
8510,A00000950,oct/31/2016 07:45 p. m.,2,h,Atropello,oct/31/2016 07:45 p. m.,1,1,1,2,1,Carrera 50 X Calle 99 Sur,409
6763,A000213276,mar/05/2015 05:05 p. m.,1,h,Caida Ocupante,mar/05/2015 05:05 p. m.,1,1,1,1,1,Carrera 54 X Calle 75AB Sur,140
6764,A000213277,mar/06/2015 07:00 p. m.,1,h,Atropello,mar/06/2015 07:00 p. m.,1,1,1,1,1,Calle 80 Sur X Carrera 62,409
6765,A000213288,mar/10/2015 01:05 p. m.,1,h,Choque,mar/10/2015 01:05 p. m.,1,1,1,1,1,Carrera 50 X Calle 79 Sur,143
6766,A000213308,mar/18/2015 04:15 p. m.,1,h,Choque,mar/18/2015 04:15 p. m.,1,1,1,1,1,Carrera 62A X Calle 76 Sur,143
6767,A000213309,mar/18/2015 05:50 p. m.,1,h,Atropello,mar/18/2015 05:50 p. m.,1,1,1,1,1,Carrera 59 X Calle 82 Sur,409
6768,A000213327,mar/27/2015 01:20 p. m.,1,d,Choque,mar/27/2015 01:20 p. m.,1,1,1,1,1,Carrera 50 X Calle 79 Sur,143
6774,A000213367,abr/14/2015 05:30 p. m.,4,h,Choque,abr/14/2015 05:30 p. m.,1,2,1,1,1,Carrera 48 X Calle 98 Sur,143
6808,A000213438,may/12/2015 10:20 a. m.,4,d,Choque,may/12/2015 10:20 a. m.,1,1,1,2,1,Carrera 50 X Calle 79C Sur,143
6809,A000213443,may/14/2015 08:30 p. m.,23,h,Caida Ocupante,may/14/2015 08:30 p. m.,1,1,1,1,1,Calle 78 Sur X Carrera 52A,140
6811,A000213396,abr/27/2015 07:50 a. m.,7,h,Caida Ocupante,abr/27/2015 07:50 a. m.,1,1,1,1,1,Calle 83 Sur X Carrera 56,140
6812,A000213376,abr/21/2015 09:55 p. m.,3,h,Caida Ocupante,abr/21/2015 09:55 p. m.,1,1,1,1,1,Carrera 50 X Calle 91 Sur,140
6813,A000213444,may/14/2015 01:45 p. m.,19,d,Choque,may/14/2015 01:45 p. m.,1,1,1,1,1,Carrera 57 X Calle 76A Sur,143
6814,A000213377,abr/21/2015 07:00 p. m.,6,d,Choque,abr/21/2015 07:00 p. m.,1,1,1,1,1,Calle 80 Sur X Carrera 55,143
6818,A000213382,abr/22/2015 05:00 p. m.,14,h,Caida Ocupante,abr/22/2015 05:00 p. m.,1,1,1,1,1,Carrera 55 X Calle 87 Sur,140
6857,A0000375,may/22/2015 05:00 a. m.,2,m,Atropello,may/22/2015 05:00 a. m.,1,2,1,1,1,Carrera 48 X Calle 98A Sur,409
6858,A000213461,may/19/2015 02:45 p. m.,3,h,Caida Ocupante,may/19/2015 02:45 p. m.,1,1,1,1,1,Carrera 55 X Calle 95 Sur,140
6859,A000213400,abr/28/2015 06:40 a. m.,19,h,Caida Ocupante,abr/28/2015 06:40 a. m.,1,1,1,1,1,Calle 77 Sur X Carrera 56B,140
6860,A000213476,may/27/2015 03:15 p. m.,3,d,Choque,may/27/2015 03:15 p. m.,1,2,1,1,1,Calle 98 Sur X Carrera 50,143
6861,A000213478,may/28/2015 07:25 p. m.,4,h,Caida Ocupante,may/28/2015 07:25 p. m.,1,2,1,1,1,Carrera 48 X Calle 98 Sur,140
6862,A000213475,may/26/2015 01:00 p. m.,2,h,Caida Ocupante,may/26/2015 01:00 p. m.,1,2,1,1,1,Carrera 48 X Calle 100 Sur,140
6863,A000213485,may/30/2015 05:15 p. m.,2,h,Atropello,may/30/2015 05:15 p. m.,1,1,1,1,1,Carrera 50 X Calle 100 Sur,409
6864,A000213484,may/30/2015 01:00 p. m.,2,d,Choque,may/30/2015 01:00 p. m.,1,1,1,1,1,Carrera 50 X Calle 100B Sur,143
6537,A000025,ene/15/2015 05:10 p. m.,23,h,Choque,ene/15/2015 05:10 p. m.,1,1,1,1,1,Calle 75 Sur X Carrera 52,143
6549,A000161500,ene/17/2015 07:30 a. m.,4,h,Caida Ocupante,ene/17/2015 07:30 a. m.,1,1,1,1,1,Carrera 48 X Calle 98A Sur,140
6550,A000161501,ene/19/2015 08:25 p. m.,15,d,Choque,ene/19/2015 08:25 p. m.,1,1,1,1,1,Calle 76 Sur X Carrera 62,143
6551,A000161502,ene/19/2015 08:00 a. m.,4,h,Caida Ocupante,ene/19/2015 08:00 a. m.,1,1,1,1,1,Carrera 48 X Calle 105 Sur,140
6662,A000213278,mar/06/2015 11:40 p. m.,6,d,Choque,mar/06/2015 11:40 p. m.,1,1,1,1,1,Carrera 55 X Calle 80 Sur,140
6663,A000213279,mar/03/2015 10:00 a. m.,4,h,Caida Ocupante,mar/03/2015 10:00 a. m.,1,2,1,1,1,Carrera 48 X Calle 101 Sur,140
6664,A00000134,feb/23/2015 05:20 p. m.,3,h,Choque,feb/23/2015 05:20 p. m.,1,2,1,1,1,Carrera 50 X Calle 79 Sur,143
6665,A000213283,mar/10/2015 05:20 a. m.,3,d,Choque,mar/10/2015 05:20 a. m.,1,2,1,1,1,Carrera 50 X Calle 77 Sur,143
6666,A000213284,mar/10/2015 07:50 a. m.,25,h,Caida Ocupante,mar/10/2015 07:50 a. m.,1,1,1,1,1,Carrera 58 X Calle 80 Sur,140
6667,A00000166,mar/09/2015 03:40 p. m.,14,d,Choque,mar/09/2015 03:40 p. m.,1,1,1,1,1,Calle 87 Sur X Carrera 55,143
6668,A000213282,mar/09/2015 03:40 p. m.,3,h,Caida Ocupante,mar/09/2015 03:40 p. m.,1,2,1,1,1,Carrera 50 X Calle 78 Sur,140
6669,A000213281,mar/08/2015 06:50 p. m.,13,h,Caida Ocupante,mar/08/2015 06:50 p. m.,1,1,1,1,1,Carrera 50 X Calle 98A Sur,140
6670,A000213289,mar/11/2015 02:00 p. m.,14,h,Caida Ocupante,mar/11/2015 02:00 p. m.,1,1,1,1,1,Calle 84 Sur X Carrera 60,140
6671,A00000164,mar/08/2015 04:50 p. m.,14,d,Choque,mar/08/2015 04:50 p. m.,1,1,1,1,1,Carrera 60 X Calle 86 Sur,143
6786,A000213426,may/09/2015 01:40 p. m.,17,d,Choque,may/09/2015 01:40 p. m.,1,1,1,1,1,Calle 80 Sur X Carrera 57B,143
6787,A000213423,may/08/2015 05:30 p. m.,14,h,Caida Ocupante,may/08/2015 05:30 p. m.,1,1,1,1,1,Calle 87 Sur X Carrera 57,143
6797,A000213383,abr/23/2015 01:10 p. m.,4,h,Atropello,abr/23/2015 01:10 p. m.,1,2,1,1,1,Carrera 48 X Calle 98 Sur,409
6799,A000213386,abr/23/2015 11:50 a. m.,4,d,Choque,abr/23/2015 11:50 a. m.,1,1,1,1,1,Carrera 48 X Calle 79 Sur,143
6800,A000213387,abr/23/2015 11:10 a. m.,4,d,Choque,abr/23/2015 11:10 a. m.,1,2,1,1,1,Carrera 50 X Calle 79 Sur,143
6801,A000213388,abr/26/2015 03:10 p. m.,3,h,Caida Ocupante,abr/26/2015 03:10 p. m.,1,1,1,1,1,Calle 97 Sur X Carrera 50B,140
6802,A000213389,abr/24/2015 06:00 a. m.,4,h,Caida Ocupante,abr/24/2015 06:00 a. m.,1,2,1,1,1,Carrera 48 X Calle 100D Sur,140
6803,A000213390,abr/24/2015 03:10 p. m.,3,h,Caida Ocupante,abr/24/2015 03:10 p. m.,1,2,1,1,1,Carrera 50 X Calle 79 Sur,140
6804,A000213391,abr/24/2015 02:30 p. m.,23,h,Caida Ocupante,abr/24/2015 02:30 p. m.,1,1,1,1,1,Calle 77 Sur X Carrera 54,140
6805,A000213392,abr/20/2015 08:00 a. m.,3,h,Caida Ocupante,abr/20/2015 08:00 a. m.,1,1,1,1,1,Carrera 50 X Calle 80 Sur,140
6806,A000213394,abr/26/2015 09:50 p. m.,4,h,Caida Ocupante,abr/26/2015 09:50 p. m.,1,1,1,1,1,Carrera 48 X Calle 98A Sur,140
6807,A000213395,abr/27/2015 03:30 p. m.,5,d,Choque,abr/27/2015 03:30 p. m.,1,1,1,1,1,Calle 91 Sur X Carrera 55,143
6836,A000213437,may/12/2015 05:50 p. m.,4,h,Atropello,may/12/2015 05:50 p. m.,1,2,1,1,1,Carrera 48 X Calle 98A Sur,409
6837,A000213456,may/15/2015 04:50 p. m.,1,d,Otro,may/15/2015 04:50 p. m.,1,1,1,1,1,Calle 83A Sur X Carrera 60,140